dataset,query_id,gold_doc_ids,top_doc_ids,first_rel_rank,best_gold_rank_full
germanquad,q40369,c40369,c40369 | c36419 | c36423 | c36428 | c36538 | c36541 | c36548 | c36551 | c36553 | c36558,1.0,1
germanquad,q40370,c40369,c40369 | c40436 | c42112 | c36764 | c41188 | c38320 | c40504 | c41179 | c37884 | c41165,1.0,1
germanquad,q40366,c40369,c40369 | c38247 | c37208 | c37644 | c37353 | c41451 | c38202 | c38977 | c38791 | c37496,1.0,1
germanquad,q40367,c40369,c40369 | c37871 | c36419 | c36423 | c36428 | c36538 | c36541 | c36548 | c36551 | c36553,1.0,1
germanquad,q40368,c40369,c40369 | c40219 | c37361 | c40511 | c41527 | c41111 | c38045 | c41344 | c37886 | c36419,1.0,1
germanquad,q40372,c40372,c40372 | c37280 | c41304 | c36860 | c37256 | c36581 | c37688 | c36419 | c36423 | c36428,1.0,1
germanquad,q40373,c40372,c40372 | c37175 | c38146 | c36860 | c37280 | c41445 | c41465 | c40540 | c44008 | c41528,1.0,1
germanquad,q40374,c40372,c40372 | c37722 | c41369 | c45657 | c40540 | c36784 | c37195 | c38156 | c38131 | c36419,1.0,1
germanquad,q40375,c40372,c40372 | c37175 | c36611 | c37280 | c41445 | c41465 | c40540 | c41528 | c36581 | c38590,1.0,1
germanquad,q40376,c40376,c40376 | c38282 | c37365 | c37335 | c37385 | c37624 | c37618 | c36419 | c36423 | c36428,1.0,1
germanquad,q40377,c40376,c36606 | c40376 | c38141 | c36419 | c36423 | c36428 | c36538 | c36541 | c36548 | c36551,2.0,2
germanquad,q40378,c40376,c40376 | c36606 | c38141 | c40369 | c41391 | c41535 | c40462 | c38798 | c41382 | c44110,1.0,1
germanquad,q40379,c40376,c40376 | c36419 | c36423 | c36428 | c36538 | c36541 | c36548 | c36551 | c36553 | c36558,1.0,1
germanquad,q40436,c40436,c40436 | c45636 | c40395 | c41059 | c36419 | c36423 | c36428 | c36538 | c36541 | c36548,1.0,1
germanquad,q40437,c40436,c40436 | c45636 | c40395 | c41403 | c38297 | c41058 | c38045 | c37659 | c36974 | c40405,1.0,1
germanquad,q40477,c40477,c40477 | c38712 | c41468 | c38381 | c37084 | c40467 | c38762 | c36602 | c41279 | c44045,1.0,1
germanquad,q40479,c40477,c40477 | c40504 | c36724 | c41176 | c38712 | c38242 | c41277 | c38837 | c37644 | c37247,1.0,1
germanquad,q40481,c40477,c40477 | c40467 | c36602 | c41468 | c41279 | c38712 | c45624 | c38474 | c40223 | c45657,1.0,1
germanquad,q40482,c40477,c40477 | c42112 | c38712 | c40483 | c41037 | c41314 | c36764 | c38087 | c37379 | c37270,1.0,1
germanquad,q40487,c40477,c40477 | c40223 | c42095 | c38281 | c40467 | c36602 | c41468 | c41279 | c37106 | c38712,1.0,1
germanquad,q40488,c40477,c40477 | c40369 | c36718 | c41382 | c38307 | c41138 | c37403 | c41153 | c38284 | c42107,1.0,1
germanquad,q40489,c40477,c40477 | c37727 | c40395 | c38712 | c41177 | c40436 | c38798 | c41382 | c42112 | c36419,1.0,1
germanquad,q40490,c40477,c40477 | c38712 | c38125 | c37541 | c41555 | c45642 | c36781 | c36722 | c41584 | c41277,1.0,1
germanquad,q40491,c40477,c40477 | c44045 | c38180 | c36674 | c41584 | c38712 | c37210 | c36419 | c41594 | c38006,1.0,1
germanquad,q40492,c40477,c40395 | c40477 | c40369 | c38712 | c38087 | c40436 | c37509 | c36572 | c36688 | c37208,2.0,2
germanquad,q40493,c40477,c40477 | c36859 | c36853 | c37217 | c37346 | c41090 | c36419 | c36423 | c36428 | c36538,1.0,1
germanquad,q40498,c40498,c40498 | c38470 | c38806 | c41349 | c41037 | c37886 | c36642 | c41435 | c40223 | c37280,1.0,1
germanquad,q40499,c40498,c40498 | c38470 | c38806 | c41349 | c36642 | c41435 | c37886 | c37756 | c44123 | c41037,1.0,1
germanquad,q40500,c40498,c40498 | c38470 | c38806 | c36642 | c41349 | c37886 | c41536 | c44123 | c36803 | c41037,1.0,1
germanquad,q40501,c40498,c40498 | c38470 | c38806 | c41349 | c36642 | c37886 | c44123 | c41037 | c41435 | c41536,1.0,1
germanquad,q40502,c40498,c40498 | c38470 | c36642 | c41435 | c38806 | c37886 | c41349 | c37756 | c38122 | c44123,1.0,1
germanquad,q40503,c40498,c40498 | c38297 | c38552 | c41413 | c38233 | c37313 | c37502 | c38097 | c38194 | c45624,1.0,1
germanquad,q40511,c40511,c40511 | c38189 | c37502 | c41406 | c41267 | c38326 | c41160 | c41734 | c36733 | c40579,1.0,1
germanquad,q40506,c40511,c40511 | c37502 | c37055 | c36774 | c38297 | c40471 | c38156 | c38513 | c41489 | c37862,1.0,1
germanquad,q40507,c40511,c40511 | c37502 | c40520 | c38836 | c36724 | c38609 | c41465 | c41153 | c41386 | c36419,1.0,1
germanquad,q40509,c40511,c40511 | c37502 | c38469 | c41179 | c37569 | c42123 | c41105 | c38263 | c40315 | c41290,1.0,1
germanquad,q40510,c40511,c40511 | c42109 | c41556 | c41734 | c36419 | c36423 | c36428 | c36538 | c36541 | c36548,1.0,1
germanquad,q40535,c40535,c40535 | c36981 | c41606 | c36749 | c41296 | c36811 | c41356 | c37346 | c36727 | c41304,1.0,1
germanquad,q40536,c40535,c36811 | c40535 | c36758 | c38290 | c37099 | c41360 | c38467 | c41062 | c36419 | c36423,2.0,2
germanquad,q40540,c40540,c40540 | c41366 | c45624 | c38835 | c37502 | c38520 | c37517 | c38310 | c41555 | c36791,1.0,1
germanquad,q40541,c40540,c40540 | c38842 | c38835 | c38513 | c41528 | c38520 | c36581 | c41366 | c41304 | c41037,1.0,1
germanquad,q40542,c40540,c40540 | c38146 | c36860 | c41205 | c36541 | c36791 | c37348 | c37403 | c36581 | c40372,1.0,1
germanquad,q36767,c36767,c36767 | c38977 | c40405 | c41363 | c37711 | c41536 | c40223 | c40543 | c36419 | c36423,1.0,1
germanquad,q36768,c36767,c36767 | c40405 | c38977 | c37263 | c41363 | c37711 | c37389 | c41536 | c40223 | c40543,1.0,1
germanquad,q36789,c36789,c36789 | c38125 | c37018 | c41033 | c41734 | c40467 | c37495 | c42095 | c37777 | c41165,1.0,1
germanquad,q36790,c36789,c36789 | c38125 | c41033 | c41734 | c37495 | c40311 | c41540 | c42095 | c36423 | c37195,1.0,1
germanquad,q36798,c36789,c36789 | c41599 | c38125 | c36423 | c36688 | c44008 | c36769 | c41049 | c41033 | c41734,1.0,1
germanquad,q36799,c36789,c36789 | c38125 | c37018 | c41033 | c41734 | c40467 | c37667 | c37495 | c38977 | c40311,1.0,1
germanquad,q36800,c36789,c36789 | c38125 | c41033 | c41734 | c37495 | c37195 | c44008 | c41468 | c45264 | c41058,1.0,1
germanquad,q36801,c36789,c36789 | c41536 | c38125 | c36598 | c41540 | c41033 | c41734 | c37777 | c37495 | c42095,1.0,1
germanquad,q36802,c36789,c36789 | c38631 | c44019 | c38125 | c37398 | c38786 | c41734 | c36769 | c41599 | c36803,1.0,1
germanquad,q41037,c41037,c41037 | c41536 | c40315 | c37237 | c38601 | c38835 | c37886 | c37346 | c38073 | c36598,1.0,1
germanquad,q41044,c41037,c41037 | c38835 | c38073 | c37237 | c38601 | c38842 | c37886 | c37659 | c38560 | c41435,1.0,1
germanquad,q37175,c37175,c37175 | c37280 | c36762 | c40372 | c41465 | c41528 | c38590 | c38320 | c38478 | c41033,1.0,1
germanquad,q41049,c41049,c41049 | c41611 | c40436 | c41211 | c38475 | c41731 | c38141 | c37018 | c37247 | c37428,1.0,1
germanquad,q41047,c41049,c41049 | c41611 | c41211 | c37298 | c44008 | c38579 | c41517 | c41386 | c36419 | c36423,1.0,1
germanquad,q41051,c41049,c37680 | c38475 | c37018 | c37428 | c41611 | c41049 | c41161 | c41108 | c38552 | c38631,6.0,6
germanquad,q41052,c41049,c38475 | c41049 | c36816 | c41556 | c37018 | c37428 | c37055 | c40512 | c41599 | c41412,2.0,2
germanquad,q41053,c41049,c41049 | c41611 | c41211 | c37680 | c37361 | c44019 | c41517 | c38798 | c41349 | c41037,1.0,1
germanquad,q41054,c41049,c41049 | c36796 | c38475 | c41611 | c41211 | c37509 | c38077 | c37247 | c36688 | c41266,1.0,1
germanquad,q41055,c41049,c41049 | c41611 | c36769 | c41211 | c38520 | c36596 | c37322 | c37170 | c37192 | c36791,1.0,1
germanquad,q41056,c41056,c41056 | c37618 | c37426 | c37615 | c37357 | c37264 | c36860 | c37869 | c38206 | c36674,1.0,1
germanquad,q41046,c41056,c37357 | c37426 | c41056 | c37618 | c37615 | c40540 | c41606 | c41351 | c36419 | c36423,3.0,3
germanquad,q41057,c41056,c41056 | c37426 | c37618 | c37615 | c37099 | c37357 | c41239 | c41468 | c37756 | c36419,1.0,1
germanquad,q41067,c41067,c41067 | c41138 | c37210 | c41536 | c36718 | c37403 | c36758 | c41512 | c41366 | c37495,1.0,1
germanquad,q41105,c41105,c41105 | c41360 | c38210 | c36419 | c37361 | c45648 | c41059 | c37884 | c38060 | c41517,1.0,1
germanquad,q41107,c41105,c41360 | c41105 | c37175 | c41266 | c38060 | c36611 | c37520 | c40219 | c36419 | c37667,2.0,2
germanquad,q41111,c41111,c41111 | c38613 | c41401 | c37326 | c41447 | c37884 | c37390 | c36796 | c42095 | c41678,1.0,1
germanquad,q41115,c41115,c41115 | c40427 | c37208 | c37688 | c37502 | c41413 | c37084 | c37263 | c41153 | c37644,1.0,1
germanquad,q41116,c41115,c41115 | c38241 | c38480 | c41731 | c37495 | c42127 | c36727 | c41363 | c41067 | c38219,1.0,1
germanquad,q41117,c41115,c41115 | c38241 | c41489 | c38480 | c38712 | c37495 | c36767 | c41067 | c41205 | c37383,1.0,1
germanquad,q41118,c41115,c41115 | c38590 | c40397 | c44097 | c40219 | c38471 | c38628 | c41391 | c45642 | c37517,1.0,1
germanquad,q41119,c41119,c41119 | c38024 | c38712 | c45635 | c36767 | c41205 | c37383 | c36754 | c41296 | c37624,1.0,1
germanquad,q41122,c41119,c41119 | c38024 | c37624 | c45635 | c41296 | c41231 | c38712 | c37319 | c41527 | c41731,1.0,1
germanquad,q41123,c41119,c41119 | c45635 | c36572 | c41152 | c36611 | c37390 | c38219 | c38247 | c37208 | c36699,1.0,1
germanquad,q41124,c41119,c41119 | c37390 | c41404 | c41059 | c45635 | c37252 | c37541 | c37475 | c41056 | c38087,1.0,1
germanquad,q41133,c41133,c41133 | c41366 | c37871 | c41599 | c40411 | c37264 | c37324 | c40540 | c36736 | c38631,1.0,1
germanquad,q41134,c41133,c41133 | c41366 | c37871 | c36736 | c41599 | c40223 | c41067 | c36769 | c38791 | c38546,1.0,1
germanquad,q41135,c41133,c41133 | c41396 | c40223 | c36769 | c38791 | c38546 | c44038 | c37313 | c37495 | c40467,1.0,1
germanquad,q41136,c41133,c41133 | c41366 | c40223 | c41037 | c40483 | c37270 | c36769 | c37871 | c38791 | c37272,1.0,1
germanquad,q41137,c41133,c41133 | c41366 | c40223 | c40564 | c41108 | c41413 | c41200 | c37871 | c41478 | c36558,1.0,1
germanquad,q41131,c41133,c41133 | c40223 | c40236 | c40564 | c41108 | c41413 | c41478 | c40380 | c37869 | c37348,1.0,1
germanquad,q41132,c41133,c41133 | c41366 | c37871 | c36736 | c41599 | c40223 | c40411 | c41468 | c36769 | c38791,1.0,1
germanquad,q41186,c41186,c41186 | c40427 | c36728 | c36974 | c38816 | c37576 | c36794 | c41343 | c41153 | c36419,1.0,1
germanquad,q41187,c41186,c41186 | c36984 | c41144 | c38156 | c36423 | c37034 | c37330 | c44097 | c41351 | c38783,1.0,1
germanquad,q41192,c41192,c36704 | c40389 | c36674 | c41192 | c37862 | c41363 | c37192 | c36769 | c38798 | c36794,4.0,4
germanquad,q41205,c41205,c41205 | c40579 | c37379 | c36974 | c36538 | c37862 | c38131 | c37671 | c36847 | c41766,1.0,1
germanquad,q41202,c41205,c41205 | c37869 | c36762 | c36572 | c38545 | c38131 | c36548 | c40579 | c44026 | c38268,1.0,1
germanquad,q41203,c41205,c41205 | c38520 | c40579 | c37379 | c36847 | c41156 | c36538 | c37862 | c38469 | c41766,1.0,1
germanquad,q41204,c41205,c41205 | c40579 | c37379 | c36538 | c37862 | c36847 | c41766 | c38520 | c37389 | c37671,1.0,1
germanquad,q41211,c41211,c41611 | c41049 | c41211 | c38168 | c41517 | c37869 | c37280 | c38089 | c37777 | c36760,3.0,3
germanquad,q41214,c41211,c41611 | c41049 | c41211 | c41517 | c36419 | c36423 | c36428 | c36538 | c36541 | c36548,3.0,3
germanquad,q41213,c41211,c41211 | c41125 | c41142 | c41138 | c36764 | c36736 | c37268 | c42112 | c41179 | c37403,1.0,1
germanquad,q41215,c41211,c41211 | c41611 | c41049 | c37324 | c41142 | c37869 | c41144 | c38835 | c41056 | c41517,1.0,1
germanquad,q41219,c41219,c41219 | c44097 | c41364 | c36848 | c41594 | c41528 | c40520 | c38063 | c41206 | c45635,1.0,1
germanquad,q41220,c41219,c41219 | c44097 | c41364 | c36848 | c40372 | c36606 | c37099 | c41206 | c37034 | c41599,1.0,1
germanquad,q41221,c41219,c41219 | c44097 | c36848 | c41206 | c41364 | c37232 | c45635 | c41594 | c38063 | c42127,1.0,1
germanquad,q41222,c41219,c41219 | c44097 | c41364 | c36848 | c38063 | c42127 | c41382 | c41594 | c41067 | c41206,1.0,1
germanquad,q41223,c41219,c41219 | c44097 | c36848 | c37099 | c41206 | c37034 | c41599 | c36853 | c41401 | c41344,1.0,1
germanquad,q41224,c41219,c41219 | c44097 | c41364 | c36848 | c38131 | c37659 | c38293 | c38194 | c38798 | c37256,1.0,1
germanquad,q41225,c41225,c41225 | c41391 | c36419 | c36423 | c36428 | c36538 | c36541 | c36548 | c36551 | c36553,1.0,1
germanquad,q41226,c41225,c41225 | c41391 | c41138 | c37403 | c36704 | c37268 | c38310 | c38189 | c38836 | c41067,1.0,1
germanquad,q41228,c41225,c41225 | c41391 | c38141 | c37596 | c36853 | c41347 | c36974 | c40436 | c38480 | c37618,1.0,1
germanquad,q41229,c41225,c41225 | c41391 | c37263 | c37247 | c36749 | c42107 | c40315 | c37596 | c41309 | c36754,1.0,1
germanquad,q41227,c41225,c41225 | c41391 | c37263 | c37727 | c40537 | c37247 | c42107 | c40315 | c37596 | c38061,1.0,1
germanquad,q41230,c41225,c41225 | c41391 | c38141 | c37596 | c36853 | c41347 | c36974 | c40436 | c38480 | c37618,1.0,1
germanquad,q41279,c41279,c41279 | c40407 | c38281 | c40411 | c37407 | c37576 | c38791 | c38474 | c41468 | c36558,1.0,1
germanquad,q41280,c41279,c41279 | c44038 | c37298 | c38631 | c40407 | c42112 | c36419 | c36423 | c36428 | c36538,1.0,1
germanquad,q41282,c41279,c41279 | c44038 | c37298 | c38631 | c40407 | c42112 | c36419 | c36423 | c36428 | c36538,1.0,1
germanquad,q41283,c41279,c41279 | c41468 | c40407 | c37576 | c38281 | c37407 | c40411 | c38474 | c38006 | c44127,1.0,1
germanquad,q41284,c41279,c41279 | c38474 | c40411 | c40407 | c38281 | c37407 | c40532 | c37576 | c41468 | c41309,1.0,1
germanquad,q41285,c41279,c41279 | c41468 | c40407 | c38281 | c37407 | c37576 | c38474 | c38381 | c40411 | c41125,1.0,1
germanquad,q41288,c41279,c41279 | c40407 | c41125 | c38281 | c37407 | c40411 | c37576 | c37248 | c38474 | c41468,1.0,1
germanquad,q41290,c41290,c41290 | c36419 | c36423 | c36428 | c36538 | c36541 | c36548 | c36551 | c36553 | c36558,1.0,1
germanquad,q41291,c41290,c41290 | c37711 | c37268 | c36727 | c37659 | c41447 | c37878 | c37084 | c36419 | c36423,1.0,1
germanquad,q41292,c41290,c41290 | c36419 | c36423 | c36428 | c36538 | c36541 | c36548 | c36551 | c36553 | c36558,1.0,1
germanquad,q41293,c41290,c41290 | c37084 | c37403 | c40512 | c41512 | c41347 | c36727 | c37365 | c37270 | c37361,1.0,1
germanquad,q41294,c41290,c41290 | c37403 | c37270 | c37263 | c45653 | c41401 | c41192 | c38241 | c36709 | c40519,1.0,1
germanquad,q41295,c41290,c41290 | c41536 | c40380 | c41447 | c37035 | c38288 | c37247 | c41056 | c41152 | c41296,1.0,1
germanquad,q41296,c41296,c41296 | c41451 | c37680 | c36558 | c38247 | c36693 | c37520 | c37248 | c36847 | c37618,1.0,1
germanquad,q41297,c41296,c41296 | c37869 | c38837 | c36733 | c36981 | c37348 | c37100 | c40532 | c38513 | c36762,1.0,1
germanquad,q41299,c41296,c41296 | c37437 | c37869 | c41108 | c36733 | c36981 | c37348 | c37100 | c40532 | c38513,1.0,1
germanquad,q41301,c41296,c41296 | c41401 | c41394 | c36419 | c36423 | c36428 | c36538 | c36541 | c36548 | c36551,1.0,1
germanquad,q41349,c41349,c41349 | c38552 | c40520 | c37413 | c36538 | c40423 | c37346 | c40470 | c38305 | c36789,1.0,1
germanquad,q41350,c41349,c41349 | c38806 | c40498 | c38470 | c36642 | c37886 | c44123 | c37756 | c41435 | c38290,1.0,1
germanquad,q41364,c41364,c41364 | c41219 | c44097 | c37390 | c38073 | c38241 | c40504 | c36848 | c38293 | c41606,1.0,1
germanquad,q41366,c41366,c41366 | c37878 | c36594 | c40311 | c36572 | c41363 | c41266 | c41606 | c36847 | c38332,1.0,1
germanquad,q41367,c41366,c41366 | c37878 | c36594 | c36551 | c40311 | c44008 | c36572 | c41363 | c37192 | c36816,1.0,1
germanquad,q41368,c41366,c41366 | c37878 | c36594 | c38310 | c37502 | c41133 | c40311 | c38579 | c36572 | c38631,1.0,1
germanquad,q41369,c41369,c41369 | c37869 | c40236 | c41200 | c37348 | c38791 | c36591 | c37862 | c41144 | c41606,1.0,1
germanquad,q41370,c41369,c41369 | c37109 | c37862 | c37493 | c38049 | c38089 | c37348 | c41211 | c37106 | c40223,1.0,1
germanquad,q41371,c41369,c41369 | c37109 | c37446 | c38188 | c38513 | c37348 | c38006 | c40471 | c41500 | c41205,1.0,1
germanquad,q41372,c41369,c41369 | c38168 | c40471 | c38156 | c36784 | c38552 | c38073 | c37869 | c37280 | c38089,1.0,1
germanquad,q41373,c41369,c41369 | c40462 | c38188 | c36760 | c36419 | c41056 | c37618 | c37862 | c41080 | c41179,1.0,1
germanquad,q41374,c41369,c41369 | c36784 | c38146 | c41205 | c38842 | c40540 | c41235 | c37207 | c40537 | c41540,1.0,1
germanquad,q41375,c41369,c41369 | c36419 | c36423 | c36428 | c36538 | c36541 | c36548 | c36551 | c36553 | c36558,1.0,1
germanquad,q41376,c41369,c41369 | c40471 | c41322 | c38168 | c41037 | c37688 | c38806 | c41239 | c40504 | c40579,1.0,1
germanquad,q41377,c41369,c41369 | c40471 | c41322 | c38168 | c41037 | c37688 | c38806 | c41239 | c40504 | c40579,1.0,1
germanquad,q41378,c41369,c41369 | c38842 | c37493 | c37688 | c41062 | c41555 | c37208 | c41528 | c37248 | c37195,1.0,1
germanquad,q41379,c41369,c41369 | c37493 | c38842 | c36727 | c37442 | c38122 | c38816 | c45624 | c38188 | c40471,1.0,1
germanquad,q41380,c41369,c41369 | c41360 | c38060 | c36419 | c37667 | c41105 | c38210 | c41211 | c38168 | c37379,1.0,1
germanquad,q41391,c41391,c41391 | c37442 | c37256 | c44115 | c37175 | c36784 | c36419 | c37659 | c41205 | c36791,1.0,1
germanquad,q41392,c41391,c41391 | c40462 | c40369 | c36749 | c36638 | c41531 | c37727 | c41206 | c37722 | c37232,1.0,1
germanquad,q41393,c41391,c41391 | c41225 | c37365 | c41115 | c38131 | c41382 | c41186 | c37046 | c37671 | c37869,1.0,1
germanquad,q38513,c38513,c38513 | c40480 | c37192 | c37862 | c36794 | c41192 | c36704 | c36769 | c38156 | c38049,1.0,1
germanquad,q38514,c38513,c38513 | c40480 | c37862 | c41606 | c38168 | c38552 | c37413 | c38156 | c38073 | c41239,1.0,1
germanquad,q38515,c38513,c38513 | c40480 | c37493 | c36749 | c38842 | c41413 | c41404 | c41369 | c36638 | c37688,1.0,1
germanquad,q38516,c38513,c38513 | c40480 | c36553 | c41156 | c37862 | c41606 | c38168 | c38552 | c37413 | c38156,1.0,1
germanquad,q38517,c38513,c40480 | c38513 | c37247 | c42107 | c40315 | c37596 | c41555 | c44115 | c36722 | c37263,2.0,2
germanquad,q38518,c38513,c38842 | c37493 | c40480 | c38513 | c41555 | c41369 | c40471 | c37247 | c41062 | c41351,4.0,4
germanquad,q38519,c38513,c38513 | c44038 | c38314 | c36419 | c36423 | c36428 | c36538 | c36541 | c36548 | c36551,1.0,1
germanquad,q41413,c41413,c41413 | c36769 | c41404 | c37263 | c38122 | c44122 | c37247 | c38466 | c42107 | c40315,1.0,1
germanquad,q41415,c41413,c41413 | c36718 | c38520 | c37252 | c41153 | c36419 | c36423 | c36428 | c36538 | c36541,1.0,1
germanquad,q41417,c41413,c41413 | c36769 | c41404 | c38297 | c40405 | c41108 | c40224 | c38552 | c41363 | c41153,1.0,1
germanquad,q41419,c41413,c41413 | c41478 | c40372 | c40223 | c38314 | c41133 | c40564 | c41108 | c36638 | c40380,1.0,1
germanquad,q38624,c38624,c38624 | c36727 | c36729 | c36812 | c41296 | c37310 | c36541 | c37256 | c40397 | c41536,1.0,1
germanquad,q38625,c38624,c38624 | c37383 | c37034 | c41394 | c38247 | c37624 | c37319 | c36419 | c36423 | c36428,1.0,1
germanquad,q38626,c38624,c38624 | c38247 | c37383 | c41177 | c37319 | c41394 | c41451 | c37034 | c41171 | c37624,1.0,1
germanquad,q38627,c38624,c38247 | c38624 | c37034 | c37383 | c41394 | c37319 | c38268 | c37624 | c38469 | c41231,2.0,2
germanquad,q41435,c41435,c41435 | c37886 | c37756 | c38305 | c36803 | c44123 | c42123 | c40315 | c40477 | c38579,1.0,1
germanquad,q41436,c41435,c41435 | c37886 | c37756 | c41037 | c41349 | c44123 | c40315 | c37099 | c38305 | c38000,1.0,1
germanquad,q41437,c41435,c41435 | c44123 | c37756 | c37886 | c41322 | c41037 | c36642 | c41349 | c38478 | c38305,1.0,1
germanquad,q41438,c41435,c41435 | c37886 | c37756 | c41037 | c41349 | c44123 | c38305 | c40315 | c38000 | c41442,1.0,1
germanquad,q41439,c41435,c41435 | c37756 | c37886 | c41037 | c41349 | c44123 | c36693 | c38305 | c37248 | c36791,1.0,1
germanquad,q41440,c41435,c41435 | c37886 | c37756 | c44123 | c41037 | c41349 | c36642 | c38305 | c40315 | c38579,1.0,1
germanquad,q41441,c41435,c41435 | c37886 | c37756 | c38305 | c38609 | c41401 | c40315 | c38579 | c41349 | c41037,1.0,1
germanquad,q41448,c41448,c41448 | c37224 | c36699 | c40532 | c37493 | c37389 | c41517 | c37361 | c41290 | c41152,1.0,1
germanquad,q41449,c41448,c41448 | c37224 | c36699 | c38219 | c38290 | c37624 | c38180 | c41111 | c41363 | c36551,1.0,1
germanquad,q41531,c41531,c41531 | c45661 | c40395 | c38816 | c37084 | c37034 | c38842 | c37330 | c38467 | c37407,1.0,1
germanquad,q41532,c41531,c41531 | c45657 | c36602 | c41105 | c38307 | c38122 | c37256 | c41451 | c37099 | c36727,1.0,1
germanquad,q41536,c41536,c41536 | c41138 | c36754 | c38482 | c41347 | c38712 | c42112 | c40532 | c36767 | c37493,1.0,1
germanquad,q41537,c41536,c41536 | c37268 | c40397 | c38293 | c40380 | c41290 | c38097 | c36727 | c41512 | c37270,1.0,1
germanquad,q41538,c41536,c41536 | c36419 | c36423 | c36428 | c36538 | c36541 | c36548 | c36551 | c36553 | c36558,1.0,1
germanquad,q41539,c41536,c41536 | c37403 | c38305 | c36794 | c41413 | c41366 | c38024 | c37357 | c41138 | c40407,1.0,1
germanquad,q41540,c41540,c41033 | c38560 | c38263 | c41037 | c41540 | c41188 | c40532 | c36860 | c36553 | c38089,5.0,5
germanquad,q41541,c41540,c41540 | c41033 | c38263 | c41037 | c41188 | c40532 | c37237 | c36551 | c38560 | c36860,1.0,1
germanquad,q41542,c41540,c41540 | c41037 | c41033 | c38263 | c41188 | c38560 | c37207 | c36553 | c40532 | c37237,1.0,1
germanquad,q41543,c41540,c41037 | c41540 | c41033 | c38263 | c41188 | c38560 | c36553 | c40532 | c36860 | c38297,2.0,2
germanquad,q41599,c41599,c37264 | c41599 | c36572 | c37484 | c37722 | c37407 | c38122 | c41133 | c37170 | c40467,2.0,2
germanquad,q41600,c41599,c41599 | c40571 | c41523 | c37248 | c38475 | c38273 | c37298 | c40423 | c41108 | c40448,1.0,1
germanquad,q41601,c41599,c41599 | c37270 | c37407 | c37170 | c36736 | c40467 | c37379 | c41165 | c44038 | c40448,1.0,1
germanquad,q41602,c41599,c41599 | c36859 | c40571 | c41343 | c38273 | c41193 | c37192 | c38314 | c36769 | c38290,1.0,1
germanquad,q41603,c41599,c41599 | c36816 | c44038 | c38475 | c41556 | c41165 | c40411 | c37407 | c36796 | c37055,1.0,1
germanquad,q41604,c41599,c41599 | c38057 | c41363 | c41309 | c40311 | c36553 | c36558 | c37659 | c38478 | c41108,1.0,1
germanquad,q41606,c41606,c41606 | c38049 | c36674 | c37192 | c38305 | c37502 | c41435 | c36538 | c41205 | c38242,1.0,1
germanquad,q41607,c41606,c38049 | c41606 | c36674 | c37192 | c38305 | c38842 | c38089 | c41435 | c36538 | c41205,2.0,2
germanquad,q41608,c41606,c41606 | c38049 | c36674 | c41489 | c36724 | c41435 | c41205 | c44104 | c38180 | c37192,1.0,1
germanquad,q41609,c41606,c41606 | c38049 | c36674 | c38073 | c40504 | c36749 | c37192 | c38305 | c41206 | c36811,1.0,1
germanquad,q41610,c41606,c41606 | c38049 | c36674 | c37192 | c38305 | c41080 | c41435 | c38188 | c44045 | c36538,1.0,1
germanquad,q41611,c41611,c41611 | c41049 | c41211 | c37033 | c37365 | c37509 | c37498 | c37596 | c37484 | c41266,1.0,1
germanquad,q41613,c41611,c41611 | c41049 | c41211 | c40397 | c37348 | c37403 | c40411 | c41144 | c37777 | c36674,1.0,1
germanquad,q41614,c41611,c41611 | c41049 | c41211 | c38307 | c37498 | c41078 | c37209 | c37264 | c41349 | c37277,1.0,1
germanquad,q41615,c41611,c41611 | c41049 | c41211 | c41403 | c40540 | c36791 | c40407 | c41125 | c36541 | c41422,1.0,1
germanquad,q41616,c41611,c41611 | c41049 | c41211 | c41517 | c36419 | c36423 | c36428 | c36538 | c36541 | c36548,1.0,1
germanquad,q41617,c41611,c41611 | c41049 | c41211 | c37413 | c36541 | c37033 | c37365 | c37498 | c37346 | c40467,1.0,1
germanquad,q38628,c38628,c38628 | c41351 | c37195 | c36794 | c38242 | c38977 | c38240 | c36853 | c37624 | c38762,1.0,1
germanquad,q38629,c38628,c38628 | c37195 | c41351 | c38045 | c36794 | c45624 | c36558 | c38189 | c36733 | c37659,1.0,1
germanquad,q38630,c38628,c38628 | c37195 | c41351 | c36762 | c38835 | c41192 | c38537 | c38240 | c41556 | c45264,1.0,1
germanquad,q38546,c38546,c37282 | c41148 | c38546 | c38077 | c38842 | c38258 | c37727 | c37862 | c37596 | c40470,3.0,3
germanquad,q38550,c38546,c38546 | c40223 | c44127 | c38534 | c38478 | c38284 | c41517 | c41422 | c36581 | c36767,1.0,1
germanquad,q38973,c38546,c38546 | c41422 | c44127 | c38534 | c38478 | c38284 | c41517 | c37517 | c38467 | c40223,1.0,1
germanquad,q38060,c38060,c38060 | c38061 | c36538 | c41239 | c41125 | c40571 | c38242 | c44008 | c38837 | c41527,1.0,1
germanquad,q42109,c42109,c37175 | c42109 | c36760 | c37667 | c37018 | c37437 | c36704 | c38002 | c38233 | c36541,2.0,2
germanquad,q42110,c42109,c42109 | c37175 | c36760 | c36781 | c41188 | c38332 | c38381 | c38049 | c36611 | c38089,1.0,1
germanquad,q42111,c42109,c42109 | c37175 | c36760 | c41403 | c40537 | c37324 | c41339 | c41235 | c38381 | c41211,1.0,1
germanquad,q38177,c38177,c38177 | c36572 | c37252 | c38146 | c36784 | c36674 | c41059 | c36816 | c36752 | c38579,1.0,1
germanquad,q38206,c38206,c38206 | c37493 | c37484 | c41468 | c37237 | c38537 | c36803 | c38087 | c45648 | c41536,1.0,1
germanquad,q38207,c38206,c38206 | c37484 | c37493 | c37324 | c41468 | c37237 | c38537 | c45648 | c37338 | c44038,1.0,1
germanquad,q38251,c38251,c38251 | c36419 | c36423 | c36428 | c36538 | c36541 | c36548 | c36551 | c36553 | c36558,1.0,1
germanquad,q38252,c38251,c38251 | c38466 | c36551 | c41153 | c41119 | c40467 | c38568 | c40470 | c36848 | c37326,1.0,1
germanquad,q38253,c38251,c38251 | c36419 | c36423 | c36428 | c36538 | c36541 | c36548 | c36551 | c36553 | c36558,1.0,1
germanquad,q38255,c38251,c38251 | c41448 | c37493 | c38131 | c37731 | c38281 | c36860 | c38798 | c41766 | c37475,1.0,1
germanquad,q38256,c38251,c38251 | c38241 | c38712 | c36767 | c41205 | c37383 | c36754 | c41296 | c37624 | c38482,1.0,1
germanquad,q38293,c38293,c38293 | c38049 | c36419 | c38842 | c38089 | c38242 | c41606 | c36538 | c41413 | c37615,1.0,1
germanquad,q45264,c45264,c38273 | c45264 | c40571 | c37192 | c41386 | c37428 | c41205 | c41267 | c38057 | c36762,2.0,2
germanquad,q45268,c45264,c38273 | c45264 | c41267 | c40571 | c41386 | c37192 | c41205 | c41734 | c38057 | c38263,2.0,2
germanquad,q45276,c45264,c37428 | c41386 | c45264 | c38273 | c38712 | c37398 | c40571 | c44045 | c41205 | c38471,3.0,3
germanquad,q45278,c45264,c44045 | c37018 | c41386 | c40477 | c38273 | c38712 | c36784 | c37871 | c38077 | c36853,,14
germanquad,q45281,c45264,c38273 | c40571 | c45264 | c38057 | c37192 | c38282 | c41386 | c37428 | c41205 | c41267,3.0,3
germanquad,q45298,c45264,c41386 | c38273 | c40571 | c37407 | c41205 | c41267 | c41161 | c41144 | c45264 | c37498,9.0,9
germanquad,q45326,c45264,c45264 | c38273 | c40571 | c40512 | c37428 | c41169 | c38613 | c38057 | c41386 | c37192,1.0,1
germanquad,q45331,c45264,c45264 | c41386 | c38273 | c36981 | c37313 | c40571 | c41205 | c41267 | c38057 | c38227,1.0,1
germanquad,q45363,c45264,c45264 | c38273 | c37731 | c41386 | c38057 | c36724 | c40571 | c41125 | c37192 | c41160,1.0,1
germanquad,q45364,c45264,c38273 | c41386 | c40571 | c41205 | c41267 | c36784 | c45264 | c36419 | c36423 | c36428,7.0,7
germanquad,q45366,c45264,c38273 | c45264 | c40571 | c41267 | c37192 | c41386 | c37498 | c41205 | c36847 | c38057,2.0,2
germanquad,q45370,c45264,c38273 | c36774 | c37207 | c41211 | c41386 | c40571 | c38210 | c41205 | c41267 | c40532,,36
germanquad,q38712,c38712,c38712 | c37711 | c37379 | c38568 | c44016 | c36423 | c37722 | c41144 | c37016 | c41349,1.0,1
germanquad,q41626,c38712,c38712 | c37711 | c41611 | c38381 | c44115 | c40477 | c37379 | c37361 | c37357 | c44045,1.0,1
germanquad,q41627,c38712,c38712 | c37711 | c37379 | c38568 | c44016 | c36423 | c36767 | c41205 | c37383 | c36754,1.0,1
germanquad,q37224,c37224,c37224 | c36699 | c41448 | c37298 | c38219 | c40312 | c40423 | c41108 | c38122 | c41451,1.0,1
germanquad,q37225,c37224,c37224 | c36803 | c41448 | c36699 | c40369 | c40312 | c37671 | c36419 | c36423 | c36428,1.0,1
germanquad,q37226,c37224,c37224 | c41448 | c36699 | c41067 | c41133 | c40312 | c38002 | c37727 | c42127 | c36591,1.0,1
germanquad,q37383,c37383,c37383 | c41394 | c38624 | c38247 | c37034 | c40504 | c40380 | c37624 | c36642 | c36638,1.0,1
germanquad,q37388,c37383,c38624 | c37383 | c41394 | c38247 | c36638 | c37034 | c40504 | c40380 | c36728 | c37624,2.0,2
germanquad,q37370,c37383,c37383 | c38624 | c41394 | c38247 | c37034 | c40504 | c38590 | c37282 | c38268 | c40380,1.0,1
germanquad,q37372,c37383,c37383 | c41394 | c38624 | c38247 | c37034 | c36803 | c40504 | c40380 | c37624 | c36642,1.0,1
germanquad,q37373,c37383,c37383 | c38624 | c37034 | c41394 | c38247 | c38482 | c37624 | c41156 | c41058 | c37319,1.0,1
germanquad,q37375,c37383,c37383 | c41394 | c38624 | c38247 | c37034 | c40504 | c40380 | c37624 | c36642 | c36638,1.0,1
germanquad,q37377,c37383,c37383 | c38624 | c37034 | c41394 | c38247 | c40520 | c40511 | c37624 | c36754 | c44110,1.0,1
germanquad,q37520,c37520,c37520 | c41536 | c37407 | c36602 | c40477 | c41451 | c41611 | c37170 | c40467 | c37680,1.0,1
germanquad,q37521,c37520,c37520 | c38202 | c42095 | c41533 | c40411 | c40311 | c41468 | c41451 | c41279 | c37576,1.0,1
germanquad,q37522,c37520,c37520 | c40219 | c38202 | c36553 | c41309 | c41468 | c41067 | c40448 | c37106 | c41435,1.0,1
germanquad,q37523,c37520,c37520 | c37576 | c41496 | c38798 | c36791 | c37407 | c41594 | c37170 | c37209 | c40467,1.0,1
germanquad,q37524,c37520,c37520 | c40219 | c36553 | c37046 | c37361 | c36642 | c37502 | c41309 | c41067 | c40448,1.0,1
germanquad,q40571,c40571,c40571 | c38273 | c41386 | c36860 | c37217 | c38057 | c41205 | c41267 | c37298 | c40423,1.0,1
germanquad,q40572,c40571,c40571 | c38273 | c45264 | c37192 | c41386 | c37541 | c41277 | c41205 | c41267 | c38057,1.0,1
germanquad,q40573,c40571,c40571 | c38273 | c38057 | c41386 | c37192 | c45264 | c36814 | c38282 | c38601 | c41205,1.0,1
germanquad,q40574,c40571,c40571 | c38057 | c38273 | c45264 | c41386 | c37192 | c41205 | c36699 | c41267 | c38168,1.0,1
germanquad,q40576,c40571,c40571 | c38273 | c45264 | c38057 | c37871 | c38712 | c37192 | c41386 | c44045 | c41205,1.0,1
germanquad,q40575,c40571,c40571 | c38273 | c38057 | c41115 | c41386 | c36419 | c41401 | c38293 | c41205 | c41267,1.0,1
germanquad,q40577,c40571,c40571 | c37207 | c38168 | c41523 | c36796 | c36419 | c36423 | c36428 | c36538 | c36541,1.0,1
germanquad,q40578,c40571,c40571 | c38273 | c41267 | c45264 | c41351 | c41386 | c41205 | c41169 | c38282 | c36848,1.0,1
germanquad,q40570,c40571,c40571 | c38057 | c38273 | c41386 | c45264 | c37192 | c41205 | c41267 | c38168 | c36784,1.0,1
germanquad,q36674,c36674,c36674 | c40471 | c38293 | c38471 | c41412 | c41386 | c41406 | c41193 | c41343 | c38242,1.0,1
germanquad,q36676,c36674,c36674 | c38381 | c38049 | c41606 | c41343 | c37379 | c36423 | c42095 | c37106 | c36796,1.0,1
germanquad,q36679,c36674,c36674 | c38049 | c41606 | c36419 | c38219 | c37280 | c36762 | c41396 | c41369 | c41528,1.0,1
germanquad,q36680,c36674,c36674 | c36762 | c40512 | c40537 | c37346 | c38063 | c38125 | c41401 | c37282 | c41734,1.0,1
germanquad,q36681,c36674,c36674 | c38049 | c41366 | c41496 | c41606 | c38480 | c38258 | c38579 | c41599 | c38513,1.0,1
germanquad,q36683,c36674,c36674 | c38049 | c36602 | c41606 | c38835 | c38474 | c40467 | c40477 | c41468 | c41279,1.0,1
germanquad,q36686,c36674,c36674 | c36602 | c38049 | c41606 | c40467 | c40477 | c41468 | c41279 | c45624 | c37247,1.0,1
germanquad,q36690,c36674,c36674 | c40579 | c38049 | c41606 | c41153 | c38156 | c41422 | c38242 | c41382 | c40511,1.0,1
germanquad,q36691,c36674,c36674 | c38049 | c41606 | c38475 | c41197 | c36596 | c36693 | c38251 | c41533 | c38631,1.0,1
germanquad,q36697,c36674,c36674 | c38381 | c38049 | c41606 | c37106 | c38219 | c37495 | c41133 | c38297 | c41343,1.0,1
germanquad,q36698,c36674,c36674 | c38305 | c38049 | c41606 | c36752 | c40315 | c41309 | c37403 | c38478 | c40311,1.0,1
germanquad,q37192,c37192,c37192 | c40564 | c37393 | c38480 | c38568 | c38273 | c41277 | c41343 | c37055 | c40407,1.0,1
germanquad,q37196,c37192,c37192 | c36794 | c37055 | c37862 | c38513 | c41192 | c36704 | c38004 | c36769 | c38156,1.0,1
germanquad,q36706,c37192,c37192 | c37862 | c36794 | c38513 | c41192 | c36704 | c36769 | c38156 | c38049 | c41496,1.0,1
germanquad,q36707,c37192,c37192 | c37310 | c37659 | c36754 | c36760 | c37210 | c37529 | c38320 | c36428 | c41142,1.0,1
germanquad,q36708,c37192,c37192 | c38188 | c41339 | c36760 | c36981 | c36419 | c37569 | c38338 | c41369 | c38297,1.0,1
germanquad,q40579,c40579,c40579 | c40480 | c41078 | c36847 | c42109 | c41406 | c37346 | c40315 | c37569 | c37264,1.0,1
germanquad,q40580,c40579,c40579 | c37025 | c37777 | c36419 | c36423 | c36428 | c36538 | c36541 | c36548 | c36551,1.0,1
germanquad,q40581,c40579,c40579 | c40480 | c37018 | c37777 | c41078 | c36847 | c37428 | c45661 | c37016 | c41111,1.0,1
germanquad,q40582,c40579,c40579 | c36419 | c36423 | c36428 | c36538 | c36541 | c36548 | c36551 | c36553 | c36558,1.0,1
germanquad,q41024,c40579,c40579 | c41153 | c41468 | c41037 | c38156 | c40511 | c36674 | c37688 | c36769 | c40471,1.0,1
germanquad,q41025,c40579,c40579 | c40480 | c37282 | c41078 | c36847 | c41528 | c41314 | c41239 | c40498 | c42109,1.0,1
germanquad,q41026,c40579,c40579 | c41161 | c41611 | c36816 | c41531 | c37033 | c37509 | c38206 | c36752 | c41442,1.0,1
germanquad,q41027,c40579,c40579 | c38156 | c41474 | c36816 | c38613 | c37777 | c37109 | c38609 | c41144 | c37475,1.0,1
germanquad,q41028,c40579,c40579 | c41239 | c37268 | c41153 | c38568 | c45264 | c37322 | c38320 | c41186 | c38482,1.0,1
germanquad,q41029,c40579,c40579 | c41205 | c37379 | c36538 | c37862 | c41356 | c36847 | c41766 | c38520 | c37389,1.0,1
germanquad,q41031,c40579,c40579 | c41205 | c41766 | c37379 | c36538 | c37671 | c37862 | c36847 | c38520 | c38131,1.0,1
germanquad,q41032,c40579,c40579 | c41205 | c37379 | c36538 | c37862 | c36847 | c41766 | c37353 | c38520 | c37389,1.0,1
germanquad,q36428,c36428,c41058 | c41231 | c41235 | c36596 | c41540 | c38478 | c38835 | c36428 | c41413 | c38837,8.0,8
germanquad,q36429,c36428,c36428 | c41500 | c41192 | c37576 | c36974 | c44016 | c41090 | c36693 | c37393 | c38466,1.0,1
germanquad,q36430,c36428,c38077 | c36428 | c41049 | c42112 | c40483 | c41037 | c41314 | c36764 | c38087 | c37379,2.0,2
germanquad,q36431,c36428,c36428 | c42095 | c37379 | c44016 | c38290 | c36419 | c38057 | c41165 | c36602 | c37348,1.0,1
germanquad,q36432,c36428,c41401 | c36754 | c41451 | c41197 | c36722 | c37263 | c45624 | c37055 | c38077 | c41343,,13
germanquad,q36433,c36428,c38077 | c38087 | c37680 | c38762 | c38534 | c36428 | c42112 | c41314 | c37884 | c41165,6.0,6
germanquad,q36434,c36428,c36428 | c38467 | c38125 | c38004 | c38545 | c41142 | c38122 | c41678 | c38281 | c41138,1.0,1
germanquad,q36435,c36428,c36428 | c44016 | c36423 | c42095 | c36736 | c42112 | c37520 | c37871 | c38381 | c36419,1.0,1
germanquad,q36436,c36428,c36423 | c36428 | c42112 | c44016 | c38381 | c37003 | c40236 | c42095 | c38791 | c36419,2.0,2
germanquad,q36437,c36428,c37263 | c41225 | c36733 | c36767 | c44138 | c37365 | c36729 | c37326 | c38263 | c41413,,12
germanquad,q36438,c36428,c36428 | c37419 | c37407 | c45648 | c38188 | c38513 | c36848 | c38568 | c37884 | c41584,1.0,1
germanquad,q36439,c36428,c37324 | c36428 | c36419 | c36423 | c36538 | c36541 | c36548 | c36551 | c36553 | c36558,2.0,2
germanquad,q36440,c36428,c36428 | c37324 | c37569 | c36419 | c36423 | c36538 | c36541 | c36548 | c36551 | c36553,1.0,1
germanquad,q36441,c36428,c40467 | c41142 | c36428 | c41133 | c41678 | c36811 | c37484 | c38482 | c37884 | c41396,3.0,3
germanquad,q36442,c36428,c36428 | c36602 | c41138 | c40467 | c36541 | c36704 | c36789 | c37185 | c41105 | c38836,1.0,1
germanquad,q36443,c36428,c36428 | c37324 | c37871 | c38037 | c41156 | c38478 | c40311 | c37348 | c38546 | c37313,1.0,1
germanquad,q36444,c36428,c36428 | c38242 | c41058 | c45661 | c40369 | c38077 | c41279 | c37558 | c38045 | c44097,1.0,1
germanquad,q37210,c37210,c38545 | c37210 | c37496 | c41138 | c38002 | c38000 | c38290 | c38568 | c41594 | c37248,2.0,2
germanquad,q37213,c37210,c37210 | c37496 | c38545 | c44045 | c36853 | c36811 | c41396 | c41517 | c37208 | c37389,1.0,1
germanquad,q37214,c37210,c37210 | c37496 | c38545 | c36984 | c38568 | c40512 | c41205 | c37392 | c40389 | c38281,1.0,1
germanquad,q37215,c37210,c37210 | c38545 | c37496 | c38783 | c44138 | c41555 | c45636 | c37727 | c37655 | c37227,1.0,1
germanquad,q37216,c37210,c37210 | c37496 | c38545 | c37280 | c38471 | c36722 | c41445 | c41153 | c42107 | c36548,1.0,1
germanquad,q37232,c37232,c37232 | c36638 | c37175 | c38293 | c41396 | c40389 | c41512 | c41304 | c37270 | c41406,1.0,1
germanquad,q37233,c37232,c37232 | c36638 | c37175 | c41304 | c38156 | c36419 | c36423 | c36428 | c36538 | c36541,1.0,1
germanquad,q37234,c37232,c37232 | c36638 | c37175 | c38332 | c38156 | c38553 | c41090 | c41594 | c41396 | c41304,1.0,1
germanquad,q37235,c37232,c37232 | c36638 | c37175 | c36848 | c41304 | c37428 | c38156 | c40315 | c41403 | c41219,1.0,1
germanquad,q37365,c37365,c38189 | c37722 | c36974 | c37033 | c37365 | c36781 | c41290 | c38560 | c38332 | c41160,5.0,5
germanquad,q37366,c37365,c37033 | c37365 | c38189 | c37722 | c36974 | c36781 | c41290 | c41386 | c36419 | c36423,2.0,2
germanquad,q37367,c37365,c37365 | c36419 | c36423 | c36428 | c36538 | c36541 | c36548 | c36551 | c36553 | c36558,1.0,1
germanquad,q37368,c37365,c38202 | c37365 | c37442 | c36419 | c36423 | c36428 | c36538 | c36541 | c36548 | c36551,2.0,2
germanquad,q37529,c37529,c37529 | c37659 | c38063 | c41188 | c41037 | c37237 | c38601 | c38835 | c44026 | c37192,1.0,1
germanquad,q37530,c37529,c37529 | c38073 | c41037 | c37237 | c38601 | c38835 | c36794 | c37659 | c38560 | c36541,1.0,1
germanquad,q37531,c37529,c37529 | c38073 | c38045 | c41037 | c37237 | c38601 | c38835 | c44008 | c37659 | c38560,1.0,1
germanquad,q37537,c37529,c37529 | c41037 | c37237 | c38601 | c38835 | c38073 | c37659 | c38560 | c36548 | c37109,1.0,1
germanquad,q37539,c37529,c37529 | c38063 | c41219 | c44097 | c41594 | c41382 | c41037 | c37237 | c38601 | c38835,1.0,1
germanquad,q37596,c37596,c37596 | c36419 | c36423 | c36428 | c36538 | c36541 | c36548 | c36551 | c36553 | c36558,1.0,1
germanquad,q37598,c37596,c37596 | c37209 | c37353 | c37264 | c37217 | c42107 | c36762 | c36781 | c40389 | c41606,1.0,1
germanquad,q37777,c37777,c37777 | c37018 | c41125 | c41169 | c38290 | c38488 | c40224 | c37385 | c37346 | c40579,1.0,1
germanquad,q37778,c37777,c37777 | c37018 | c37428 | c40579 | c36816 | c36762 | c37495 | c41144 | c41160 | c37580,1.0,1
germanquad,q37779,c37777,c37777 | c37018 | c41540 | c37014 | c36423 | c40380 | c41403 | c38537 | c40579 | c36784,1.0,1
germanquad,q37780,c37777,c37777 | c37018 | c41125 | c41169 | c38624 | c37596 | c37346 | c38247 | c44008 | c37264,1.0,1
germanquad,q37781,c37777,c37777 | c41169 | c37018 | c41125 | c37346 | c37185 | c38624 | c37596 | c38247 | c38194,1.0,1
germanquad,q37787,c37777,c37777 | c37018 | c38146 | c40498 | c37046 | c41366 | c37475 | c37313 | c37055 | c36572,1.0,1
germanquad,q37789,c37777,c37777 | c37018 | c37348 | c44019 | c44008 | c36541 | c36791 | c37403 | c40540 | c38786,1.0,1
germanquad,q37794,c37777,c37777 | c37389 | c41517 | c40532 | c36704 | c36553 | c37493 | c41343 | c36816 | c37195,1.0,1
germanquad,q38344,c38344,c38344 | c41160 | c37442 | c41156 | c38094 | c41206 | c37731 | c36551 | c41555 | c38189,1.0,1
germanquad,q38345,c38344,c38344 | c41160 | c41169 | c36419 | c36423 | c36428 | c36538 | c36541 | c36548 | c36551,1.0,1
germanquad,q38346,c38344,c38344 | c41347 | c41279 | c38263 | c41211 | c37389 | c37884 | c37247 | c37248 | c40467,1.0,1
germanquad,q38347,c38344,c38344 | c41478 | c42095 | c37576 | c36709 | c41160 | c38601 | c36665 | c37446 | c38568,1.0,1
germanquad,q38545,c38545,c38545 | c37210 | c37208 | c37084 | c37185 | c45264 | c36419 | c36423 | c36428 | c36538,1.0,1
germanquad,q38547,c38545,c38545 | c44115 | c37210 | c37084 | c37208 | c45653 | c44138 | c36794 | c36572 | c37203,1.0,1
germanquad,q38548,c38545,c38545 | c44138 | c41266 | c36572 | c37203 | c41606 | c37496 | c41366 | c41277 | c41193,1.0,1
germanquad,q38549,c38545,c38545 | c37210 | c37496 | c38332 | c36811 | c40376 | c37034 | c37237 | c41382 | c37383,1.0,1
germanquad,q38560,c38560,c38560 | c41594 | c37256 | c41523 | c40579 | c37671 | c41090 | c38977 | c41037 | c37365,1.0,1
germanquad,q38561,c38560,c38560 | c40480 | c38305 | c38073 | c40579 | c36728 | c37659 | c38601 | c44019 | c41062,1.0,1
germanquad,q38563,c38560,c38560 | c40480 | c41406 | c37407 | c37046 | c41474 | c37659 | c38601 | c41382 | c37298,1.0,1
germanquad,q38564,c38560,c38560 | c37659 | c37322 | c38601 | c40579 | c38037 | c38194 | c38297 | c36428 | c41356,1.0,1
germanquad,q38565,c38560,c38560 | c37659 | c38835 | c41148 | c37322 | c38601 | c38293 | c41404 | c37731 | c41512,1.0,1
germanquad,q38566,c38560,c38560 | c38077 | c38762 | c41037 | c37237 | c38601 | c38835 | c38073 | c37659 | c37529,1.0,1
germanquad,q38567,c38560,c38560 | c41239 | c41474 | c41119 | c38281 | c37488 | c37419 | c36811 | c42112 | c36642,1.0,1
germanquad,q41033,c41033,c41033 | c40520 | c38263 | c41037 | c41540 | c41188 | c36781 | c45657 | c38560 | c37722,1.0,1
germanquad,q41034,c41033,c41033 | c40520 | c38263 | c41037 | c41540 | c41188 | c41193 | c40405 | c38470 | c40498,1.0,1
germanquad,q41040,c41033,c41033 | c40520 | c38263 | c41037 | c41540 | c41188 | c38560 | c36553 | c36419 | c36423,1.0,1
germanquad,q41041,c41033,c41033 | c41037 | c41188 | c40520 | c38263 | c38560 | c41540 | c37237 | c36860 | c36847,1.0,1
germanquad,q41042,c41033,c41033 | c38263 | c41037 | c41540 | c41188 | c36553 | c38560 | c40520 | c41205 | c40579,1.0,1
germanquad,q41043,c41033,c41033 | c38263 | c41037 | c41540 | c41188 | c38560 | c36553 | c36419 | c36423 | c36428,1.0,1
germanquad,q41045,c41033,c41033 | c38601 | c38263 | c41037 | c41540 | c41188 | c37659 | c38310 | c38560 | c37580,1.0,1
germanquad,q41090,c41090,c41090 | c36718 | c38310 | c38712 | c41138 | c41347 | c36754 | c41594 | c41512 | c36749,1.0,1
germanquad,q41091,c41090,c41090 | c41594 | c36718 | c36848 | c38332 | c36749 | c37484 | c41528 | c38712 | c37203,1.0,1
germanquad,q41093,c41090,c41090 | c38553 | c41594 | c37014 | c38332 | c38471 | c41206 | c40376 | c40312 | c42107,1.0,1
germanquad,q41092,c41090,c41594 | c38332 | c41090 | c41535 | c37035 | c40395 | c36749 | c37484 | c41528 | c38141,3.0,3
germanquad,q41094,c41090,c41090 | c41594 | c38332 | c36749 | c41277 | c37541 | c37484 | c41528 | c41225 | c38141,1.0,1
germanquad,q41095,c41090,c41090 | c38063 | c44138 | c40504 | c40427 | c38332 | c36749 | c41351 | c41382 | c38006,1.0,1
germanquad,q41096,c41090,c41594 | c36718 | c37393 | c41090 | c41448 | c37392 | c38783 | c41535 | c38480 | c41347,4.0,4
germanquad,q41097,c41090,c41090 | c41594 | c36749 | c37484 | c41528 | c38141 | c41138 | c37210 | c41536 | c41382,1.0,1
germanquad,q41098,c41090,c41090 | c36749 | c38482 | c44019 | c38087 | c37272 | c37488 | c36423 | c38122 | c41766,1.0,1
germanquad,q41099,c41090,c36749 | c41090 | c40405 | c40224 | c41363 | c37495 | c38122 | c40315 | c41279 | c41403,2.0,2
germanquad,q41100,c41090,c41090 | c41594 | c38125 | c40477 | c38332 | c40467 | c36749 | c40389 | c37484 | c41528,1.0,1
germanquad,q41101,c41090,c41090 | c38545 | c41360 | c36728 | c38310 | c36848 | c36749 | c37237 | c36699 | c45624,1.0,1
germanquad,q41102,c41090,c36749 | c41090 | c41489 | c38332 | c41594 | c37484 | c41528 | c38141 | c38263 | c37035,2.0,2
germanquad,q41103,c41090,c41090 | c38545 | c41360 | c36728 | c36749 | c36699 | c41734 | c36419 | c36423 | c36428,1.0,1
germanquad,q41104,c41090,c36718 | c37407 | c36848 | c41594 | c41090 | c45648 | c41584 | c38006 | c41535 | c38188,5.0,5
germanquad,q41216,c41090,c41090 | c37326 | c36749 | c38284 | c41161 | c37185 | c45624 | c36419 | c36423 | c36428,1.0,1
germanquad,q41217,c41090,c41090 | c41177 | c37195 | c37361 | c38180 | c41555 | c41366 | c44019 | c37475 | c38284,1.0,1
germanquad,q41218,c41090,c41090 | c36718 | c41594 | c40467 | c36428 | c36758 | c37203 | c37484 | c41611 | c38087,1.0,1
germanquad,q41239,c41239,c41239 | c36538 | c41160 | c41343 | c36674 | c36419 | c36423 | c36428 | c36541 | c36548,1.0,1
germanquad,q41240,c41239,c41239 | c36538 | c40511 | c41153 | c41160 | c36674 | c38156 | c37055 | c37203 | c41133,1.0,1
germanquad,q41251,c41239,c41239 | c41205 | c36974 | c45624 | c38297 | c37517 | c38310 | c41555 | c36791 | c38210,1.0,1
germanquad,q41256,c41239,c41239 | c41205 | c36538 | c38297 | c38842 | c38057 | c36594 | c36974 | c40372 | c41160,1.0,1
germanquad,q41261,c41239,c41239 | c36538 | c41160 | c41474 | c36729 | c41059 | c37319 | c38320 | c37488 | c38478,1.0,1
germanquad,q41309,c41309,c41309 | c36665 | c38631 | c38077 | c45642 | c41356 | c37428 | c38284 | c38478 | c37224,1.0,1
germanquad,q41310,c41309,c41309 | c36665 | c38631 | c41356 | c37428 | c40483 | c41037 | c41314 | c36541 | c36764,1.0,1
germanquad,q41311,c41309,c41309 | c36541 | c36665 | c37407 | c38631 | c37520 | c41356 | c36642 | c36553 | c36859,1.0,1
germanquad,q41312,c41309,c41309 | c36665 | c38631 | c37033 | c41356 | c36553 | c37428 | c37270 | c41067 | c40448,1.0,1
germanquad,q41343,c41343,c41343 | c41339 | c36541 | c36764 | c40537 | c41555 | c37517 | c40511 | c41148 | c37389,1.0,1
germanquad,q41342,c41343,c41343 | c38628 | c38177 | c41267 | c37207 | c37264 | c38240 | c38307 | c37541 | c41058,1.0,1
germanquad,q41410,c41343,c41343 | c38791 | c38381 | c37185 | c37106 | c41108 | c38783 | c38004 | c36572 | c37217,1.0,1
germanquad,q41411,c41343,c41343 | c38783 | c41366 | c38006 | c41165 | c38097 | c40411 | c36419 | c36423 | c36428,1.0,1
germanquad,q41414,c41343,c37711 | c36558 | c41343 | c36704 | c38077 | c41401 | c40423 | c37403 | c38478 | c38628,3.0,3
germanquad,q41418,c41343,c41343 | c41161 | c37495 | c37379 | c37346 | c37428 | c36553 | c41138 | c38381 | c41108,1.0,1
germanquad,q41421,c41343,c41343 | c41412 | c38180 | c38471 | c41386 | c41193 | c36538 | c41239 | c38293 | c41766,1.0,1
germanquad,q41489,c41489,c36774 | c37502 | c41606 | c38513 | c40471 | c38156 | c37055 | c37862 | c38297 | c40511,,11
germanquad,q41490,c41489,c41489 | c38842 | c37055 | c37862 | c41413 | c36774 | c38297 | c38089 | c40511 | c37192,1.0,1
germanquad,q41491,c41489,c41489 | c38049 | c37055 | c36774 | c38297 | c37280 | c40471 | c40511 | c38156 | c38513,1.0,1
germanquad,q41492,c41489,c37055 | c36774 | c38297 | c41606 | c40471 | c40511 | c38156 | c38513 | c41489 | c37502,9.0,9
germanquad,q41494,c41489,c41606 | c38049 | c38073 | c41489 | c41540 | c40579 | c36749 | c37862 | c37192 | c38305,4.0,4
germanquad,q41495,c41489,c41489 | c41606 | c41540 | c41404 | c37862 | c37379 | c40520 | c38177 | c41115 | c37310,1.0,1
germanquad,q41447,c41447,c41447 | c37326 | c37884 | c36553 | c41165 | c44127 | c41401 | c40395 | c41200 | c36704,1.0,1
germanquad,q41722,c41447,c41447 | c37326 | c37884 | c36796 | c38613 | c40312 | c41142 | c41138 | c41678 | c36764,1.0,1
germanquad,q41724,c41447,c41447 | c37326 | c36423 | c42095 | c44127 | c44016 | c36428 | c38546 | c41401 | c41108,1.0,1
germanquad,q41726,c41447,c41447 | c41401 | c42095 | c37338 | c37268 | c37326 | c38474 | c37576 | c37884 | c41200,1.0,1
germanquad,q41729,c41447,c41447 | c37884 | c37326 | c41401 | c40477 | c41279 | c41200 | c41111 | c36709 | c36812,1.0,1
germanquad,q41730,c41447,c41447 | c38240 | c37884 | c37326 | c40423 | c36423 | c41611 | c38613 | c40395 | c38478,1.0,1
germanquad,q41266,c41266,c41266 | c36688 | c36722 | c37346 | c41527 | c41386 | c36419 | c36423 | c36428 | c36538,1.0,1
germanquad,q41734,c41734,c41734 | c41360 | c37618 | c41290 | c41192 | c41056 | c36974 | c41193 | c37237 | c41347,1.0,1
germanquad,q41736,c41734,c41734 | c41037 | c38545 | c38002 | c44016 | c38000 | c41442 | c38568 | c41594 | c37248,1.0,1
germanquad,q41737,c41734,c41734 | c38791 | c41360 | c41343 | c36419 | c36423 | c36428 | c36538 | c36541 | c36548,1.0,1
germanquad,q41738,c41734,c41734 | c40512 | c37247 | c37346 | c41401 | c42107 | c40315 | c37596 | c41555 | c38613,1.0,1
germanquad,q41741,c41734,c41734 | c40512 | c37346 | c41401 | c37615 | c38227 | c37310 | c38613 | c41347 | c38125,1.0,1
germanquad,q41743,c41734,c41734 | c37247 | c42107 | c40315 | c37596 | c41555 | c44115 | c36722 | c37263 | c37502,1.0,1
germanquad,q41746,c41734,c41734 | c37197 | c37878 | c36642 | c36419 | c36423 | c36428 | c36538 | c36541 | c36548,1.0,1
germanquad,q41757,c41734,c41734 | c38798 | c36693 | c36572 | c45624 | c41279 | c41176 | c41090 | c37338 | c41210,1.0,1
germanquad,q41758,c41734,c41734 | c41360 | c41290 | c42107 | c41142 | c36674 | c41386 | c36642 | c36419 | c36423,1.0,1
germanquad,q41760,c41734,c41734 | c41360 | c36548 | c41290 | c40564 | c38836 | c36814 | c37379 | c36674 | c41386,1.0,1
germanquad,q41764,c41734,c41734 | c40564 | c38836 | c37270 | c38240 | c36814 | c41160 | c41059 | c36796 | c37379,1.0,1
germanquad,q44038,c44038,c37326 | c37197 | c41192 | c37170 | c36794 | c37509 | c44038 | c38077 | c36428 | c44138,7.0,7
germanquad,q44039,c44038,c44038 | c37403 | c37346 | c36541 | c37348 | c37393 | c37319 | c36791 | c38227 | c41171,1.0,1
germanquad,q44040,c44038,c44038 | c36551 | c38471 | c37192 | c37393 | c37777 | c37394 | c37210 | c38122 | c36816,1.0,1
germanquad,q44043,c44038,c44038 | c38004 | c37711 | c37264 | c36769 | c36794 | c37393 | c41344 | c38122 | c41360,1.0,1
germanquad,q44044,c44038,c44038 | c37247 | c38227 | c37393 | c38284 | c42107 | c40315 | c37046 | c37596 | c40511,1.0,1
germanquad,q36538,c36538,c36538 | c38288 | c41239 | c38060 | c38131 | c38061 | c38762 | c41267 | c38242 | c38273,1.0,1
germanquad,q36539,c36538,c36538 | c38288 | c41239 | c37862 | c38060 | c36781 | c38520 | c38061 | c38762 | c36796,1.0,1
germanquad,q36540,c36538,c36538 | c38288 | c41239 | c37862 | c36541 | c38060 | c38520 | c41406 | c38061 | c38762,1.0,1
germanquad,q36591,c36591,c36591 | c42123 | c41363 | c40372 | c38560 | c37217 | c36722 | c37208 | c41138 | c41364,1.0,1
germanquad,q36592,c36591,c36591 | c38122 | c44122 | c41067 | c38466 | c41133 | c38002 | c41309 | c37727 | c42127,1.0,1
germanquad,q36593,c36591,c37252 | c36591 | c40427 | c41152 | c38520 | c36699 | c36674 | c37361 | c41465 | c37403,2.0,2
germanquad,q37055,c37055,c37055 | c40224 | c41766 | c37475 | c40471 | c38534 | c37100 | c41235 | c40537 | c41540,1.0,1
germanquad,q37056,c37055,c37055 | c40224 | c41766 | c38077 | c37475 | c40471 | c38534 | c37100 | c41235 | c36754,1.0,1
germanquad,q37057,c37055,c37055 | c36754 | c41451 | c41197 | c36722 | c37263 | c38077 | c37338 | c41356 | c38273,1.0,1
germanquad,q37060,c37055,c37055 | c36774 | c38297 | c40471 | c40511 | c38156 | c38513 | c41489 | c37502 | c37862,1.0,1
germanquad,q37064,c37055,c37055 | c36774 | c38297 | c38037 | c40471 | c40511 | c38156 | c38513 | c41489 | c37502,1.0,1
germanquad,q37065,c37055,c37055 | c36774 | c38297 | c40471 | c40511 | c38156 | c38513 | c41489 | c38338 | c37192,1.0,1
germanquad,q37066,c37055,c37055 | c36774 | c38297 | c37862 | c38037 | c40471 | c40511 | c38156 | c38513 | c41489,1.0,1
germanquad,q37067,c37055,c37055 | c36774 | c38297 | c40471 | c40511 | c38156 | c38513 | c41489 | c37385 | c36760,1.0,1
germanquad,q37074,c37055,c37055 | c36774 | c36769 | c38297 | c36688 | c40471 | c36812 | c40511 | c38156 | c38513,1.0,1
germanquad,q37077,c37055,c37055 | c36774 | c36769 | c38297 | c36688 | c41197 | c40471 | c36812 | c40511 | c38156,1.0,1
germanquad,q37078,c37055,c37055 | c36774 | c38297 | c38077 | c40471 | c36688 | c40511 | c38156 | c38513 | c41489,1.0,1
germanquad,q37081,c37055,c37055 | c40224 | c37298 | c41148 | c38786 | c37756 | c41766 | c38125 | c36816 | c36419,1.0,1
germanquad,q37100,c37100,c37100 | c36553 | c37688 | c41033 | c36752 | c38835 | c38131 | c38227 | c37106 | c37203,1.0,1
germanquad,q37101,c37100,c37100 | c36553 | c37688 | c41033 | c38131 | c38227 | c37615 | c37106 | c37203 | c37886,1.0,1
germanquad,q37104,c37100,c37100 | c36553 | c37688 | c41033 | c38131 | c41468 | c37886 | c38227 | c37106 | c36602,1.0,1
germanquad,q37105,c37100,c37100 | c36553 | c37688 | c41033 | c38131 | c38227 | c38241 | c40543 | c38122 | c36816,1.0,1
germanquad,q37576,c37576,c37576 | c38240 | c41108 | c41161 | c38568 | c41356 | c40535 | c37270 | c41366 | c41533,1.0,1
germanquad,q37590,c37576,c37576 | c37407 | c40411 | c41279 | c40407 | c38281 | c38240 | c41125 | c38474 | c41468,1.0,1
germanquad,q37591,c37576,c37576 | c40407 | c38281 | c37407 | c41279 | c38474 | c40411 | c41468 | c44127 | c40471,1.0,1
germanquad,q37599,c37576,c37576 | c41447 | c42095 | c37268 | c38474 | c37338 | c41401 | c37034 | c38240 | c36611,1.0,1
germanquad,q37603,c37576,c37576 | c37270 | c41108 | c38240 | c36572 | c38568 | c36816 | c40535 | c37346 | c41366,1.0,1
germanquad,q36811,c36811,c36811 | c36758 | c36752 | c38835 | c37272 | c38783 | c41179 | c36419 | c36423 | c36428,1.0,1
germanquad,q40519,c40519,c40519 | c37207 | c37722 | c37496 | c41396 | c41105 | c44038 | c41304 | c41517 | c41386,1.0,1
germanquad,q40533,c40519,c40519 | c38712 | c41360 | c41304 | c38314 | c38131 | c38624 | c41179 | c41343 | c38977,1.0,1
germanquad,q40534,c40519,c40519 | c36553 | c38268 | c41360 | c41080 | c38258 | c41211 | c41536 | c42123 | c37502,1.0,1
germanquad,q36598,c36598,c36598 | c40315 | c37495 | c36811 | c38842 | c40405 | c37862 | c38553 | c37217 | c38469,1.0,1
germanquad,q36599,c36598,c36598 | c41037 | c38000 | c37756 | c37248 | c36791 | c37495 | c41435 | c38338 | c41266,1.0,1
germanquad,q36600,c36598,c36598 | c36704 | c37495 | c36811 | c37862 | c37442 | c37596 | c40423 | c37106 | c36791,1.0,1
germanquad,q36601,c36598,c36598 | c37756 | c36611 | c36729 | c40462 | c36859 | c37495 | c38290 | c41152 | c36541,1.0,1
germanquad,q36794,c36794,c36794 | c38189 | c38004 | c37033 | c40535 | c38006 | c38836 | c36767 | c41142 | c37517,1.0,1
germanquad,q36795,c36794,c36794 | c41153 | c38513 | c37207 | c42123 | c41363 | c40372 | c38560 | c37217 | c37419,1.0,1
germanquad,q37084,c37084,c37084 | c37558 | c38631 | c44019 | c40312 | c37248 | c37208 | c41517 | c41211 | c41161,1.0,1
germanquad,q37085,c37084,c37084 | c40312 | c37208 | c41489 | c38073 | c37558 | c45657 | c37644 | c40372 | c36784,1.0,1
germanquad,q37086,c37084,c37084 | c40312 | c37558 | c38631 | c44019 | c37248 | c37208 | c37324 | c36847 | c37252,1.0,1
germanquad,q37087,c37084,c37084 | c40312 | c37208 | c37644 | c40395 | c38816 | c37034 | c38842 | c37330 | c38467,1.0,1
germanquad,q37088,c37084,c37084 | c36781 | c40389 | c37270 | c45657 | c37722 | c41290 | c37247 | c41062 | c41396,1.0,1
germanquad,q37089,c37084,c37084 | c38241 | c37310 | c37655 | c41108 | c36816 | c37659 | c38977 | c36754 | c36718,1.0,1
germanquad,q37090,c37084,c37084 | c37558 | c38631 | c44019 | c37248 | c37324 | c41517 | c42109 | c41211 | c41161,1.0,1
germanquad,q37091,c37084,c37084 | c38241 | c37310 | c37655 | c41108 | c36816 | c37659 | c38977 | c36754 | c36718,1.0,1
germanquad,q37092,c37084,c37084 | c37558 | c38631 | c44019 | c37248 | c37324 | c41517 | c42109 | c41211 | c41161,1.0,1
germanquad,q37093,c37084,c37084 | c37558 | c38631 | c44019 | c36722 | c40380 | c37248 | c41290 | c38783 | c41734,1.0,1
germanquad,q37095,c37084,c37084 | c44019 | c37558 | c38631 | c37248 | c41277 | c37324 | c41517 | c42109 | c41211,1.0,1
germanquad,q37096,c37084,c37084 | c38545 | c36551 | c40395 | c36572 | c44045 | c36688 | c37208 | c40369 | c42112,1.0,1
germanquad,q37106,c37106,c37106 | c37569 | c40471 | c41059 | c40579 | c44115 | c40511 | c38478 | c38305 | c38284,1.0,1
germanquad,q37108,c37106,c37106 | c37313 | c37379 | c36774 | c41349 | c38097 | c36558 | c41517 | c36736 | c38037,1.0,1
germanquad,q36839,c37106,c37569 | c40471 | c37106 | c40511 | c38305 | c37576 | c40315 | c38338 | c38609 | c36774,3.0,3
germanquad,q37109,c37109,c37109 | c38488 | c41339 | c38842 | c37862 | c41606 | c38513 | c38168 | c38552 | c37413,1.0,1
germanquad,q37110,c37109,c37109 | c38488 | c41369 | c38842 | c41339 | c37348 | c37862 | c37493 | c38049 | c40397,1.0,1
germanquad,q37112,c37109,c37109 | c38488 | c38842 | c41369 | c41339 | c38513 | c37618 | c37348 | c37446 | c38520,1.0,1
germanquad,q37114,c37109,c38488 | c37109 | c41339 | c38842 | c36419 | c36423 | c36428 | c36538 | c36541 | c36548,2.0,2
germanquad,q37117,c37109,c37109 | c38488 | c41339 | c38842 | c38478 | c38520 | c44127 | c38089 | c36764 | c38037,1.0,1
germanquad,q44026,c44026,c44026 | c38579 | c38293 | c38045 | c41192 | c37862 | c41406 | c38290 | c38227 | c38131,1.0,1
germanquad,q44027,c44026,c44026 | c41192 | c37862 | c38579 | c38293 | c38534 | c38045 | c36704 | c37192 | c36769,1.0,1
germanquad,q44028,c44026,c44026 | c41406 | c38579 | c38293 | c38045 | c41192 | c37862 | c38320 | c38478 | c38290,1.0,1
germanquad,q44029,c44026,c44026 | c38297 | c41496 | c37247 | c42107 | c40315 | c37596 | c41555 | c44115 | c36722,1.0,1
germanquad,q44030,c44026,c44026 | c37493 | c37862 | c41404 | c38579 | c38293 | c41413 | c38045 | c41192 | c36548,1.0,1
germanquad,q44031,c44026,c44026 | c41406 | c36981 | c38579 | c38293 | c38045 | c41192 | c38242 | c38000 | c37862,1.0,1
germanquad,q44032,c44026,c44026 | c38579 | c38293 | c38045 | c41192 | c37862 | c41406 | c38290 | c38227 | c38131,1.0,1
germanquad,q44033,c44026,c44026 | c38293 | c38242 | c38480 | c38045 | c38579 | c38087 | c37878 | c38471 | c41412,1.0,1
germanquad,q44034,c44026,c44026 | c38045 | c37248 | c38579 | c38293 | c41192 | c37659 | c37862 | c41406 | c38290,1.0,1
germanquad,q44035,c44026,c38045 | c44026 | c44008 | c38194 | c37338 | c37659 | c37277 | c38579 | c41192 | c36794,2.0,2
germanquad,q44036,c44026,c44026 | c38241 | c38579 | c38293 | c38045 | c41192 | c37277 | c38206 | c37247 | c37398,1.0,1
germanquad,q44037,c44026,c44026 | c38579 | c41296 | c38290 | c41179 | c41536 | c41037 | c40483 | c40315 | c41322,1.0,1
germanquad,q41144,c41144,c41144 | c41160 | c37869 | c36674 | c41059 | c41156 | c36594 | c41067 | c37106 | c37871,1.0,1
germanquad,q41145,c41144,c41144 | c41160 | c41200 | c40236 | c41366 | c41161 | c41059 | c37428 | c41133 | c41369,1.0,1
germanquad,q41146,c41144,c41144 | c41160 | c41059 | c41133 | c40236 | c41200 | c41171 | c36591 | c41366 | c38712,1.0,1
germanquad,q41153,c41153,c41153 | c38202 | c38002 | c40532 | c36718 | c40511 | c38520 | c41360 | c37252 | c36811,1.0,1
germanquad,q41154,c41153,c41153 | c38281 | c38467 | c38002 | c38202 | c45624 | c40540 | c37569 | c36791 | c40532,1.0,1
germanquad,q41155,c41153,c36718 | c41153 | c38520 | c37252 | c41138 | c37210 | c41536 | c37403 | c36758 | c41512,2.0,2
germanquad,q38837,c38837,c38837 | c36781 | c37428 | c38061 | c36853 | c41161 | c40477 | c36419 | c36423 | c36428,1.0,1
germanquad,q38838,c38837,c38061 | c38837 | c36781 | c37428 | c41161 | c40380 | c36853 | c37035 | c38288 | c37247,2.0,2
germanquad,q38839,c38837,c38837 | c41067 | c44115 | c36781 | c37428 | c41133 | c38061 | c38002 | c41161 | c37727,1.0,1
germanquad,q38840,c38837,c38837 | c38061 | c38977 | c37025 | c41152 | c40477 | c36781 | c37428 | c41448 | c41161,1.0,1
germanquad,q38841,c38837,c38837 | c36704 | c44115 | c37353 | c36727 | c36781 | c37428 | c37624 | c38061 | c41489,1.0,1
germanquad,q41169,c41169,c41169 | c37018 | c41125 | c37777 | c41197 | c40423 | c41067 | c37346 | c41133 | c37475,1.0,1
germanquad,q41168,c41169,c41169 | c37777 | c37346 | c37018 | c41125 | c36722 | c37756 | c41496 | c36704 | c38000,1.0,1
germanquad,q41170,c41169,c41169 | c37018 | c41125 | c37777 | c37428 | c37346 | c36419 | c36423 | c36428 | c36538,1.0,1
germanquad,q38791,c38791,c38791 | c37185 | c41478 | c41062 | c38467 | c40223 | c40380 | c37419 | c38310 | c37217,1.0,1
germanquad,q38794,c38791,c38791 | c41478 | c41062 | c40236 | c37869 | c37217 | c38467 | c40380 | c37348 | c37185,1.0,1
germanquad,q38796,c38791,c38791 | c41478 | c41062 | c38467 | c40380 | c36722 | c37185 | c38000 | c37217 | c37227,1.0,1
germanquad,q41171,c41171,c40511 | c41125 | c41474 | c37170 | c36419 | c36423 | c36428 | c36538 | c36541 | c36548,,360
germanquad,q41172,c41171,c41314 | c41304 | c41267 | c38552 | c37264 | c36860 | c41171 | c37869 | c38206 | c37618,7.0,7
germanquad,q41173,c41171,c41171 | c36803 | c41401 | c41177 | c37319 | c45624 | c41343 | c37886 | c36419 | c36423,1.0,1
germanquad,q41174,c41171,c41171 | c36419 | c36423 | c36428 | c36538 | c36541 | c36548 | c36551 | c36553 | c36558,1.0,1
germanquad,q41175,c41171,c41171 | c41314 | c36847 | c36642 | c38194 | c41584 | c37035 | c41231 | c40395 | c41037,1.0,1
germanquad,q44115,c44115,c44115 | c38553 | c36419 | c41584 | c44045 | c40312 | c37084 | c36794 | c36423 | c41161,1.0,1
germanquad,q44113,c44115,c44115 | c40467 | c41396 | c45636 | c40448 | c38251 | c40564 | c41314 | c41205 | c38247,1.0,1
germanquad,q44114,c44115,c44115 | c41512 | c38791 | c37046 | c36812 | c36722 | c36853 | c44097 | c38783 | c41344,1.0,1
germanquad,q44118,c44115,c44115 | c41535 | c41193 | c37711 | c41445 | c42107 | c36419 | c40532 | c36611 | c41080,1.0,1
germanquad,q44120,c44115,c44115 | c38061 | c41080 | c36784 | c38188 | c44045 | c38791 | c40395 | c41468 | c37247,1.0,1
germanquad,q40395,c40395,c40395 | c37558 | c40436 | c45636 | c38837 | c41403 | c36419 | c36423 | c36428 | c36538,1.0,1
germanquad,q40396,c40395,c40395 | c40436 | c40369 | c38469 | c38087 | c38060 | c41267 | c37207 | c41115 | c41468,1.0,1
germanquad,q40427,c40427,c40427 | c41322 | c36847 | c38590 | c37498 | c41186 | c41536 | c37282 | c41364 | c38332,1.0,1
germanquad,q40428,c40427,c40427 | c37252 | c36591 | c37446 | c41152 | c36762 | c41396 | c41528 | c37484 | c41138,1.0,1
germanquad,q40429,c40427,c40427 | c37252 | c36591 | c40504 | c41152 | c38073 | c41606 | c36699 | c41465 | c38381,1.0,1
germanquad,q40430,c40427,c40427 | c37252 | c37227 | c44115 | c36591 | c37268 | c41152 | c41153 | c37263 | c36699,1.0,1
germanquad,q40431,c40427,c40427 | c37252 | c36591 | c40504 | c37268 | c37227 | c41152 | c38073 | c41606 | c44115,1.0,1
germanquad,q40433,c40427,c40427 | c37252 | c36591 | c41152 | c36699 | c41465 | c36419 | c36423 | c36428 | c36538,1.0,1
germanquad,q40434,c40427,c40427 | c37252 | c36591 | c40504 | c41152 | c38073 | c41606 | c36699 | c41465 | c38381,1.0,1
germanquad,q40435,c40427,c40427 | c37252 | c36591 | c36699 | c38077 | c41152 | c41067 | c41366 | c42107 | c41360,1.0,1
germanquad,q38836,c38836,c38836 | c41266 | c37517 | c38475 | c37210 | c40312 | c40236 | c41138 | c37403 | c36704,1.0,1
germanquad,q41188,c41188,c40380 | c38097 | c40397 | c40537 | c41235 | c37310 | c41138 | c41188 | c36764 | c37324,8.0,8
germanquad,q41189,c41188,c41188 | c41033 | c38263 | c41037 | c41540 | c41290 | c37252 | c38089 | c41536 | c38836,1.0,1
germanquad,q41190,c41188,c41188 | c37722 | c37016 | c40389 | c40511 | c37303 | c40436 | c41447 | c36724 | c41078,1.0,1
germanquad,q40405,c40405,c40405 | c38326 | c41391 | c36581 | c37197 | c41188 | c37326 | c37711 | c38320 | c36860,1.0,1
germanquad,q40471,c40471,c40471 | c37569 | c40511 | c37106 | c36774 | c38338 | c37502 | c38305 | c37862 | c40315,1.0,1
germanquad,q40472,c40471,c40471 | c37569 | c40511 | c37109 | c37106 | c41369 | c36774 | c37671 | c38006 | c38305,1.0,1
germanquad,q40473,c40471,c40471 | c37569 | c40511 | c37109 | c41369 | c37106 | c38338 | c36774 | c37446 | c38305,1.0,1
germanquad,q40474,c40471,c40471 | c37569 | c40511 | c38609 | c37106 | c38305 | c40315 | c38338 | c37869 | c37502,1.0,1
germanquad,q40475,c40471,c40471 | c37569 | c41322 | c38168 | c37106 | c41037 | c41369 | c37688 | c38806 | c41239,1.0,1
germanquad,q40476,c40471,c37569 | c40471 | c40511 | c38842 | c37106 | c41369 | c37493 | c41062 | c41555 | c38305,2.0,2
germanquad,q41193,c41193,c41193 | c36784 | c38227 | c38202 | c37541 | c41267 | c37385 | c38314 | c41161 | c37569,1.0,1
germanquad,q41194,c41193,c41193 | c37711 | c37346 | c38131 | c38293 | c41535 | c37084 | c37319 | c38227 | c41171,1.0,1
germanquad,q41195,c41193,c41193 | c40535 | c36784 | c41496 | c38227 | c38202 | c37541 | c41267 | c37385 | c38314,1.0,1
germanquad,q41196,c41193,c41193 | c41277 | c40405 | c44138 | c36784 | c36572 | c38590 | c38545 | c37203 | c38202,1.0,1
germanquad,q41351,c41351,c41351 | c38628 | c37195 | c37517 | c38467 | c41235 | c41344 | c40483 | c41422 | c42123,1.0,1
germanquad,q41352,c41351,c41351 | c38628 | c37195 | c37403 | c38609 | c41360 | c38478 | c38240 | c41369 | c37886,1.0,1
germanquad,q41353,c41351,c41351 | c37195 | c38628 | c41160 | c38783 | c45642 | c37217 | c38320 | c37496 | c41138,1.0,1
germanquad,q41354,c41351,c41351 | c37195 | c38628 | c37517 | c45642 | c37437 | c38783 | c38006 | c38000 | c38282,1.0,1
germanquad,q41355,c41351,c41351 | c37195 | c38628 | c37365 | c38836 | c38240 | c38057 | c37475 | c41193 | c41169,1.0,1
germanquad,q41360,c41360,c41360 | c41105 | c41290 | c41177 | c38281 | c38125 | c37541 | c41115 | c37624 | c41555,1.0,1
germanquad,q41361,c41360,c41360 | c41105 | c41125 | c36860 | c41734 | c41290 | c41369 | c36699 | c37403 | c38478,1.0,1
germanquad,q41362,c41360,c41360 | c41105 | c41193 | c38466 | c44016 | c40535 | c37280 | c44110 | c41343 | c42123,1.0,1
germanquad,q42095,c42095,c42095 | c44016 | c37394 | c36548 | c44045 | c41447 | c41360 | c41500 | c36611 | c36974,1.0,1
germanquad,q42096,c42095,c42095 | c44016 | c37394 | c45636 | c37310 | c36548 | c41197 | c37871 | c41447 | c37326,1.0,1
germanquad,q42098,c42095,c44016 | c42095 | c37394 | c36548 | c41447 | c37442 | c37596 | c41360 | c40423 | c41500,2.0,2
germanquad,q42100,c42095,c42095 | c40311 | c36796 | c38381 | c40448 | c37106 | c41161 | c41165 | c36558 | c44038,1.0,1
germanquad,q42101,c42095,c42095 | c36423 | c41442 | c44016 | c36553 | c36428 | c41364 | c36796 | c38552 | c36736,1.0,1
germanquad,q42102,c42095,c41533 | c42095 | c41478 | c37338 | c37576 | c37871 | c36722 | c36709 | c37270 | c40411,2.0,2
germanquad,q42103,c42095,c42095 | c37871 | c40219 | c44016 | c36736 | c38344 | c37237 | c38537 | c36423 | c40411,1.0,1
germanquad,q42104,c42095,c42095 | c38344 | c37237 | c41279 | c41192 | c40219 | c37624 | c38210 | c36699 | c36558,1.0,1
germanquad,q42105,c42095,c42095 | c40311 | c41533 | c36796 | c37576 | c36665 | c41133 | c37003 | c40236 | c37777,1.0,1
germanquad,q41206,c41206,c41206 | c36754 | c38553 | c41090 | c37014 | c41033 | c40520 | c36760 | c37025 | c38836,1.0,1
germanquad,q41207,c41206,c41206 | c36859 | c37353 | c38344 | c37777 | c37442 | c37365 | c44019 | c38094 | c37731,1.0,1
germanquad,q41394,c41394,c37624 | c41394 | c37383 | c38624 | c37034 | c38247 | c41231 | c38024 | c37203 | c40535,2.0,2
germanquad,q41404,c41404,c41404 | c38263 | c42109 | c37324 | c38835 | c41188 | c41468 | c37493 | c41062 | c40223,1.0,1
germanquad,q41405,c41404,c41404 | c38284 | c37224 | c36551 | c36611 | c37517 | c36606 | c42109 | c38268 | c41413,1.0,1
germanquad,q44008,c44008,c44008 | c36541 | c38786 | c40407 | c36791 | c37348 | c37403 | c41344 | c40540 | c36764,1.0,1
germanquad,q44009,c44008,c44008 | c38786 | c36541 | c40407 | c36791 | c37348 | c37403 | c40540 | c36764 | c38310,1.0,1
germanquad,q44010,c44008,c44008 | c36541 | c40407 | c38786 | c36791 | c41165 | c37348 | c37195 | c37403 | c41279,1.0,1
germanquad,q44011,c44008,c44008 | c36541 | c40540 | c40407 | c38786 | c41528 | c36791 | c37348 | c37403 | c36764,1.0,1
germanquad,q41210,c41210,c41210 | c37217 | c40471 | c38546 | c38609 | c40223 | c37383 | c41678 | c36419 | c36423,1.0,1
germanquad,q41209,c41210,c41210 | c37217 | c38816 | c36981 | c37659 | c38282 | c37711 | c45624 | c41678 | c41734,1.0,1
germanquad,q41396,c41396,c41396 | c41067 | c40389 | c38553 | c41133 | c38002 | c41594 | c41090 | c37727 | c42127,1.0,1
germanquad,q41397,c41396,c41396 | c45624 | c37232 | c45653 | c38156 | c36727 | c38177 | c37442 | c38122 | c37493,1.0,1
germanquad,q41398,c41396,c41396 | c37385 | c36803 | c38156 | c38241 | c41160 | c37361 | c37389 | c41290 | c41152,1.0,1
germanquad,q44097,c44097,c41535 | c38251 | c44110 | c41177 | c38466 | c42127 | c40477 | c37667 | c44097 | c37100,9.0,9
germanquad,q44098,c44097,c44097 | c41535 | c41067 | c41133 | c38002 | c37727 | c42127 | c37224 | c36591 | c38131,1.0,1
germanquad,q44100,c44097,c44097 | c40436 | c37878 | c42127 | c41067 | c37383 | c36812 | c41133 | c38002 | c37727,1.0,1
germanquad,q44102,c44097,c37569 | c41105 | c40511 | c44097 | c40315 | c38037 | c37379 | c40579 | c36419 | c36423,4.0,4
germanquad,q44104,c44104,c44104 | c36638 | c40504 | c41391 | c44110 | c40470 | c38467 | c40427 | c37170 | c41517,1.0,1
germanquad,q40504,c40504,c40504 | c36419 | c36423 | c36428 | c36538 | c36541 | c36548 | c36551 | c36553 | c36558,1.0,1
germanquad,q40505,c40504,c40504 | c38471 | c40376 | c37263 | c41413 | c38842 | c42107 | c36749 | c37558 | c41062,1.0,1
germanquad,q40508,c40504,c40504 | c36754 | c41153 | c38624 | c36419 | c36423 | c36428 | c36538 | c36541 | c36548,1.0,1
germanquad,q36704,c36704,c40224 | c36704 | c38466 | c41766 | c37475 | c36558 | c38537 | c37055 | c41445 | c41266,2.0,2
germanquad,q36705,c36704,c36704 | c41138 | c36541 | c41366 | c37495 | c36551 | c41059 | c37003 | c36594 | c37018,1.0,1
germanquad,q37203,c37203,c38227 | c37203 | c38122 | c37100 | c36553 | c37688 | c40436 | c37569 | c37886 | c41033,2.0,2
germanquad,q37206,c37203,c37203 | c38122 | c38227 | c37263 | c37247 | c41193 | c37442 | c37280 | c41351 | c42107,1.0,1
germanquad,q38579,c38579,c38579 | c38045 | c38293 | c44026 | c41406 | c38290 | c38227 | c38131 | c36642 | c36419,1.0,1
germanquad,q38581,c38579,c38579 | c36752 | c37252 | c36704 | c37488 | c41468 | c37569 | c36981 | c38307 | c38233,1.0,1
germanquad,q38583,c38579,c38579 | c38045 | c41125 | c36860 | c38293 | c44026 | c38227 | c41406 | c38290 | c37403,1.0,1
germanquad,q38584,c38579,c38579 | c37175 | c37659 | c38045 | c37667 | c44026 | c37277 | c38307 | c41540 | c37878,1.0,1
germanquad,q38585,c38579,c38579 | c41435 | c37756 | c38305 | c37886 | c40315 | c41349 | c41037 | c38806 | c36752,1.0,1
germanquad,q38586,c38579,c38579 | c44026 | c41296 | c38290 | c41536 | c40315 | c41322 | c41179 | c36688 | c38293,1.0,1
germanquad,q38587,c38579,c38579 | c38045 | c37659 | c37277 | c38194 | c37569 | c41304 | c38488 | c37003 | c36541,1.0,1
germanquad,q38588,c38579,c38579 | c38284 | c37046 | c38326 | c41153 | c38786 | c38227 | c37488 | c41527 | c38045,1.0,1
germanquad,q38589,c38579,c38579 | c36594 | c36816 | c41161 | c37003 | c37303 | c37298 | c37385 | c44038 | c41766,1.0,1
germanquad,q40532,c40532,c40532 | c37272 | c37580 | c38466 | c41731 | c41528 | c38202 | c38467 | c41279 | c38546,1.0,1
germanquad,q37390,c37390,c41231 | c38482 | c38024 | c37624 | c37357 | c37390 | c44019 | c41119 | c38613 | c41296,6.0,6
germanquad,q37515,c37390,c37390 | c38482 | c37319 | c38180 | c38469 | c41119 | c41231 | c41177 | c37361 | c41205,1.0,1
germanquad,q37516,c37390,c38482 | c37390 | c42123 | c41363 | c40372 | c38560 | c37217 | c36722 | c37208 | c41138,2.0,2
germanquad,q37541,c37541,c41176 | c44138 | c37541 | c41277 | c41090 | c38488 | c41193 | c37496 | c41555 | c41309,3.0,3
germanquad,q37544,c37541,c37541 | c41277 | c44138 | c41090 | c41451 | c40571 | c37003 | c45661 | c41533 | c42123,1.0,1
germanquad,q37548,c37541,c37541 | c41090 | c41176 | c40504 | c38488 | c41193 | c37484 | c41277 | c41584 | c36816,1.0,1
germanquad,q37618,c37618,c37618 | c41056 | c38094 | c37385 | c40312 | c38188 | c41594 | c37197 | c36847 | c36606,1.0,1
germanquad,q37621,c37618,c37618 | c41056 | c36419 | c36423 | c36428 | c36538 | c36541 | c36548 | c36551 | c36553,1.0,1
germanquad,q37632,c37618,c37426 | c41056 | c37618 | c37615 | c37357 | c36419 | c36423 | c36428 | c36538 | c36541,3.0,3
germanquad,q37634,c37618,c37618 | c37426 | c41056 | c37615 | c38247 | c41078 | c37357 | c38467 | c38791 | c36693,1.0,1
germanquad,q37637,c37618,c37618 | c41599 | c41200 | c36709 | c41533 | c36419 | c36688 | c41496 | c38475 | c38037,1.0,1
germanquad,q37640,c37618,c37618 | c36419 | c36423 | c36428 | c36538 | c36541 | c36548 | c36551 | c36553 | c36558,1.0,1
germanquad,q37606,c37618,c37618 | c36419 | c36423 | c36428 | c36538 | c36541 | c36548 | c36551 | c36553 | c36558,1.0,1
germanquad,q37609,c37618,c37618 | c37615 | c40540 | c38480 | c37862 | c40436 | c37596 | c41478 | c37264 | c38601,1.0,1
germanquad,q37610,c37618,c38480 | c37596 | c41478 | c37667 | c38601 | c37520 | c37618 | c36974 | c40504 | c38579,7.0,7
germanquad,q37613,c37618,c37618 | c41056 | c36419 | c36423 | c36428 | c36538 | c36541 | c36548 | c36551 | c36553,1.0,1
germanquad,q37614,c37618,c37618 | c41056 | c36419 | c36423 | c36428 | c36538 | c36541 | c36548 | c36551 | c36553,1.0,1
germanquad,q37722,c37722,c38189 | c37722 | c36974 | c41290 | c38553 | c41153 | c37033 | c41584 | c37319 | c37365,2.0,2
germanquad,q37723,c37722,c38189 | c37722 | c36974 | c38628 | c37033 | c37365 | c36781 | c37207 | c38240 | c38307,2.0,2
germanquad,q37724,c37722,c37722 | c41535 | c42127 | c38189 | c36974 | c40389 | c38553 | c37033 | c38977 | c38480,1.0,1
germanquad,q37725,c37722,c37722 | c40372 | c45657 | c38131 | c36419 | c36423 | c36428 | c36538 | c36541 | c36548,1.0,1
germanquad,q38381,c38381,c38381 | c37313 | c37495 | c38628 | c37576 | c41133 | c41366 | c36665 | c36419 | c38470,1.0,1
germanquad,q38384,c38381,c38381 | c38227 | c38791 | c37203 | c38122 | c40537 | c37324 | c41339 | c42109 | c37731,1.0,1
germanquad,q38490,c38381,c38320 | c36419 | c38381 | c38601 | c36722 | c41445 | c41153 | c42107 | c36548 | c41205,3.0,3
germanquad,q38491,c38381,c42109 | c38520 | c38381 | c40397 | c45657 | c37509 | c41156 | c36981 | c38338 | c37428,3.0,3
germanquad,q38492,c38381,c38381 | c38156 | c37437 | c38146 | c41422 | c38314 | c36796 | c41556 | c42112 | c38240,1.0,1
germanquad,q38493,c38381,c40498 | c38381 | c41200 | c41133 | c41144 | c41366 | c38534 | c41059 | c36594 | c41363,2.0,2
germanquad,q38494,c38381,c38381 | c38314 | c37437 | c38146 | c41138 | c40223 | c37379 | c37731 | c41422 | c36796,1.0,1
germanquad,q38495,c38381,c36709 | c37270 | c38381 | c41533 | c37596 | c41478 | c42095 | c41192 | c41309 | c40436,3.0,3
germanquad,q38498,c38381,c38381 | c37558 | c41734 | c37495 | c37106 | c37084 | c41267 | c38631 | c41161 | c41108,1.0,1
germanquad,q38499,c38381,c38381 | c37207 | c37667 | c38712 | c41396 | c40311 | c44045 | c37871 | c40477 | c38836,1.0,1
germanquad,q38500,c38381,c38381 | c36758 | c42109 | c36760 | c40537 | c38189 | c38177 | c36860 | c37195 | c41138,1.0,1
germanquad,q38501,c38381,c38381 | c37313 | c37495 | c41445 | c38712 | c44045 | c37871 | c37207 | c40477 | c38836,1.0,1
germanquad,q38502,c38381,c38381 | c37313 | c37495 | c36419 | c36860 | c37207 | c40397 | c37272 | c40380 | c40512,1.0,1
germanquad,q38503,c38381,c38381 | c40236 | c37871 | c36594 | c38177 | c40311 | c37003 | c36428 | c38240 | c40411,1.0,1
germanquad,q38504,c38381,c38381 | c36419 | c36423 | c36428 | c36538 | c36541 | c36548 | c36551 | c36553 | c36558,1.0,1
germanquad,q38505,c38381,c38381 | c36419 | c36423 | c36428 | c36538 | c36541 | c36548 | c36551 | c36553 | c36558,1.0,1
germanquad,q38506,c38381,c38381 | c40423 | c40411 | c41156 | c37106 | c36674 | c37313 | c38281 | c38240 | c38488,1.0,1
germanquad,q38508,c38381,c40423 | c38381 | c40411 | c37338 | c38240 | c41447 | c41422 | c36419 | c36423 | c36428,2.0,2
germanquad,q38509,c38381,c38381 | c37106 | c38344 | c36674 | c37495 | c38601 | c41144 | c41343 | c38320 | c41606,1.0,1
germanquad,q38553,c38553,c38553 | c36419 | c36423 | c36428 | c36538 | c36541 | c36548 | c36551 | c36553 | c36558,1.0,1
germanquad,q38554,c38553,c38553 | c37558 | c44122 | c37175 | c37644 | c41090 | c36419 | c36423 | c36428 | c36538,1.0,1
germanquad,q38556,c38553,c38553 | c37558 | c44122 | c38590 | c37175 | c38977 | c41535 | c37624 | c42127 | c41090,1.0,1
germanquad,q38557,c38553,c38553 | c37558 | c44122 | c41090 | c38241 | c41206 | c37014 | c37175 | c37722 | c40427,1.0,1
germanquad,q40480,c40480,c40480 | c41406 | c41606 | c38320 | c38478 | c41033 | c36774 | c37055 | c38037 | c40471,1.0,1
germanquad,q37393,c37393,c41678 | c37270 | c36796 | c36709 | c37247 | c37509 | c37248 | c42107 | c40315 | c37596,,16
germanquad,q37396,c37393,c37393 | c37580 | c37268 | c38474 | c37576 | c37338 | c41401 | c41447 | c42095 | c37871,1.0,1
germanquad,q37397,c37393,c37393 | c37580 | c37268 | c38474 | c37576 | c36769 | c38470 | c37338 | c37475 | c38247,1.0,1
germanquad,q37399,c37393,c37393 | c36665 | c37475 | c37268 | c38474 | c37576 | c42095 | c40224 | c36794 | c41200,1.0,1
germanquad,q37401,c37393,c44038 | c37393 | c37520 | c45624 | c37237 | c36728 | c41535 | c38310 | c38000 | c38783,2.0,2
germanquad,q37558,c37558,c37558 | c38553 | c44122 | c37175 | c38837 | c41403 | c41090 | c36419 | c36423 | c36428,1.0,1
germanquad,q37560,c37558,c38553 | c37558 | c44122 | c37175 | c41152 | c37217 | c36848 | c40579 | c37263 | c37615,2.0,2
germanquad,q37566,c37558,c37232 | c38553 | c38836 | c37558 | c44122 | c37175 | c37252 | c36724 | c42127 | c41090,4.0,4
germanquad,q37567,c37558,c37558 | c36419 | c36423 | c36428 | c36538 | c36541 | c36548 | c36551 | c36553 | c36558,1.0,1
germanquad,q37568,c37558,c37558 | c38553 | c44122 | c37175 | c36853 | c36781 | c37210 | c37576 | c41382 | c41090,1.0,1
germanquad,q37644,c37644,c37644 | c36419 | c36423 | c36428 | c36538 | c36541 | c36548 | c36551 | c36553 | c36558,1.0,1
germanquad,q37645,c37644,c37644 | c40380 | c37035 | c38288 | c37247 | c41056 | c41152 | c41296 | c38061 | c36796,1.0,1
germanquad,q37646,c37644,c37247 | c37655 | c37644 | c37667 | c41290 | c36781 | c40312 | c45657 | c37722 | c41517,3.0,3
germanquad,q37656,c37644,c37644 | c37035 | c36419 | c36423 | c36428 | c36538 | c36541 | c36548 | c36551 | c36553,1.0,1
germanquad,q37727,c37727,c40369 | c36419 | c36423 | c36428 | c36538 | c36541 | c36548 | c36551 | c36553 | c36558,,175
germanquad,q37728,c37727,c40369 | c36419 | c36423 | c36428 | c36538 | c36541 | c36548 | c36551 | c36553 | c36558,,175
germanquad,q37729,c37727,c40369 | c37727 | c38712 | c36767 | c41205 | c37383 | c36754 | c41296 | c37624 | c38482,2.0,2
germanquad,q37659,c37659,c38520 | c37319 | c38060 | c37035 | c37884 | c37680 | c41142 | c37192 | c44008 | c41179,,27
germanquad,q37662,c37659,c37659 | c38045 | c41058 | c38835 | c38560 | c38601 | c41188 | c40535 | c36974 | c37224,1.0,1
germanquad,q37664,c37659,c37659 | c38045 | c41037 | c37237 | c38601 | c37277 | c38835 | c38579 | c38073 | c38560,1.0,1
germanquad,q37665,c37659,c41210 | c38049 | c38842 | c37659 | c38282 | c38089 | c37711 | c41606 | c41413 | c37615,4.0,4
germanquad,q37731,c37731,c37731 | c37313 | c37348 | c44127 | c41193 | c37361 | c37264 | c38284 | c37389 | c41468,1.0,1
germanquad,q37732,c37731,c37731 | c36724 | c37361 | c41606 | c38471 | c40504 | c38836 | c37496 | c37576 | c41382,1.0,1
germanquad,q37733,c37731,c37731 | c37862 | c37493 | c41369 | c38049 | c38089 | c37348 | c37109 | c41211 | c37106,1.0,1
germanquad,q37734,c37731,c37731 | c37862 | c37722 | c37493 | c41369 | c37016 | c38049 | c38089 | c37348 | c37109,1.0,1
germanquad,q37735,c37731,c37731 | c40389 | c45648 | c36548 | c38480 | c38045 | c37232 | c42127 | c40312 | c41535,1.0,1
germanquad,q37737,c37731,c37731 | c36724 | c38002 | c38712 | c38219 | c36767 | c41080 | c41205 | c37383 | c36754,1.0,1
germanquad,q37738,c37731,c37731 | c36724 | c36722 | c41153 | c42107 | c37208 | c37084 | c36853 | c44008 | c41445,1.0,1
germanquad,q37739,c37731,c38189 | c38131 | c36602 | c37596 | c38537 | c38628 | c38087 | c40511 | c36581 | c41382,,15
germanquad,q37744,c37731,c37731 | c36724 | c37016 | c38293 | c41512 | c37170 | c37270 | c41406 | c41193 | c41049,1.0,1
germanquad,q37749,c37731,c37731 | c36724 | c37330 | c41067 | c38482 | c38712 | c36984 | c36611 | c36767 | c36602,1.0,1
germanquad,q38332,c38332,c41594 | c37407 | c38332 | c36848 | c45648 | c41584 | c38006 | c38188 | c40407 | c41138,3.0,3
germanquad,q38333,c38332,c41594 | c41090 | c38332 | c36718 | c37203 | c38553 | c36848 | c41396 | c40436 | c37509,3.0,3
germanquad,q38334,c38332,c38332 | c36803 | c36602 | c38206 | c40224 | c37671 | c38180 | c37324 | c42123 | c37195,1.0,1
germanquad,q38335,c38332,c38332 | c41594 | c38470 | c41442 | c37313 | c37502 | c40498 | c37209 | c41766 | c37256,1.0,1
germanquad,q38336,c38332,c38332 | c37035 | c41235 | c38202 | c37280 | c38609 | c41277 | c41500 | c44038 | c37322,1.0,1
germanquad,q38337,c38332,c38332 | c41594 | c36718 | c41535 | c41090 | c36419 | c36423 | c36428 | c36538 | c36541,1.0,1
germanquad,q38520,c38520,c38520 | c42112 | c41442 | c36727 | c41512 | c40380 | c40397 | c37247 | c38474 | c42107,1.0,1
germanquad,q38521,c38520,c38520 | c42112 | c41442 | c37862 | c41606 | c38513 | c38168 | c38552 | c37413 | c38156,1.0,1
germanquad,q38529,c38520,c38520 | c36769 | c37209 | c36596 | c37237 | c44038 | c38798 | c37170 | c37322 | c37192,1.0,1
germanquad,q38531,c38520,c38520 | c42112 | c41442 | c36769 | c36596 | c38471 | c37322 | c37777 | c37192 | c36791,1.0,1
germanquad,q38533,c38520,c38520 | c42112 | c41442 | c37869 | c38310 | c40471 | c41391 | c36419 | c37365 | c38601,1.0,1
germanquad,q38568,c38568,c38568 | c41290 | c41192 | c36688 | c37529 | c37248 | c37498 | c37509 | c41108 | c41304,1.0,1
germanquad,q38569,c38568,c38568 | c37379 | c41611 | c37711 | c41369 | c41235 | c41211 | c36423 | c41049 | c38712,1.0,1
germanquad,q38571,c38568,c38568 | c37379 | c37711 | c41611 | c41211 | c41049 | c38712 | c38601 | c38798 | c38631,1.0,1
germanquad,q38572,c38568,c38568 | c37379 | c37711 | c41611 | c41211 | c41049 | c38712 | c38631 | c38762 | c44016,1.0,1
germanquad,q38573,c38568,c38568 | c36733 | c41369 | c44127 | c36764 | c41349 | c37475 | c41108 | c40372 | c37379,1.0,1
germanquad,q38574,c38568,c38568 | c37379 | c37711 | c40407 | c41611 | c41211 | c40483 | c41369 | c41049 | c38712,1.0,1
germanquad,q38575,c38568,c38568 | c41211 | c41049 | c41108 | c36733 | c37379 | c41369 | c41611 | c44127 | c36764,1.0,1
germanquad,q38576,c38568,c38568 | c37580 | c38513 | c41165 | c41211 | c40407 | c38188 | c41049 | c41108 | c36538,1.0,1
germanquad,q38577,c38568,c38568 | c41211 | c41049 | c37403 | c41108 | c41523 | c36733 | c37379 | c41599 | c41369,1.0,1
germanquad,q38613,c38613,c38613 | c41401 | c41111 | c41339 | c38282 | c41267 | c41766 | c41156 | c38097 | c36642,1.0,1
germanquad,q38614,c38613,c38613 | c41111 | c41401 | c41422 | c36419 | c36423 | c36428 | c36538 | c36541 | c36548,1.0,1
germanquad,q38615,c38613,c41111 | c41401 | c38613 | c36419 | c36423 | c36428 | c36538 | c36541 | c36548 | c36551,3.0,3
germanquad,q38616,c38613,c38613 | c41401 | c41111 | c41339 | c38282 | c41267 | c41766 | c41156 | c38097 | c36642,1.0,1
germanquad,q38618,c38613,c38613 | c41111 | c41401 | c37084 | c37385 | c41555 | c38320 | c41033 | c40397 | c40467,1.0,1
germanquad,q37671,c37671,c37671 | c37488 | c37346 | c36558 | c38188 | c36791 | c41369 | c38552 | c36548 | c37688,1.0,1
germanquad,q37672,c37671,c37671 | c37488 | c37346 | c38188 | c41386 | c36791 | c41369 | c36548 | c37688 | c37348,1.0,1
germanquad,q37673,c37671,c37671 | c37346 | c37100 | c37319 | c41527 | c37488 | c36752 | c37348 | c37106 | c41205,1.0,1
germanquad,q37675,c37671,c37671 | c37247 | c42107 | c40315 | c37596 | c41555 | c44115 | c36722 | c37263 | c37502,1.0,1
germanquad,q37678,c37671,c37671 | c37488 | c37346 | c41205 | c37688 | c40540 | c36769 | c38188 | c41386 | c36791,1.0,1
germanquad,q37682,c37671,c37671 | c37488 | c37346 | c41369 | c37247 | c42107 | c40315 | c38049 | c37596 | c42109,1.0,1
germanquad,q37683,c37671,c37671 | c41193 | c41386 | c41401 | c41412 | c38180 | c38471 | c41343 | c38293 | c36728,1.0,1
germanquad,q37686,c37671,c37671 | c41193 | c41343 | c41401 | c41412 | c41386 | c38471 | c38293 | c36859 | c37170,1.0,1
germanquad,q37691,c37671,c37671 | c37488 | c37346 | c38798 | c41356 | c41386 | c37419 | c36789 | c38478 | c41148,1.0,1
germanquad,q37700,c37671,c37671 | c37488 | c37346 | c36558 | c38210 | c41528 | c38188 | c38206 | c40537 | c38180,1.0,1
germanquad,q37702,c37671,c37671 | c37488 | c37346 | c41058 | c38210 | c41161 | c41528 | c41169 | c38188 | c38206,1.0,1
germanquad,q37704,c37671,c37671 | c37488 | c37346 | c36984 | c38188 | c40512 | c36791 | c41369 | c38470 | c36548,1.0,1
germanquad,q38338,c38338,c38037 | c38338 | c37862 | c41606 | c38513 | c38168 | c38552 | c37413 | c38156 | c38073,2.0,2
germanquad,q38339,c38338,c38338 | c36572 | c36419 | c36423 | c36428 | c36538 | c36541 | c36548 | c36551 | c36553,1.0,1
germanquad,q38340,c38338,c38338 | c37247 | c42107 | c40315 | c37596 | c41555 | c44115 | c36722 | c37263 | c37502,1.0,1
germanquad,q38341,c38338,c38338 | c38037 | c38156 | c41369 | c36774 | c40470 | c37282 | c37313 | c37175 | c36591,1.0,1
germanquad,q38342,c38338,c38338 | c38037 | c41339 | c36981 | c37192 | c37569 | c37667 | c37018 | c37437 | c38297,1.0,1
germanquad,q38343,c38338,c38338 | c38037 | c37192 | c36774 | c41156 | c37393 | c37055 | c36419 | c36423 | c36428,1.0,1
germanquad,q38534,c38534,c38534 | c37247 | c41049 | c42107 | c40315 | c37596 | c38482 | c41555 | c44115 | c36722,1.0,1
germanquad,q38535,c38534,c38534 | c41115 | c37319 | c44115 | c37252 | c38609 | c37227 | c44122 | c36853 | c38836,1.0,1
germanquad,q38536,c38534,c38534 | c36699 | c38568 | c38314 | c41678 | c36419 | c36423 | c36428 | c36538 | c36541,1.0,1
germanquad,q38540,c38534,c38534 | c38488 | c37185 | c40311 | c42107 | c41435 | c41442 | c38381 | c38004 | c38227,1.0,1
germanquad,q41078,c41078,c41078 | c37446 | c36812 | c38297 | c36428 | c44026 | c41142 | c38332 | c41138 | c36764,1.0,1
germanquad,q41079,c41078,c41078 | c36812 | c38297 | c40219 | c36729 | c36428 | c41413 | c44026 | c41142 | c38332,1.0,1
germanquad,q41231,c41231,c41231 | c41363 | c37357 | c38469 | c37390 | c38320 | c41119 | c41177 | c41296 | c37361,1.0,1
germanquad,q41232,c41231,c41231 | c41363 | c37624 | c36665 | c36419 | c36423 | c36428 | c36538 | c36541 | c36548,1.0,1
germanquad,q41233,c41231,c41231 | c41363 | c41090 | c37393 | c37413 | c41266 | c45661 | c40467 | c38601 | c36736,1.0,1
germanquad,q41234,c41231,c41231 | c41363 | c41119 | c41296 | c37035 | c36551 | c37495 | c37357 | c38613 | c37390,1.0,1
germanquad,q40564,c40564,c40564 | c37437 | c38037 | c38273 | c44104 | c41165 | c40223 | c36419 | c37498 | c41540,1.0,1
germanquad,q40565,c40564,c40564 | c37247 | c42107 | c40315 | c37596 | c40223 | c41555 | c44115 | c36722 | c37263,1.0,1
germanquad,q40566,c40564,c40564 | c40223 | c41133 | c41108 | c41413 | c41478 | c37437 | c40380 | c38037 | c37495,1.0,1
germanquad,q40567,c40564,c40564 | c41210 | c37437 | c36733 | c38037 | c41314 | c45661 | c41165 | c40223 | c41396,1.0,1
germanquad,q40568,c40564,c40564 | c38478 | c37777 | c41206 | c37365 | c44019 | c40223 | c44008 | c41413 | c40462,1.0,1
germanquad,q40569,c40564,c40564 | c37437 | c38037 | c41165 | c40223 | c40467 | c36428 | c37884 | c41396 | c41540,1.0,1
germanquad,q38631,c38631,c38631 | c37298 | c44127 | c38284 | c40411 | c36665 | c40423 | c37018 | c37671 | c37428,1.0,1
germanquad,q38632,c38631,c38631 | c44127 | c40411 | c37298 | c36665 | c38284 | c37018 | c37428 | c37475 | c36419,1.0,1
germanquad,q38633,c38631,c38631 | c44127 | c40411 | c38284 | c37298 | c36665 | c37018 | c38037 | c37428 | c41267,1.0,1
germanquad,q38634,c38631,c38631 | c44127 | c40411 | c38568 | c37298 | c36665 | c41611 | c38284 | c40407 | c37407,1.0,1
germanquad,q38635,c38631,c38631 | c37298 | c40411 | c37428 | c44127 | c36665 | c38284 | c40520 | c38314 | c37509,1.0,1
germanquad,q38636,c38631,c38631 | c36419 | c36423 | c36428 | c36538 | c36541 | c36548 | c36551 | c36553 | c36558,1.0,1
germanquad,q38637,c38631,c38631 | c37298 | c36665 | c44127 | c40411 | c37084 | c40224 | c38284 | c36558 | c41161,1.0,1
germanquad,q38638,c38631,c38631 | c37084 | c37248 | c40411 | c37558 | c37393 | c44019 | c41161 | c41517 | c44127,1.0,1
germanquad,q38639,c38631,c38631 | c40411 | c41105 | c44127 | c41037 | c37298 | c38284 | c36665 | c38478 | c37756,1.0,1
germanquad,q38640,c38631,c38631 | c36419 | c36423 | c36428 | c36538 | c36541 | c36548 | c36551 | c36553 | c36558,1.0,1
germanquad,q38684,c38631,c38631 | c37428 | c36665 | c40411 | c44127 | c37298 | c38284 | c36847 | c41366 | c38233,1.0,1
germanquad,q38685,c38631,c38631 | c36665 | c37428 | c41309 | c44127 | c40411 | c37298 | c38284 | c41356 | c37018,1.0,1
germanquad,q41080,c41080,c41080 | c40462 | c37862 | c38189 | c41179 | c36754 | c41056 | c41364 | c37025 | c37618,1.0,1
germanquad,q41081,c41080,c41080 | c37688 | c41404 | c41396 | c38146 | c38520 | c41413 | c36606 | c36572 | c38628,1.0,1
germanquad,q41083,c41080,c41080 | c41413 | c38471 | c40376 | c37263 | c41404 | c37688 | c41396 | c38842 | c42107,1.0,1
germanquad,q41084,c41080,c41080 | c37688 | c41404 | c41396 | c38146 | c38520 | c41413 | c36606 | c36572 | c38628,1.0,1
germanquad,q41085,c41080,c41080 | c38590 | c41364 | c41322 | c36847 | c37498 | c37667 | c37282 | c38332 | c38073,1.0,1
germanquad,q41086,c41080,c41080 | c37667 | c38188 | c38146 | c37688 | c41062 | c41468 | c38049 | c38258 | c41536,1.0,1
germanquad,q41088,c41080,c37313 | c38798 | c38258 | c37106 | c37667 | c38305 | c37361 | c41080 | c38482 | c37862,8.0,8
germanquad,q41089,c41080,c36594 | c41080 | c38258 | c37106 | c37667 | c37100 | c37756 | c36722 | c45636 | c41468,2.0,2
germanquad,q41235,c41235,c41235 | c41555 | c40483 | c37517 | c38467 | c41611 | c41422 | c37509 | c41344 | c41049,1.0,1
germanquad,q41236,c41235,c41235 | c41555 | c41211 | c38282 | c41611 | c40483 | c41049 | c38568 | c41197 | c38601,1.0,1
germanquad,q41237,c41235,c41235 | c40483 | c41555 | c40380 | c37109 | c36860 | c37517 | c38467 | c41611 | c38631,1.0,1
germanquad,q41238,c41235,c41235 | c40483 | c41555 | c37484 | c41049 | c41394 | c38077 | c41211 | c38568 | c37109,1.0,1
germanquad,q41422,c41422,c41531 | c38177 | c41474 | c38305 | c41422 | c37403 | c38478 | c37046 | c38628 | c37394,5.0,5
germanquad,q41423,c41422,c40224 | c37394 | c41193 | c41422 | c37361 | c37389 | c38206 | c40537 | c37403 | c38478,4.0,4
germanquad,q41424,c41422,c41422 | c38791 | c37100 | c36789 | c41344 | c37884 | c38310 | c37217 | c41343 | c38783,1.0,1
germanquad,q41425,c41422,c41165 | c44127 | c37517 | c37576 | c41422 | c41138 | c36541 | c38469 | c38474 | c37407,5.0,5
germanquad,q41426,c41422,c41422 | c44127 | c41165 | c37517 | c41160 | c38282 | c41556 | c41138 | c38284 | c38240,1.0,1
germanquad,q41427,c41422,c41422 | c44127 | c41165 | c41347 | c37517 | c40498 | c38762 | c36419 | c41160 | c38282,1.0,1
germanquad,q41428,c41422,c37517 | c41422 | c44127 | c41138 | c40483 | c41165 | c41468 | c41535 | c38467 | c38537,2.0,2
germanquad,q41429,c41422,c37517 | c41422 | c44127 | c41165 | c41235 | c41138 | c40483 | c41468 | c37407 | c38783,2.0,2
germanquad,q41430,c41422,c41422 | c41165 | c41138 | c41235 | c44127 | c37517 | c41148 | c38284 | c38474 | c37576,1.0,1
germanquad,q41431,c41422,c41422 | c37346 | c37517 | c40223 | c38282 | c41496 | c37392 | c41138 | c44127 | c36791,1.0,1
germanquad,q41433,c41422,c41422 | c44127 | c36814 | c37446 | c38284 | c41356 | c38546 | c38534 | c38478 | c41517,1.0,1
germanquad,q41434,c41422,c41422 | c44127 | c41165 | c37517 | c38537 | c41160 | c38282 | c38613 | c41556 | c41523,1.0,1
germanquad,q41474,c41474,c41474 | c36596 | c37322 | c41058 | c37680 | c42095 | c41179 | c38273 | c36572 | c37407,1.0,1
germanquad,q41475,c41474,c41474 | c36596 | c37322 | c41058 | c37680 | c41090 | c42095 | c41179 | c41277 | c38273,1.0,1
germanquad,q41476,c41474,c37322 | c41474 | c36596 | c41058 | c37680 | c42095 | c41179 | c41267 | c38273 | c40511,2.0,2
germanquad,q41481,c41474,c41474 | c36596 | c41058 | c37322 | c38835 | c38202 | c41413 | c41404 | c41179 | c37680,1.0,1
germanquad,q41483,c41474,c41474 | c36596 | c38552 | c40520 | c37322 | c41058 | c37680 | c36538 | c41349 | c38305,1.0,1
germanquad,q41484,c41474,c41474 | c36596 | c37322 | c41058 | c37680 | c41584 | c42095 | c40511 | c41179 | c36847,1.0,1
germanquad,q41485,c41474,c41474 | c36596 | c37322 | c41058 | c37680 | c42095 | c41179 | c37446 | c38273 | c38263,1.0,1
germanquad,q41486,c41474,c41179 | c37322 | c40236 | c41474 | c37680 | c36596 | c41058 | c41059 | c41144 | c42095,4.0,4
germanquad,q41555,c41555,c41555 | c37667 | c37018 | c37437 | c36704 | c38002 | c38233 | c36541 | c36764 | c41200,1.0,1
germanquad,q41551,c41555,c37517 | c41555 | c45642 | c37437 | c38783 | c41351 | c38000 | c38282 | c40520 | c38006,2.0,2
germanquad,q41553,c41555,c41555 | c37195 | c38284 | c45264 | c38094 | c38180 | c44019 | c37385 | c40312 | c38188,1.0,1
germanquad,q41554,c41555,c41555 | c41351 | c37437 | c36758 | c41125 | c41339 | c41360 | c36541 | c36764 | c40537,1.0,1
germanquad,q41277,c41277,c41176 | c41090 | c37541 | c41277 | c44138 | c41451 | c40571 | c37003 | c45661 | c38488,4.0,4
germanquad,q41278,c41277,c41277 | c41090 | c44016 | c41584 | c41594 | c41176 | c44104 | c38004 | c41279 | c38488,1.0,1
germanquad,q41628,c41277,c38227 | c38783 | c41142 | c37100 | c37170 | c45642 | c37033 | c37209 | c38000 | c38122,,17
germanquad,q41629,c41277,c38004 | c41277 | c37203 | c37210 | c38227 | c37046 | c38783 | c38006 | c36428 | c36419,2.0,2
germanquad,q41630,c41277,c38188 | c38227 | c45642 | c38842 | c37203 | c40480 | c37046 | c38783 | c40532 | c40376,,11
germanquad,q41631,c41277,c41277 | c38202 | c38786 | c37335 | c37282 | c37419 | c41422 | c36419 | c36423 | c36428,1.0,1
germanquad,q41632,c41277,c41277 | c36419 | c36423 | c36428 | c36538 | c36541 | c36548 | c36551 | c36553 | c36558,1.0,1
germanquad,q41678,c41678,c41678 | c36796 | c36709 | c36572 | c37509 | c44016 | c36764 | c37596 | c37270 | c38475,1.0,1
germanquad,q41685,c41678,c41678 | c38475 | c41133 | c37361 | c37558 | c37270 | c37248 | c37520 | c37324 | c41200,1.0,1
germanquad,q41687,c41678,c41678 | c42095 | c38475 | c40311 | c37576 | c44016 | c42112 | c41133 | c41540 | c37248,1.0,1
germanquad,q41692,c41678,c41678 | c36796 | c40407 | c38475 | c36709 | c41133 | c36791 | c37509 | c41200 | c36572,1.0,1
germanquad,q41693,c41678,c41678 | c37576 | c37248 | c38475 | c44016 | c36423 | c37272 | c38024 | c37357 | c41193,1.0,1
germanquad,q41696,c41678,c41678 | c36602 | c38475 | c37576 | c38381 | c41133 | c36811 | c37248 | c41142 | c41176,1.0,1
germanquad,q41700,c41678,c41678 | c38475 | c37248 | c42095 | c41193 | c37361 | c37389 | c37003 | c38206 | c40311,1.0,1
germanquad,q41707,c41678,c41678 | c37884 | c41111 | c37326 | c41401 | c41611 | c41290 | c41200 | c36796 | c41142,1.0,1
germanquad,q41712,c41678,c41678 | c38475 | c41133 | c36699 | c38545 | c36791 | c40407 | c41360 | c37248 | c37324,1.0,1
germanquad,q41715,c41678,c41678 | c38475 | c36572 | c41153 | c36709 | c37326 | c41133 | c37361 | c37558 | c37509,1.0,1
germanquad,q41718,c41678,c41678 | c36791 | c37248 | c44138 | c38475 | c37203 | c41277 | c36728 | c38241 | c38290,1.0,1
germanquad,q41719,c41678,c41678 | c37596 | c42095 | c37361 | c37558 | c36791 | c37248 | c37520 | c38475 | c41344,1.0,1
germanquad,q41720,c41678,c41678 | c41133 | c41165 | c38004 | c36796 | c37407 | c41533 | c40467 | c37170 | c37361,1.0,1
germanquad,q41731,c41731,c41731 | c41148 | c44138 | c37517 | c41527 | c42123 | c41119 | c38835 | c37319 | c37346,1.0,1
germanquad,q41732,c41731,c41731 | c41148 | c41527 | c42123 | c37580 | c36727 | c41200 | c37407 | c41192 | c41119,1.0,1
germanquad,q41733,c41731,c37659 | c38061 | c41731 | c42123 | c41527 | c41148 | c38835 | c41119 | c38122 | c38125,3.0,3
germanquad,q42123,c42123,c42123 | c38469 | c41179 | c41474 | c38762 | c38534 | c40511 | c38263 | c38077 | c41290,1.0,1
germanquad,q42124,c42123,c42123 | c41138 | c37217 | c44008 | c42107 | c38470 | c37495 | c37035 | c40405 | c38628,1.0,1
germanquad,q41267,c41267,c41267 | c38273 | c40512 | c41153 | c37024 | c41401 | c38210 | c36791 | c38156 | c38579,1.0,1
germanquad,q41268,c41267,c41267 | c37569 | c41105 | c40511 | c40315 | c45264 | c38037 | c40571 | c37379 | c40579,1.0,1
germanquad,q41269,c41267,c41267 | c45264 | c40571 | c37348 | c36419 | c41309 | c37106 | c36848 | c41343 | c38273,1.0,1
germanquad,q41271,c41267,c41267 | c38273 | c41153 | c40512 | c38037 | c45264 | c37024 | c40579 | c38156 | c40511,1.0,1
germanquad,q41272,c41267,c41267 | c38273 | c40512 | c41153 | c38156 | c45264 | c40511 | c41386 | c40369 | c41171,1.0,1
germanquad,q41273,c41267,c41267 | c37024 | c36791 | c40470 | c38579 | c37313 | c38478 | c38037 | c37884 | c41115,1.0,1
germanquad,q41274,c41267,c41267 | c38273 | c41309 | c45264 | c41138 | c44008 | c37496 | c41555 | c42123 | c40512,1.0,1
germanquad,q41275,c41267,c41267 | c38273 | c40512 | c45264 | c41386 | c40498 | c41125 | c38057 | c38552 | c37099,1.0,1
germanquad,q41276,c41267,c41267 | c40512 | c36423 | c41119 | c38273 | c37379 | c40520 | c38478 | c37170 | c41161,1.0,1
germanquad,q41304,c41304,c41304 | c37498 | c36752 | c36860 | c37862 | c38210 | c37671 | c38307 | c41528 | c38206,1.0,1
germanquad,q41305,c41304,c41304 | c36752 | c36784 | c37175 | c37862 | c36419 | c36423 | c36428 | c36538 | c36541,1.0,1
germanquad,q41306,c41304,c41304 | c41290 | c37248 | c40498 | c38537 | c41611 | c40579 | c37731 | c41344 | c38073,1.0,1
germanquad,q41308,c41304,c36752 | c41304 | c37862 | c41062 | c41500 | c36754 | c40436 | c38146 | c38297 | c40369,2.0,2
germanquad,q41339,c41339,c37264 | c41339 | c41156 | c40483 | c38206 | c38146 | c40380 | c42109 | c37197 | c41211,2.0,2
germanquad,q41340,c41339,c37264 | c37109 | c38089 | c40483 | c41339 | c41369 | c38146 | c37348 | c37862 | c37493,5.0,5
germanquad,q41341,c41339,c41339 | c40483 | c37264 | c38146 | c38089 | c36541 | c36764 | c40537 | c41555 | c37517,1.0,1
germanquad,q41445,c41445,c37208 | c41445 | c38188 | c38545 | c37407 | c40532 | c38125 | c36984 | c38783 | c41153,2.0,2
germanquad,q41314,c41314,c41314 | c41210 | c37777 | c36733 | c40564 | c45661 | c41500 | c41386 | c36762 | c41396,1.0,1
germanquad,q41315,c41314,c41314 | c40467 | c41396 | c45636 | c40448 | c38251 | c40564 | c41205 | c38247 | c37248,1.0,1
germanquad,q41316,c41314,c41314 | c41267 | c41304 | c38552 | c41171 | c36419 | c36423 | c36428 | c36538 | c36541,1.0,1
germanquad,q41317,c41314,c41314 | c41267 | c41304 | c38552 | c41171 | c36419 | c36423 | c36428 | c36538 | c36541,1.0,1
germanquad,q41319,c41314,c41314 | c37379 | c40543 | c36419 | c36423 | c36428 | c36538 | c36541 | c36548 | c36551,1.0,1
germanquad,q41318,c41314,c41314 | c37247 | c42107 | c40315 | c37596 | c41555 | c44115 | c36722 | c37263 | c37502,1.0,1
germanquad,q41320,c41314,c41314 | c36791 | c36722 | c40483 | c41037 | c36764 | c38087 | c37379 | c37270 | c44026,1.0,1
germanquad,q41321,c41314,c41314 | c37569 | c38482 | c36791 | c36722 | c41364 | c41156 | c40467 | c41396 | c41058,1.0,1
germanquad,q41451,c41451,c41451 | c41177 | c38624 | c37319 | c41394 | c38247 | c40511 | c41125 | c36733 | c41474,1.0,1
germanquad,q41453,c41451,c41451 | c41177 | c38624 | c37319 | c41394 | c38247 | c37268 | c41153 | c38568 | c37322,1.0,1
germanquad,q41496,c41496,c41496 | c37197 | c36693 | c38798 | c37237 | c44026 | c36688 | c36541 | c40571 | c36419,1.0,1
germanquad,q41498,c41496,c41496 | c37197 | c36693 | c38798 | c37569 | c37203 | c37237 | c40480 | c41267 | c41108,1.0,1
germanquad,q41499,c41496,c41496 | c37197 | c36693 | c38798 | c37268 | c37237 | c44026 | c41049 | c40480 | c41266,1.0,1
germanquad,q41501,c41496,c41496 | c37197 | c36693 | c44026 | c38206 | c38241 | c38798 | c36722 | c37394 | c37237,1.0,1
germanquad,q41502,c41496,c41496 | c44026 | c41401 | c36722 | c37403 | c41386 | c37270 | c37263 | c45653 | c38206,1.0,1
germanquad,q41504,c41496,c41496 | c37385 | c37248 | c38798 | c37777 | c37475 | c37237 | c38045 | c37659 | c44026,1.0,1
germanquad,q41506,c41496,c41496 | c37237 | c37197 | c36693 | c38798 | c44026 | c41108 | c38537 | c38631 | c37348,1.0,1
germanquad,q41507,c41496,c41496 | c37197 | c38798 | c36693 | c37237 | c36704 | c44026 | c36674 | c41192 | c37862,1.0,1
germanquad,q41556,c41556,c41556 | c37407 | c40532 | c36984 | c38006 | c41165 | c40564 | c37203 | c44104 | c37106,1.0,1
germanquad,q41557,c41556,c41556 | c41160 | c38520 | c36769 | c36596 | c40236 | c41059 | c41144 | c41133 | c41171,1.0,1
germanquad,q41558,c41556,c41556 | c36754 | c38488 | c41115 | c41442 | c37208 | c41206 | c38227 | c37203 | c40311,1.0,1
germanquad,q41560,c41556,c41556 | c40236 | c41138 | c45648 | c41059 | c36847 | c41105 | c37442 | c41144 | c41133,1.0,1
germanquad,q41561,c41556,c41556 | c40236 | c41059 | c41144 | c41133 | c41171 | c41193 | c36591 | c37280 | c38045,1.0,1
germanquad,q41562,c41556,c41556 | c37217 | c37495 | c40236 | c41059 | c41144 | c41133 | c41171 | c36591 | c38314,1.0,1
germanquad,q41563,c41556,c41556 | c37185 | c37084 | c37217 | c38631 | c41267 | c41161 | c38314 | c37046 | c37403,1.0,1
germanquad,q41564,c41556,c41556 | c41179 | c40236 | c41059 | c40564 | c41144 | c41133 | c37248 | c41171 | c36591,1.0,1
germanquad,q41565,c41556,c41556 | c40236 | c41059 | c41144 | c41133 | c41171 | c36591 | c41391 | c41160 | c36581,1.0,1
germanquad,q41566,c41556,c41556 | c40236 | c41059 | c41144 | c41133 | c41171 | c38281 | c36591 | c41160 | c41533,1.0,1
germanquad,q41567,c41556,c41556 | c41533 | c36847 | c41179 | c40236 | c38057 | c41059 | c36816 | c38786 | c38568,1.0,1
germanquad,q41568,c41556,c41556 | c37282 | c36591 | c40236 | c41448 | c41059 | c41144 | c41133 | c41171 | c37495,1.0,1
germanquad,q41569,c41556,c41133 | c41556 | c40223 | c36736 | c37195 | c37003 | c40311 | c42095 | c38037 | c37576,2.0,2
germanquad,q41570,c41556,c41556 | c38284 | c41144 | c37003 | c41225 | c40311 | c38024 | c42095 | c41059 | c38177,1.0,1
germanquad,q44016,c44016,c44016 | c42095 | c36423 | c37576 | c36796 | c37394 | c36665 | c37777 | c41133 | c40311,1.0,1
germanquad,q44017,c44016,c44016 | c42095 | c36428 | c41447 | c37394 | c36736 | c37871 | c36423 | c37576 | c36665,1.0,1
germanquad,q44018,c44016,c44016 | c36428 | c42095 | c36602 | c41478 | c36423 | c42112 | c36419 | c40411 | c41447,1.0,1
germanquad,q41322,c41322,c41322 | c41536 | c40462 | c37346 | c36859 | c37488 | c37756 | c38305 | c38290 | c45635,1.0,1
germanquad,q41323,c41322,c41322 | c41536 | c40462 | c37346 | c36859 | c37488 | c37756 | c38305 | c38290 | c45635,1.0,1
germanquad,q41324,c41322,c41322 | c41536 | c37756 | c38305 | c38290 | c40462 | c41037 | c36859 | c37886 | c36642,1.0,1
germanquad,q41325,c41322,c41322 | c41536 | c37756 | c38168 | c38305 | c38290 | c38806 | c41239 | c40471 | c40504,1.0,1
germanquad,q41326,c41322,c41322 | c36859 | c41536 | c40462 | c37756 | c38168 | c37886 | c38305 | c38290 | c41533,1.0,1
germanquad,q41327,c41322,c41322 | c40462 | c38290 | c40315 | c41536 | c37756 | c36859 | c41037 | c36722 | c36789,1.0,1
germanquad,q41329,c41322,c41322 | c40462 | c41536 | c38290 | c36859 | c41037 | c37756 | c38305 | c41344 | c40436,1.0,1
germanquad,q41330,c41322,c41322 | c41536 | c40462 | c36859 | c37756 | c38168 | c38305 | c38290 | c37247 | c41369,1.0,1
germanquad,q41331,c41322,c41322 | c41536 | c40462 | c36859 | c37756 | c38305 | c38290 | c38282 | c41451 | c37680,1.0,1
germanquad,q41442,c41442,c41442 | c41037 | c38520 | c42112 | c37756 | c37886 | c40315 | c41435 | c41349 | c36688,1.0,1
germanquad,q41443,c41442,c41442 | c38520 | c42112 | c37247 | c42107 | c40315 | c37596 | c41555 | c44115 | c36722,1.0,1
germanquad,q41444,c41442,c41442 | c38520 | c42112 | c36611 | c40543 | c38806 | c44123 | c41152 | c40436 | c38290,1.0,1
germanquad,q41465,c41465,c41465 | c37282 | c37197 | c36541 | c36847 | c37346 | c44026 | c41496 | c38631 | c37777,1.0,1
germanquad,q41454,c41465,c37282 | c38268 | c37025 | c36638 | c36594 | c36847 | c38552 | c37303 | c37495 | c41296,,49
germanquad,q41455,c41465,c37282 | c44008 | c41192 | c41153 | c36816 | c41219 | c37268 | c37170 | c41349 | c40423,,84
germanquad,q41460,c41465,c41465 | c37282 | c36419 | c36423 | c36428 | c36538 | c36541 | c36548 | c36551 | c36553,1.0,1
germanquad,q41461,c41465,c41465 | c41296 | c40405 | c38180 | c36594 | c36847 | c41080 | c44115 | c38590 | c37303,1.0,1
germanquad,q41462,c41465,c41465 | c37722 | c37016 | c41188 | c40389 | c40511 | c37303 | c40436 | c41447 | c36724,1.0,1
germanquad,q41463,c41465,c37099 | c41206 | c41465 | c37034 | c41599 | c36853 | c41401 | c41344 | c37209 | c41090,3.0,3
germanquad,q41464,c41465,c41465 | c38141 | c41067 | c36611 | c40376 | c36812 | c41528 | c41344 | c41090 | c36419,1.0,1
germanquad,q41466,c41465,c41465 | c37282 | c37197 | c37346 | c41496 | c40470 | c41058 | c41478 | c41169 | c38049,1.0,1
germanquad,q41467,c41465,c37197 | c37282 | c41465 | c37346 | c41496 | c38631 | c41105 | c38194 | c38077 | c41058,3.0,3
germanquad,q41517,c41517,c41517 | c38284 | c44127 | c41422 | c36752 | c38546 | c38534 | c38478 | c40223 | c37403,1.0,1
germanquad,q41509,c41517,c41517 | c45648 | c37731 | c36419 | c36423 | c36428 | c36538 | c36541 | c36548 | c36551,1.0,1
germanquad,q41510,c41517,c41517 | c37731 | c45648 | c37034 | c36591 | c41448 | c41193 | c37442 | c36419 | c36423,1.0,1
germanquad,q41511,c41517,c37389 | c36611 | c37014 | c37407 | c38210 | c40532 | c36760 | c38836 | c37496 | c36984,,24
germanquad,q41518,c41517,c41517 | c37442 | c45648 | c41219 | c37731 | c41364 | c40535 | c37224 | c37357 | c36551,1.0,1
germanquad,q41513,c41517,c41517 | c45648 | c37731 | c41267 | c40511 | c38478 | c38263 | c38552 | c37502 | c36419,1.0,1
germanquad,q41515,c41517,c38344 | c38131 | c45642 | c44008 | c38263 | c36860 | c38156 | c38798 | c37310 | c41235,,23
germanquad,q41516,c41517,c41517 | c45648 | c37731 | c40543 | c36419 | c36423 | c36428 | c36538 | c36541 | c36548,1.0,1
germanquad,q41514,c41517,c37014 | c37407 | c40532 | c38836 | c36602 | c37496 | c36984 | c40520 | c38816 | c37389,,31
germanquad,q41519,c41517,c41517 | c36419 | c36423 | c36428 | c36538 | c36541 | c36548 | c36551 | c36553 | c36558,1.0,1
germanquad,q41520,c41517,c41517 | c41056 | c37618 | c41138 | c36762 | c40519 | c37403 | c37884 | c36704 | c37268,1.0,1
germanquad,q41522,c41517,c41517 | c41119 | c37264 | c40535 | c37224 | c37357 | c36551 | c37659 | c36754 | c44019,1.0,1
germanquad,q41594,c41594,c41594 | c38332 | c41584 | c37313 | c38087 | c36784 | c36811 | c41090 | c36419 | c36423,1.0,1
germanquad,q41592,c41594,c41594 | c38332 | c36419 | c36423 | c36428 | c36538 | c36541 | c36548 | c36551 | c36553,1.0,1
germanquad,q41593,c41594,c41594 | c38332 | c36718 | c41090 | c38628 | c41584 | c36551 | c36758 | c37203 | c36419,1.0,1
germanquad,q41595,c41594,c41594 | c38332 | c38310 | c41535 | c36718 | c36848 | c37644 | c37209 | c37237 | c41678,1.0,1
germanquad,q41596,c41594,c41594 | c38332 | c45642 | c41090 | c41347 | c37379 | c38762 | c41584 | c40477 | c37886,1.0,1
germanquad,q41597,c41594,c41594 | c38332 | c41584 | c36419 | c40477 | c45642 | c37313 | c40448 | c41090 | c41347,1.0,1
germanquad,q44019,c44019,c44019 | c37324 | c38247 | c37393 | c37084 | c41322 | c38631 | c41161 | c37046 | c41090,1.0,1
germanquad,q44020,c44019,c44019 | c36816 | c38247 | c37303 | c37403 | c41347 | c37878 | c41734 | c36419 | c36423,1.0,1
germanquad,q44021,c44019,c44019 | c36728 | c45661 | c37361 | c37680 | c38247 | c38560 | c41347 | c37495 | c41049,1.0,1
germanquad,q44022,c44019,c44019 | c45661 | c38247 | c36728 | c38560 | c40543 | c36419 | c36423 | c36428 | c36538,1.0,1
germanquad,q44023,c44019,c44019 | c38247 | c37655 | c36548 | c38837 | c40224 | c37014 | c41188 | c37326 | c36541,1.0,1
germanquad,q44024,c44019,c44019 | c37361 | c38247 | c37046 | c38475 | c40219 | c40511 | c41210 | c41366 | c40369,1.0,1
germanquad,q44025,c44019,c44019 | c38180 | c37680 | c38247 | c36803 | c38798 | c37394 | c37003 | c36665 | c37509,1.0,1
germanquad,q44127,c44127,c44127 | c38284 | c38478 | c38546 | c40411 | c40223 | c37298 | c38631 | c38534 | c41517,1.0,1
germanquad,q44128,c44127,c44127 | c38478 | c38284 | c38546 | c40411 | c40223 | c37298 | c38631 | c38534 | c38240,1.0,1
germanquad,q44129,c44127,c44127 | c37348 | c41468 | c38478 | c38240 | c41165 | c37884 | c41351 | c38281 | c40407,1.0,1
germanquad,q44130,c44127,c37428 | c37348 | c44127 | c36762 | c41468 | c41144 | c41160 | c37580 | c40448 | c41161,3.0,3
germanquad,q44132,c44127,c44127 | c38631 | c38284 | c40411 | c37298 | c36665 | c37348 | c41165 | c37018 | c37428,1.0,1
germanquad,q44134,c44127,c38631 | c40411 | c44127 | c37298 | c36665 | c38284 | c41447 | c36553 | c36767 | c38628,3.0,3
germanquad,q44136,c44127,c44127 | c38284 | c40411 | c37517 | c41138 | c41165 | c37298 | c38631 | c36665 | c38282,1.0,1
germanquad,q44135,c44127,c44127 | c38631 | c40411 | c37298 | c36665 | c38546 | c41108 | c38284 | c38037 | c37018,1.0,1
germanquad,q44137,c44127,c44127 | c37517 | c41138 | c41165 | c40471 | c38284 | c38282 | c38281 | c40407 | c38609,1.0,1
germanquad,q44140,c44127,c44127 | c38284 | c40411 | c36764 | c37517 | c41138 | c41165 | c37298 | c38631 | c38478,1.0,1
germanquad,q44141,c44127,c44127 | c38762 | c41356 | c37392 | c38552 | c38537 | c36596 | c40483 | c38282 | c37217,1.0,1
germanquad,q44142,c44127,c44127 | c41356 | c36814 | c37446 | c37392 | c37217 | c41165 | c38006 | c41422 | c41386,1.0,1
germanquad,q41468,c41468,c37484 | c37493 | c38206 | c41468 | c37237 | c38537 | c45648 | c37419 | c41211 | c36419,4.0,4
germanquad,q41469,c41468,c41468 | c36541 | c38537 | c36796 | c37493 | c38284 | c37248 | c40511 | c38206 | c41279,1.0,1
germanquad,q41470,c41468,c41468 | c40411 | c37407 | c41211 | c37484 | c37493 | c40407 | c38206 | c38006 | c38281,1.0,1
germanquad,q41471,c41468,c41468 | c37237 | c41339 | c38537 | c37484 | c37493 | c36541 | c38206 | c38488 | c41413,1.0,1
germanquad,q41472,c41468,c41468 | c37493 | c38537 | c36733 | c36859 | c38202 | c41279 | c36541 | c44127 | c37596,1.0,1
germanquad,q41473,c41468,c41138 | c38206 | c38000 | c41468 | c38537 | c41731 | c38545 | c37237 | c37493 | c36551,4.0,4
germanquad,q41523,c41523,c38241 | c37398 | c41523 | c41386 | c37203 | c41766 | c41156 | c37777 | c38478 | c41412,3.0,3
germanquad,q41524,c41523,c41386 | c41523 | c41205 | c41267 | c36784 | c38273 | c36419 | c36423 | c36428 | c36538,2.0,2
germanquad,q41525,c41523,c41523 | c41386 | c38241 | c41296 | c41205 | c41267 | c44123 | c37777 | c36803 | c36642,1.0,1
germanquad,q41544,c41523,c41523 | c41386 | c38057 | c37385 | c40512 | c42095 | c38320 | c38273 | c40571 | c38631,1.0,1
germanquad,q41545,c41523,c41523 | c41386 | c40512 | c38057 | c38241 | c37385 | c42095 | c37862 | c41205 | c38233,1.0,1
germanquad,q41546,c41523,c41523 | c44026 | c37862 | c36784 | c36419 | c36423 | c36428 | c36538 | c36541 | c36548,1.0,1
germanquad,q41547,c41523,c41523 | c40407 | c36419 | c36423 | c36428 | c36538 | c36541 | c36548 | c36551 | c36553,1.0,1
germanquad,q41548,c41523,c41523 | c41386 | c38057 | c37385 | c40512 | c42095 | c37298 | c36816 | c41205 | c41267,1.0,1
germanquad,q41549,c41523,c41267 | c41037 | c37346 | c41386 | c38206 | c37217 | c41205 | c41523 | c41556 | c38320,8.0,8
germanquad,q41550,c41523,c41386 | c41523 | c38057 | c40512 | c41161 | c37385 | c41192 | c40448 | c41179 | c36752,2.0,2
germanquad,q41584,c41584,c41584 | c40579 | c36791 | c36722 | c37263 | c38061 | c37014 | c41360 | c37330 | c38568,1.0,1
germanquad,q41571,c41584,c41584 | c41309 | c37313 | c36665 | c38087 | c40532 | c41594 | c38475 | c36784 | c38631,1.0,1
germanquad,q41572,c41584,c41584 | c37313 | c36784 | c41599 | c38087 | c41594 | c44045 | c38624 | c37383 | c40504,1.0,1
germanquad,q41573,c41584,c36781 | c41599 | c45657 | c37722 | c41290 | c37247 | c41062 | c41396 | c38712 | c41193,,11
germanquad,q41574,c41584,c41599 | c41584 | c37084 | c36419 | c36423 | c36428 | c36538 | c36541 | c36548 | c36551,2.0,2
germanquad,q41575,c41584,c41584 | c37203 | c44138 | c41344 | c41277 | c36709 | c38247 | c44115 | c36572 | c41528,1.0,1
germanquad,q41576,c41584,c41584 | c38002 | c37313 | c36709 | c38087 | c38560 | c37659 | c41594 | c37195 | c42107,1.0,1
germanquad,q41578,c41584,c41584 | c41523 | c41296 | c44123 | c40477 | c37777 | c40315 | c36642 | c41599 | c37379,1.0,1
germanquad,q41580,c41584,c41584 | c41138 | c37403 | c36704 | c37268 | c38310 | c38189 | c38836 | c41067 | c38332,1.0,1
germanquad,q41581,c41584,c41584 | c38247 | c38063 | c41138 | c37210 | c41536 | c36718 | c37403 | c36758 | c41512,1.0,1
germanquad,q41582,c41584,c41584 | c41468 | c40532 | c44115 | c41594 | c37326 | c38835 | c36602 | c41344 | c41347,1.0,1
germanquad,q41583,c41584,c41584 | c36558 | c38553 | c40224 | c41500 | c40448 | c41211 | c40579 | c37084 | c41678,1.0,1
germanquad,q41586,c41584,c41584 | c41279 | c38552 | c40380 | c38314 | c41277 | c42112 | c36419 | c36423 | c36428,1.0,1
germanquad,q41587,c41584,c41279 | c41584 | c38552 | c38553 | c38590 | c40405 | c44097 | c40224 | c41363 | c38314,2.0,2
germanquad,q41588,c41584,c41584 | c40477 | c38242 | c38002 | c41058 | c37379 | c41304 | c37330 | c38837 | c36814,1.0,1
germanquad,q41589,c41584,c41584 | c40224 | c41171 | c37346 | c36548 | c38180 | c44019 | c37886 | c37379 | c41343,1.0,1
germanquad,q41591,c41584,c41584 | c41179 | c37426 | c37018 | c42112 | c38281 | c40483 | c41037 | c41314 | c36699,1.0,1
germanquad,q44122,c44122,c38553 | c37558 | c44122 | c37175 | c37014 | c38836 | c37496 | c40520 | c38816 | c37389,3.0,3
germanquad,q44121,c44122,c44122 | c38471 | c40376 | c37263 | c41413 | c38842 | c42107 | c36749 | c37558 | c41062,1.0,1
germanquad,q44124,c44122,c44122 | c38553 | c37558 | c37175 | c38712 | c37033 | c36767 | c41205 | c37383 | c36754,1.0,1
germanquad,q44125,c44122,c44122 | c38553 | c37558 | c38122 | c40436 | c37175 | c38712 | c38466 | c36767 | c45635,1.0,1
germanquad,q41766,c41766,c41766 | c40543 | c40224 | c37298 | c38786 | c38624 | c38125 | c37264 | c41266 | c41192,1.0,1
germanquad,q41770,c41766,c41766 | c41161 | c38125 | c36572 | c36816 | c38077 | c37298 | c41049 | c37475 | c36762,1.0,1
germanquad,q41772,c41766,c41766 | c40543 | c38786 | c37003 | c38125 | c37298 | c38579 | c36816 | c37385 | c41161,1.0,1
germanquad,q41774,c41766,c41766 | c40224 | c40543 | c37197 | c38798 | c37055 | c36558 | c37475 | c40579 | c41192,1.0,1
germanquad,q41779,c41766,c41766 | c40543 | c37055 | c37313 | c40423 | c40224 | c38219 | c38798 | c36674 | c37502,1.0,1
germanquad,q41782,c41766,c41766 | c40543 | c41386 | c41412 | c41193 | c38471 | c41343 | c38241 | c38180 | c37398,1.0,1
germanquad,q41787,c41766,c41766 | c41386 | c37175 | c41448 | c37280 | c40372 | c41412 | c41465 | c41193 | c38471,1.0,1
germanquad,q44015,c41766,c41766 | c36803 | c40543 | c38087 | c41349 | c41442 | c41339 | c41536 | c38206 | c36693,1.0,1
germanquad,q36611,c36611,c36611 | c38553 | c40540 | c41152 | c41442 | c40436 | c36984 | c41349 | c37756 | c37055,1.0,1
germanquad,q36612,c36611,c36611 | c40219 | c37175 | c37520 | c38307 | c36419 | c36423 | c36428 | c36538 | c36541,1.0,1
germanquad,q36613,c36611,c36611 | c40219 | c44104 | c38307 | c41067 | c36591 | c44097 | c36860 | c41125 | c37330,1.0,1
germanquad,q36608,c36611,c36611 | c40219 | c41067 | c36718 | c38307 | c38590 | c42127 | c37025 | c37330 | c38482,1.0,1
germanquad,q36609,c36611,c36611 | c40219 | c41304 | c38307 | c42127 | c37330 | c38482 | c36581 | c38624 | c41090,1.0,1
germanquad,q36610,c36611,c36611 | c37175 | c38553 | c40540 | c36419 | c36423 | c36428 | c36538 | c36541 | c36548,1.0,1
germanquad,q36796,c36796,c36796 | c41678 | c37270 | c45636 | c37248 | c38024 | c36709 | c36572 | c37509 | c37319,1.0,1
germanquad,q36797,c36796,c36796 | c41678 | c36709 | c36423 | c38281 | c36665 | c36736 | c37248 | c36428 | c41401,1.0,1
germanquad,q36578,c36796,c36796 | c37326 | c41447 | c38273 | c38613 | c37884 | c42095 | c41678 | c41108 | c40448,1.0,1
germanquad,q36579,c36796,c36796 | c41165 | c41533 | c42112 | c37576 | c38281 | c36736 | c36423 | c40467 | c42095,1.0,1
germanquad,q36580,c36796,c36796 | c37248 | c41678 | c41200 | c36709 | c36764 | c42112 | c37407 | c38281 | c41468,1.0,1
germanquad,q37024,c37024,c37024 | c41500 | c38063 | c41078 | c36848 | c36812 | c37624 | c41382 | c41267 | c36859,1.0,1
germanquad,q37027,c37024,c37024 | c41500 | c38338 | c38320 | c38063 | c37688 | c40471 | c41555 | c41351 | c37303,1.0,1
germanquad,q37030,c37024,c37024 | c41500 | c38320 | c38063 | c37688 | c40369 | c41267 | c40471 | c41555 | c36791,1.0,1
germanquad,q37099,c37099,c37099 | c41165 | c41179 | c36736 | c36423 | c37280 | c37884 | c41347 | c38006 | c38097,1.0,1
germanquad,q38146,c38146,c38146 | c40537 | c36860 | c40483 | c41235 | c36581 | c36774 | c41339 | c37264 | c40380,1.0,1
germanquad,q38147,c38146,c38146 | c40483 | c37264 | c41339 | c38089 | c36419 | c36423 | c36428 | c36538 | c36541,1.0,1
germanquad,q38148,c38146,c38146 | c40483 | c37264 | c41339 | c38089 | c36860 | c37403 | c38478 | c38628 | c37394,1.0,1
germanquad,q38150,c38146,c38146 | c36860 | c40483 | c37264 | c41339 | c38089 | c37280 | c41304 | c40519 | c36704,1.0,1
germanquad,q38152,c38146,c40483 | c38146 | c37264 | c36581 | c41339 | c41304 | c38089 | c37280 | c41528 | c41445,2.0,2
germanquad,q38155,c38146,c38146 | c38089 | c40483 | c37264 | c41339 | c38049 | c36794 | c38842 | c38471 | c38045,1.0,1
germanquad,q44045,c44045,c44045 | c41584 | c36419 | c36423 | c36428 | c36538 | c36541 | c36548 | c36551 | c36553,1.0,1
germanquad,q44046,c44045,c44045 | c37419 | c42123 | c41584 | c41363 | c40372 | c38560 | c37217 | c36722 | c37208,1.0,1
germanquad,q44099,c44045,c44045 | c41584 | c36419 | c36423 | c36428 | c36538 | c36541 | c36548 | c36551 | c36553,1.0,1
germanquad,q44101,c44045,c44045 | c38189 | c36754 | c41391 | c41364 | c36581 | c37025 | c37711 | c36860 | c37644,1.0,1
germanquad,q44103,c44045,c44045 | c38470 | c41584 | c41165 | c36419 | c36423 | c36428 | c36538 | c36541 | c36548,1.0,1
germanquad,q44105,c44045,c44045 | c38977 | c41206 | c38553 | c41090 | c37014 | c37210 | c38836 | c36718 | c36811,1.0,1
germanquad,q44106,c44045,c44045 | c40219 | c41406 | c37502 | c37520 | c41474 | c37282 | c37210 | c38293 | c45624,1.0,1
germanquad,q44107,c44045,c44045 | c41584 | c41090 | c38094 | c40372 | c36769 | c41391 | c36729 | c40470 | c37192,1.0,1
germanquad,q44108,c44045,c44045 | c41206 | c38553 | c41090 | c37014 | c37878 | c38305 | c41584 | c36811 | c37210,1.0,1
germanquad,q44109,c44045,c44045 | c41766 | c37777 | c41584 | c37731 | c36811 | c36419 | c36423 | c36428 | c36538,1.0,1
germanquad,q44112,c44045,c44045 | c37014 | c37210 | c38293 | c38836 | c37496 | c41512 | c37270 | c41406 | c40520,1.0,1
germanquad,q44116,c44045,c44045 | c41080 | c38188 | c38791 | c38061 | c41468 | c41478 | c41584 | c36784 | c36581,1.0,1
germanquad,q44117,c44045,c44045 | c38202 | c41584 | c41115 | c37319 | c44115 | c37252 | c38609 | c37227 | c44122,1.0,1
germanquad,q44119,c44045,c44045 | c38189 | c36754 | c41364 | c37025 | c41584 | c41080 | c36419 | c36423 | c36428,1.0,1
germanquad,q36594,c36594,c36594 | c41366 | c37878 | c41363 | c40311 | c41059 | c37871 | c40236 | c38177 | c37003,1.0,1
germanquad,q36595,c36594,c36594 | c40311 | c37495 | c37003 | c41059 | c41200 | c41366 | c40543 | c41179 | c38310,1.0,1
germanquad,q36816,c36816,c36816 | c36551 | c41412 | c42109 | c40483 | c41037 | c41314 | c36764 | c38087 | c37379,1.0,1
germanquad,q36821,c36816,c36816 | c36551 | c41412 | c36754 | c42109 | c41451 | c41197 | c36722 | c37263 | c37055,1.0,1
germanquad,q36822,c36816,c36816 | c36551 | c41412 | c42109 | c40483 | c41037 | c41314 | c36764 | c38087 | c37379,1.0,1
germanquad,q36823,c36816,c36816 | c36551 | c41412 | c44019 | c37303 | c42109 | c37878 | c36419 | c36423 | c36428,1.0,1
germanquad,q36824,c36816,c36816 | c36551 | c41412 | c44019 | c37303 | c42109 | c38836 | c40512 | c38188 | c37615,1.0,1
germanquad,q36825,c36816,c36816 | c36551 | c41412 | c38241 | c38177 | c42109 | c37310 | c37655 | c41108 | c37659,1.0,1
germanquad,q36826,c36816,c36551 | c36816 | c41412 | c37237 | c42109 | c41540 | c37207 | c41138 | c36704 | c41339,2.0,2
germanquad,q36828,c36816,c36816 | c36551 | c41412 | c41059 | c38177 | c42109 | c36594 | c41169 | c41161 | c37398,1.0,1
germanquad,q36829,c36816,c36816 | c37298 | c38488 | c38125 | c36551 | c41412 | c38786 | c36769 | c41197 | c36598,1.0,1
germanquad,q36830,c36816,c36816 | c36551 | c41412 | c37777 | c37303 | c37018 | c42109 | c36674 | c38227 | c38024,1.0,1
germanquad,q36831,c36816,c36816 | c37018 | c36551 | c41412 | c37303 | c41197 | c42109 | c36693 | c38242 | c37264,1.0,1
germanquad,q36832,c36816,c36816 | c36551 | c41412 | c41290 | c41496 | c41161 | c44019 | c37303 | c41599 | c42109,1.0,1
germanquad,q36833,c36816,c36816 | c41412 | c36551 | c41059 | c42109 | c37558 | c36796 | c36594 | c36736 | c36572,1.0,1
germanquad,q36834,c36816,c36816 | c41412 | c36551 | c41496 | c40389 | c36538 | c44019 | c37303 | c42109 | c38798,1.0,1
germanquad,q36835,c36816,c36816 | c38125 | c38488 | c37488 | c41766 | c36551 | c41412 | c38326 | c37680 | c38786,1.0,1
germanquad,q36836,c36816,c36816 | c41599 | c37055 | c41314 | c37277 | c38806 | c41277 | c41496 | c41412 | c38288,1.0,1
germanquad,q36837,c36816,c36816 | c38579 | c38000 | c36688 | c41349 | c36769 | c36598 | c36789 | c44019 | c36693,1.0,1
germanquad,q36838,c36816,c36816 | c36551 | c41412 | c38057 | c38488 | c42109 | c37280 | c36598 | c44104 | c36688,1.0,1
germanquad,q37034,c37034,c37034 | c41394 | c37383 | c38624 | c38247 | c37624 | c37319 | c36803 | c37361 | c36754,1.0,1
germanquad,q37036,c37034,c37034 | c41394 | c37383 | c38624 | c38247 | c37624 | c37319 | c36803 | c37361 | c36754,1.0,1
germanquad,q37039,c37034,c37034 | c38624 | c37383 | c41394 | c38247 | c37624 | c36984 | c40395 | c37319 | c40512,1.0,1
germanquad,q37041,c37034,c37034 | c41078 | c45657 | c38045 | c41142 | c38624 | c36419 | c36423 | c36428 | c36538,1.0,1
germanquad,q37044,c37034,c37034 | c37357 | c38247 | c36974 | c38624 | c41304 | c36853 | c37618 | c42095 | c36419,1.0,1
germanquad,q37045,c37034,c37034 | c44122 | c40579 | c41078 | c41527 | c37426 | c38806 | c37338 | c37298 | c41413,1.0,1
germanquad,q37046,c37046,c37338 | c37046 | c37326 | c36794 | c37541 | c45642 | c45624 | c37170 | c41363 | c40462,2.0,2
germanquad,q37047,c37046,c37046 | c37326 | c37338 | c41584 | c36794 | c36602 | c37268 | c45624 | c37170 | c41363,1.0,1
germanquad,q37048,c37046,c37046 | c37884 | c36553 | c45624 | c37419 | c42123 | c36602 | c41142 | c38474 | c40223,1.0,1
germanquad,q37049,c37046,c37046 | c37326 | c44038 | c37338 | c37185 | c45624 | c38791 | c41343 | c37170 | c37884,1.0,1
germanquad,q37050,c37046,c37046 | c37326 | c37338 | c45624 | c36794 | c37170 | c38842 | c41363 | c36674 | c38131,1.0,1
germanquad,q37052,c37046,c37046 | c37248 | c38631 | c41179 | c37084 | c41161 | c44019 | c37558 | c36558 | c41142,1.0,1
germanquad,q37655,c37655,c37655 | c37667 | c37644 | c37247 | c40312 | c45636 | c37727 | c37227 | c38471 | c37618,1.0,1
germanquad,q37657,c37655,c37655 | c37667 | c37256 | c41451 | c40389 | c40511 | c38835 | c38268 | c37569 | c45657,1.0,1
germanquad,q37658,c37655,c37655 | c37667 | c41105 | c36859 | c45642 | c38122 | c36541 | c37407 | c41403 | c37361,1.0,1
germanquad,q37660,c37655,c37655 | c37667 | c36859 | c45642 | c38122 | c36541 | c37407 | c41403 | c37361 | c36789,1.0,1
germanquad,q37663,c37655,c37655 | c37389 | c36760 | c41339 | c36541 | c36764 | c40537 | c41555 | c37688 | c37667,1.0,1
germanquad,q38087,c38087,c38087 | c41179 | c38835 | c38579 | c45624 | c38037 | c37517 | c36704 | c38534 | c38310,1.0,1
germanquad,q38088,c38087,c38087 | c41179 | c40315 | c41037 | c37018 | c37756 | c41349 | c37886 | c37272 | c36760,1.0,1
germanquad,q37721,c38087,c38087 | c41179 | c38002 | c37175 | c41152 | c38177 | c38478 | c36860 | c37310 | c37569,1.0,1
germanquad,q38141,c38141,c38141 | c36606 | c40376 | c41067 | c36611 | c36812 | c41528 | c41344 | c41090 | c36419,1.0,1
germanquad,q38273,c38273,c36758 | c38273 | c36423 | c38568 | c41192 | c40389 | c36428 | c37170 | c42112 | c41356,2.0,2
germanquad,q38274,c38273,c38273 | c45264 | c40571 | c37192 | c38057 | c41192 | c38568 | c36688 | c37529 | c41197,1.0,1
germanquad,q38275,c38273,c38273 | c45264 | c40571 | c37192 | c41067 | c38057 | c40448 | c37437 | c41105 | c40512,1.0,1
germanquad,q38276,c38273,c38273 | c45264 | c40571 | c37192 | c41401 | c38478 | c38057 | c40512 | c36736 | c41474,1.0,1
germanquad,q38278,c38273,c38273 | c45264 | c40571 | c37192 | c44045 | c38057 | c41422 | c36419 | c36423 | c36428,1.0,1
germanquad,q38279,c38273,c38273 | c38057 | c40571 | c45264 | c37192 | c36596 | c36789 | c40537 | c36693 | c37324,1.0,1
germanquad,q38280,c38273,c38273 | c45264 | c38837 | c40571 | c37192 | c36847 | c38057 | c37722 | c40397 | c37498,1.0,1
germanquad,q38783,c38783,c38783 | c38480 | c41347 | c41144 | c37495 | c37224 | c37393 | c36423 | c37034 | c37330,1.0,1
germanquad,q38785,c38783,c38783 | c37217 | c37496 | c41138 | c37442 | c41517 | c45642 | c41351 | c45648 | c41105,1.0,1
germanquad,q38077,c38077,c38077 | c41266 | c41133 | c36796 | c41049 | c36688 | c38475 | c38049 | c41766 | c41090,1.0,1
germanquad,q38078,c38077,c38077 | c38326 | c40405 | c37197 | c41188 | c37326 | c38320 | c44097 | c41351 | c40427,1.0,1
germanquad,q38079,c38077,c38077 | c38546 | c41403 | c38045 | c37268 | c36749 | c41192 | c37680 | c41500 | c41176,1.0,1
germanquad,q38080,c38077,c38077 | c40483 | c41037 | c41314 | c36764 | c38087 | c37379 | c37270 | c44026 | c38835,1.0,1
germanquad,q38081,c38077,c38077 | c41266 | c41279 | c44038 | c37392 | c37268 | c41235 | c37475 | c36796 | c38469,1.0,1
germanquad,q38082,c38077,c38077 | c40483 | c41037 | c41314 | c36764 | c36428 | c38087 | c37379 | c37270 | c44026,1.0,1
germanquad,q38083,c38077,c38077 | c38326 | c40405 | c37197 | c41188 | c37326 | c38320 | c44097 | c41351 | c40427,1.0,1
germanquad,q38084,c38077,c38077 | c37046 | c41512 | c38791 | c41142 | c36812 | c36722 | c41179 | c36596 | c37498,1.0,1
germanquad,q38085,c38077,c38077 | c44016 | c37394 | c42095 | c41512 | c36548 | c41447 | c38791 | c37046 | c36812,1.0,1
germanquad,q38097,c38097,c38097 | c38470 | c40397 | c40380 | c41290 | c37268 | c36727 | c38474 | c41188 | c37185,1.0,1
germanquad,q38098,c38097,c38097 | c38470 | c40397 | c40380 | c38513 | c37520 | c41290 | c37268 | c38263 | c36727,1.0,1
germanquad,q38099,c38097,c38097 | c38470 | c41343 | c38284 | c37185 | c37282 | c38474 | c40223 | c38628 | c37711,1.0,1
germanquad,q38100,c38097,c38097 | c38470 | c40397 | c40380 | c36789 | c41290 | c38045 | c38791 | c37268 | c37392,1.0,1
germanquad,q38101,c38097,c38097 | c38470 | c38480 | c37596 | c41478 | c40397 | c38601 | c37520 | c36974 | c40504,1.0,1
germanquad,q38102,c38097,c38097 | c38470 | c40397 | c42123 | c37711 | c37185 | c38006 | c37403 | c41033 | c41165,1.0,1
germanquad,q38103,c38097,c38097 | c38470 | c38836 | c37016 | c38180 | c37671 | c41125 | c41360 | c45264 | c41386,1.0,1
germanquad,q38104,c38097,c38097 | c38470 | c40462 | c38836 | c41211 | c40397 | c40380 | c45635 | c41290 | c37268,1.0,1
germanquad,q38105,c38097,c38097 | c38470 | c38836 | c37667 | c37100 | c37756 | c36722 | c45636 | c41468 | c38251,1.0,1
germanquad,q38106,c38097,c38097 | c38470 | c38836 | c44104 | c41067 | c36591 | c44097 | c36860 | c41125 | c37330,1.0,1
germanquad,q38107,c38097,c38097 | c38470 | c37711 | c40397 | c40380 | c36984 | c41391 | c41290 | c37268 | c36581,1.0,1
germanquad,q38108,c38097,c38097 | c37106 | c44045 | c37256 | c42095 | c37313 | c41349 | c40498 | c37407 | c38131,1.0,1
germanquad,q38109,c38097,c38470 | c38097 | c38281 | c38060 | c40405 | c41363 | c38290 | c38189 | c41144 | c37192,2.0,2
germanquad,q38110,c38097,c38097 | c40397 | c36728 | c40380 | c37618 | c44038 | c41290 | c38537 | c37268 | c37282,1.0,1
germanquad,q38111,c38097,c38097 | c38470 | c37580 | c36602 | c41344 | c38381 | c36419 | c36423 | c36428 | c36538,1.0,1
germanquad,q38112,c38097,c38097 | c38470 | c40543 | c41165 | c38305 | c40315 | c44123 | c40224 | c38806 | c36598,1.0,1
germanquad,q38113,c38097,c38097 | c38470 | c41235 | c36764 | c40397 | c40380 | c37580 | c41290 | c36602 | c37268,1.0,1
germanquad,q38114,c38097,c38097 | c38470 | c37644 | c36581 | c38553 | c41391 | c40520 | c38837 | c37711 | c37264,1.0,1
germanquad,q38115,c38097,c38097 | c38470 | c40397 | c40380 | c41290 | c37268 | c36727 | c38474 | c41188 | c37185,1.0,1
germanquad,q38116,c38097,c36758 | c38475 | c38470 | c38097 | c36419 | c36423 | c36428 | c36538 | c36541 | c36548,4.0,4
germanquad,q38117,c38097,c38097 | c38470 | c36984 | c37393 | c41422 | c38326 | c41290 | c41304 | c37711 | c37558,1.0,1
germanquad,q38118,c38097,c38097 | c38470 | c36722 | c42107 | c37437 | c36749 | c37247 | c37442 | c36602 | c41339,1.0,1
germanquad,q38119,c38097,c38097 | c38470 | c38194 | c37106 | c36774 | c41235 | c41090 | c40537 | c41540 | c40380,1.0,1
germanquad,q38120,c38097,c38097 | c38470 | c38194 | c40537 | c41235 | c40380 | c40397 | c36774 | c40483 | c41540,1.0,1
germanquad,q38121,c38097,c38097 | c38470 | c36754 | c41344 | c38467 | c40535 | c38045 | c38077 | c38469 | c44097,1.0,1
germanquad,q38281,c38281,c38281 | c38474 | c41279 | c41468 | c37407 | c37576 | c40407 | c40411 | c40223 | c36602,1.0,1
germanquad,q38284,c38284,c38284 | c38077 | c41468 | c37348 | c37224 | c37185 | c36551 | c41445 | c36611 | c37517,1.0,1
germanquad,q38285,c38284,c38284 | c41343 | c41468 | c37282 | c37185 | c37446 | c41193 | c37280 | c38552 | c38097,1.0,1
germanquad,q38286,c38284,c38284 | c41468 | c37711 | c38227 | c36784 | c40462 | c38122 | c40395 | c37330 | c38609,1.0,1
germanquad,q40407,c40407,c40407 | c36811 | c37407 | c41067 | c41344 | c41599 | c36816 | c37437 | c41105 | c40535,1.0,1
germanquad,q40408,c40407,c40407 | c38474 | c38281 | c41468 | c37407 | c40411 | c37576 | c41279 | c37348 | c38240,1.0,1
germanquad,q40411,c40411,c40411 | c40407 | c41366 | c44127 | c38281 | c38631 | c37407 | c37106 | c37576 | c41279,1.0,1
germanquad,q40413,c40411,c40407 | c38281 | c37407 | c37576 | c41279 | c38474 | c40411 | c41468 | c41211 | c41165,7.0,7
germanquad,q40415,c40411,c40411 | c38631 | c37871 | c40407 | c40236 | c44127 | c37298 | c36665 | c38281 | c37407,1.0,1
germanquad,q40416,c40411,c38631 | c38281 | c36665 | c40411 | c36419 | c36423 | c36428 | c36538 | c36541 | c36548,4.0,4
germanquad,q40417,c40411,c40411 | c44127 | c36665 | c38284 | c38281 | c37298 | c38631 | c40467 | c40477 | c38210,1.0,1
germanquad,q40418,c40411,c40411 | c40423 | c37298 | c38631 | c44127 | c41279 | c40223 | c38284 | c40477 | c45624,1.0,1
germanquad,q40419,c40411,c40411 | c44127 | c37298 | c38631 | c37018 | c36665 | c38284 | c37428 | c41108 | c40448,1.0,1
germanquad,q40421,c40411,c40411 | c44127 | c40407 | c38281 | c37407 | c38631 | c37576 | c41279 | c38474 | c41468,1.0,1
germanquad,q37688,c37688,c37100 | c36553 | c37688 | c41033 | c36419 | c38131 | c38188 | c36760 | c41369 | c38227,3.0,3
germanquad,q37689,c37688,c37688 | c37100 | c36553 | c37862 | c41033 | c40448 | c38146 | c38122 | c41080 | c38131,1.0,1
germanquad,q37690,c37688,c37688 | c37100 | c36553 | c37862 | c41033 | c40448 | c38146 | c41396 | c38241 | c41080,1.0,1
germanquad,q37692,c37688,c37688 | c37100 | c36553 | c41033 | c41239 | c38131 | c38227 | c37106 | c37282 | c37203,1.0,1
germanquad,q37693,c37688,c37688 | c41239 | c37282 | c41153 | c44008 | c37484 | c38520 | c37517 | c37493 | c38168,1.0,1
germanquad,q37694,c37688,c37100 | c37688 | c36553 | c41033 | c38131 | c38513 | c38227 | c37106 | c40311 | c37203,2.0,2
germanquad,q37695,c37688,c37688 | c37100 | c36553 | c41033 | c37644 | c37576 | c38131 | c37886 | c37502 | c37247,1.0,1
germanquad,q37696,c37688,c37688 | c37100 | c36553 | c36419 | c37862 | c41033 | c40448 | c36548 | c44115 | c38131,1.0,1
germanquad,q37698,c37688,c37688 | c36553 | c37100 | c41033 | c38131 | c38320 | c37886 | c36760 | c38326 | c40405,1.0,1
germanquad,q37699,c37688,c37688 | c36553 | c37100 | c41033 | c38131 | c38520 | c38470 | c36752 | c36760 | c38227,1.0,1
germanquad,q37701,c37688,c37688 | c36553 | c37100 | c36419 | c41033 | c38131 | c36548 | c44115 | c37084 | c36760,1.0,1
germanquad,q37703,c37688,c37100 | c37688 | c36553 | c38131 | c41033 | c37282 | c41391 | c44008 | c38077 | c38227,2.0,2
germanquad,q37705,c37688,c37688 | c36553 | c37100 | c41033 | c38131 | c38146 | c38122 | c38520 | c41080 | c36760,1.0,1
germanquad,q37706,c37688,c37688 | c36553 | c36760 | c37667 | c38073 | c41062 | c38470 | c41058 | c37869 | c37280,1.0,1
germanquad,q37707,c37688,c37688 | c37100 | c36553 | c41033 | c38131 | c37886 | c38227 | c37106 | c37203 | c36816,1.0,1
germanquad,q37708,c37688,c37688 | c37100 | c36553 | c41033 | c40471 | c38320 | c37024 | c38146 | c38131 | c37886,1.0,1
germanquad,q37709,c37688,c37688 | c37100 | c36553 | c41033 | c38258 | c38131 | c37886 | c41080 | c38227 | c37106,1.0,1
germanquad,q37713,c37688,c37688 | c41290 | c38836 | c41536 | c37252 | c40471 | c36784 | c38049 | c36981 | c38258,1.0,1
germanquad,q37714,c37688,c37688 | c37100 | c36553 | c41033 | c38258 | c38131 | c41080 | c38798 | c38227 | c37106,1.0,1
germanquad,q37716,c37688,c37688 | c36548 | c36419 | c41111 | c37393 | c40537 | c37106 | c38631 | c44008 | c41351,1.0,1
germanquad,q37718,c37688,c37688 | c40448 | c37100 | c36553 | c38258 | c37106 | c38122 | c41080 | c37886 | c38227,1.0,1
germanquad,q37720,c37688,c36553 | c37688 | c37100 | c41033 | c38131 | c36860 | c38842 | c38210 | c38146 | c36581,2.0,2
germanquad,q38131,c38131,c38189 | c41512 | c38791 | c37046 | c36812 | c36722 | c38131 | c36853 | c44097 | c41517,7.0,7
germanquad,q38132,c38131,c38131 | c37580 | c37256 | c36602 | c41344 | c36419 | c36423 | c36428 | c36538 | c36541,1.0,1
germanquad,q38133,c38131,c38131 | c37256 | c37264 | c36860 | c37869 | c38206 | c37618 | c36674 | c37324 | c38601,1.0,1
germanquad,q38134,c38131,c38131 | c38189 | c37256 | c37596 | c38537 | c38628 | c38087 | c40511 | c41382 | c40369,1.0,1
germanquad,q38135,c38131,c38131 | c38024 | c38471 | c37247 | c37403 | c37256 | c37389 | c45657 | c36419 | c36423,1.0,1
germanquad,q38136,c38131,c38131 | c38189 | c37256 | c37596 | c38537 | c38628 | c38087 | c40511 | c41382 | c40369,1.0,1
germanquad,q38137,c38131,c38131 | c38002 | c38712 | c36767 | c37256 | c41205 | c37383 | c36754 | c41296 | c37624,1.0,1
germanquad,q38138,c38131,c38131 | c41067 | c41133 | c37256 | c38002 | c37727 | c42127 | c37224 | c36591 | c44097,1.0,1
germanquad,q38139,c38131,c38131 | c38290 | c36729 | c40462 | c36859 | c41148 | c41536 | c37256 | c36598 | c37319,1.0,1
germanquad,q38140,c38131,c38131 | c41067 | c40535 | c41133 | c40372 | c38002 | c37727 | c42127 | c41448 | c37224,1.0,1
germanquad,q38219,c38219,c38219 | c38077 | c41206 | c37282 | c44122 | c41148 | c37330 | c36794 | c38783 | c37495,1.0,1
germanquad,q38221,c38219,c38219 | c41448 | c38290 | c41206 | c37495 | c44122 | c38180 | c41111 | c36974 | c41119,1.0,1
germanquad,q38223,c38219,c38219 | c41448 | c38290 | c38180 | c41111 | c41766 | c37390 | c36699 | c36419 | c36423,1.0,1
germanquad,q38241,c38241,c38241 | c40477 | c41111 | c38467 | c41205 | c37419 | c38762 | c41678 | c38206 | c40219,1.0,1
germanquad,q38243,c38241,c38241 | c37398 | c41193 | c38293 | c41523 | c44026 | c41386 | c41049 | c40480 | c38206,1.0,1
germanquad,q38244,c38241,c38241 | c38326 | c40405 | c37197 | c41188 | c37326 | c38320 | c44097 | c41351 | c40427,1.0,1
germanquad,q38245,c38241,c38241 | c37398 | c41523 | c44026 | c41386 | c38206 | c38478 | c41412 | c41193 | c38471,1.0,1
germanquad,q38246,c38241,c38241 | c37398 | c41523 | c44026 | c41386 | c38206 | c38478 | c41412 | c41193 | c38471,1.0,1
germanquad,q38314,c38314,c38314 | c41090 | c37393 | c37338 | c37046 | c37413 | c41266 | c45661 | c40467 | c38601,1.0,1
germanquad,q38315,c38314,c38314 | c38000 | c37869 | c40467 | c38077 | c37272 | c36791 | c41403 | c36419 | c38293,1.0,1
germanquad,q38316,c38314,c38314 | c38628 | c44038 | c41343 | c41193 | c37280 | c40223 | c37207 | c36728 | c38240,1.0,1
germanquad,q38317,c38314,c38314 | c41193 | c38227 | c37541 | c36419 | c36423 | c36428 | c36538 | c36541 | c36548,1.0,1
germanquad,q38318,c38314,c38314 | c40462 | c41211 | c41193 | c38227 | c37541 | c41527 | c36774 | c41171 | c36419,1.0,1
germanquad,q41148,c41148,c41148 | c41731 | c41527 | c42123 | c36762 | c41396 | c41528 | c41445 | c36758 | c38188,1.0,1
germanquad,q41149,c41148,c41148 | c38835 | c36803 | c42123 | c37756 | c37319 | c38087 | c41536 | c41731 | c36752,1.0,1
germanquad,q41156,c41156,c41156 | c37379 | c41205 | c40579 | c36538 | c37862 | c36847 | c41766 | c38520 | c38579,1.0,1
germanquad,q41157,c41156,c41156 | c40498 | c38338 | c37322 | c38060 | c40405 | c41363 | c38189 | c37192 | c38480,1.0,1
germanquad,q41158,c41156,c41156 | c37517 | c37237 | c41179 | c40380 | c37055 | c41161 | c42127 | c38125 | c38097,1.0,1
germanquad,q41159,c41156,c41156 | c38189 | c40511 | c38194 | c36606 | c38482 | c38553 | c36774 | c45642 | c37100,1.0,1
germanquad,q38094,c38094,c38094 | c37227 | c37263 | c40405 | c41394 | c38344 | c37084 | c37442 | c41344 | c41206,1.0,1
germanquad,q38095,c38094,c38094 | c37227 | c37263 | c40405 | c41394 | c38344 | c37084 | c37442 | c41344 | c41206,1.0,1
germanquad,q38156,c38156,c38156 | c36774 | c37055 | c38297 | c40471 | c40511 | c38513 | c41489 | c36581 | c38320,1.0,1
germanquad,q38157,c38156,c38156 | c37055 | c36774 | c38297 | c40471 | c40511 | c38513 | c41489 | c38037 | c37502,1.0,1
germanquad,q38159,c38156,c38156 | c37055 | c40511 | c38037 | c36774 | c38297 | c40471 | c38513 | c41489 | c41153,1.0,1
germanquad,q38160,c38156,c38156 | c37055 | c36774 | c38297 | c40471 | c40511 | c38513 | c41489 | c38037 | c38263,1.0,1
germanquad,q38163,c38156,c37055 | c36774 | c38297 | c40471 | c38520 | c40511 | c38156 | c38513 | c41489 | c37502,7.0,7
germanquad,q38165,c38156,c37055 | c36774 | c38297 | c37280 | c40471 | c40511 | c38156 | c38513 | c41489 | c37502,7.0,7
germanquad,q38166,c38156,c36774 | c37055 | c38156 | c38297 | c37667 | c40471 | c41396 | c40511 | c38513 | c38470,3.0,3
germanquad,q38180,c38180,c38180 | c41111 | c38219 | c41448 | c38290 | c37106 | c37016 | c40311 | c40448 | c37671,1.0,1
germanquad,q38181,c38180,c38180 | c37106 | c40311 | c40448 | c40579 | c41111 | c37379 | c40427 | c41734 | c38273,1.0,1
germanquad,q38182,c38180,c38180 | c38210 | c44123 | c40315 | c37055 | c37671 | c38305 | c41528 | c37428 | c40224,1.0,1
germanquad,q38240,c38240,c38240 | c44026 | c40223 | c40483 | c37569 | c41037 | c41165 | c41314 | c36764 | c42112,1.0,1
germanquad,q38258,c38258,c38258 | c38168 | c37862 | c36704 | c41192 | c37667 | c36984 | c38381 | c36674 | c36541,1.0,1
germanquad,q38259,c38258,c38258 | c37862 | c36704 | c36674 | c41192 | c38798 | c41304 | c38579 | c36794 | c37192,1.0,1
germanquad,q38261,c38258,c36752 | c38520 | c41413 | c37688 | c36791 | c41344 | c41360 | c41678 | c37252 | c36699,,260
germanquad,q38262,c38258,c38258 | c38156 | c37862 | c37495 | c37247 | c42107 | c40315 | c37596 | c41555 | c44115,1.0,1
germanquad,q38762,c38762,c38762 | c36596 | c38282 | c38537 | c40483 | c44127 | c41165 | c41356 | c37517 | c41422,1.0,1
germanquad,q38764,c38762,c38762 | c41366 | c37495 | c37003 | c40311 | c41343 | c41059 | c37282 | c37488 | c41179,1.0,1
germanquad,q38767,c38762,c38762 | c41165 | c38534 | c38077 | c41314 | c37884 | c37517 | c40223 | c38546 | c38552,1.0,1
germanquad,q38770,c38762,c38762 | c36596 | c38835 | c36553 | c38534 | c38560 | c36674 | c36704 | c36428 | c38077,1.0,1
germanquad,q38772,c38762,c38762 | c36596 | c40483 | c38537 | c38552 | c38282 | c38613 | c38087 | c44127 | c37272,1.0,1
germanquad,q38773,c38762,c38762 | c38537 | c36596 | c38552 | c40483 | c38282 | c41599 | c38613 | c38087 | c44127,1.0,1
germanquad,q38775,c38762,c38762 | c38537 | c36596 | c38552 | c40483 | c37170 | c38282 | c38613 | c38087 | c44127,1.0,1
germanquad,q38777,c38762,c36596 | c38762 | c37659 | c37272 | c38045 | c41142 | c41138 | c36764 | c36736 | c37268,2.0,2
germanquad,q38779,c38762,c38762 | c36596 | c40483 | c44127 | c38537 | c38194 | c41356 | c38282 | c42109 | c41119,1.0,1
germanquad,q38780,c38762,c36596 | c38762 | c41235 | c36789 | c38601 | c37324 | c36665 | c45642 | c38798 | c36860,2.0,2
germanquad,q41142,c41142,c41142 | c41138 | c37268 | c37403 | c41290 | c41536 | c36736 | c37659 | c36754 | c36764,1.0,1
germanquad,q41143,c41142,c38783 | c37495 | c41142 | c41347 | c36423 | c41138 | c36736 | c36754 | c37210 | c45624,3.0,3
germanquad,q38089,c38089,c38089 | c40483 | c37264 | c41339 | c38146 | c37365 | c38842 | c41413 | c41404 | c41489,1.0,1
germanquad,q38090,c38089,c38089 | c40483 | c37264 | c41339 | c38146 | c38478 | c38520 | c44127 | c36764 | c38037,1.0,1
germanquad,q38092,c38089,c38089 | c38073 | c40483 | c37264 | c41339 | c38146 | c37084 | c36581 | c38049 | c41465,1.0,1
germanquad,q38093,c38089,c38089 | c40483 | c37264 | c41339 | c38146 | c38332 | c36781 | c41404 | c41489 | c41188,1.0,1
germanquad,q38247,c38247,c38247 | c38624 | c41394 | c37383 | c41451 | c37034 | c37618 | c36642 | c40504 | c37624,1.0,1
germanquad,q38248,c38247,c38247 | c38624 | c37383 | c41394 | c41078 | c37034 | c41451 | c36642 | c40504 | c44123,1.0,1
germanquad,q38249,c38247,c38624 | c41394 | c38247 | c37383 | c37034 | c37569 | c36642 | c40504 | c37624 | c36598,3.0,3
germanquad,q38250,c38247,c38624 | c37383 | c37034 | c41394 | c38247 | c37624 | c36611 | c37264 | c37319 | c42127,5.0,5
germanquad,q40397,c40397,c40397 | c37185 | c36558 | c38842 | c40376 | c37232 | c38024 | c36581 | c41235 | c40380,1.0,1
germanquad,q40398,c40397,c40397 | c37185 | c38842 | c36558 | c41138 | c38097 | c36581 | c37403 | c38712 | c40380,1.0,1
germanquad,q40399,c40397,c40397 | c40380 | c36581 | c38097 | c36558 | c38842 | c37185 | c42107 | c37392 | c38560,1.0,1
germanquad,q40400,c40397,c40397 | c36581 | c40376 | c37232 | c38024 | c37185 | c41235 | c38842 | c38063 | c37862,1.0,1
germanquad,q40401,c40397,c40397 | c37185 | c40380 | c38842 | c36581 | c38097 | c36419 | c36423 | c36428 | c36538,1.0,1
germanquad,q40402,c40397,c40397 | c37185 | c40380 | c41290 | c38097 | c37268 | c36727 | c41356 | c38474 | c41188,1.0,1
germanquad,q40403,c40397,c40397 | c37185 | c36558 | c38842 | c38579 | c44038 | c36581 | c40380 | c41290 | c38097,1.0,1
germanquad,q40404,c40397,c40397 | c37185 | c36558 | c38842 | c41188 | c36789 | c37529 | c37777 | c41138 | c38097,1.0,1
germanquad,q38263,c38263,c38263 | c41033 | c41037 | c41540 | c41188 | c41347 | c37389 | c37884 | c38513 | c37520,1.0,1
germanquad,q38264,c38263,c38263 | c41033 | c41037 | c41540 | c41188 | c41734 | c41401 | c38560 | c38786 | c36553,1.0,1
germanquad,q38265,c38263,c38263 | c41033 | c37884 | c41037 | c41540 | c41188 | c40467 | c36733 | c37394 | c37389,1.0,1
germanquad,q38266,c38263,c38263 | c41033 | c41037 | c41540 | c41188 | c37569 | c38560 | c41105 | c40511 | c36553,1.0,1
germanquad,q38290,c38290,c38290 | c38293 | c38579 | c44026 | c41406 | c38045 | c38227 | c41356 | c38471 | c41412,1.0,1
germanquad,q38291,c38290,c38290 | c44123 | c38806 | c38305 | c37886 | c40543 | c36642 | c36598 | c41442 | c37272,1.0,1
germanquad,q38292,c38290,c38290 | c38219 | c41448 | c37247 | c38180 | c41111 | c42107 | c40315 | c37596 | c41555,1.0,1
germanquad,q38297,c38297,c37055 | c36774 | c38297 | c40471 | c40511 | c38156 | c38513 | c41489 | c37502 | c37862,3.0,3
germanquad,q38298,c38297,c38297 | c37055 | c36774 | c40471 | c40511 | c38156 | c38513 | c41489 | c37502 | c37862,1.0,1
germanquad,q38300,c38297,c38297 | c37055 | c36774 | c36762 | c40471 | c40511 | c38156 | c38513 | c41489 | c38089,1.0,1
germanquad,q38302,c38297,c38297 | c37055 | c36774 | c40471 | c40511 | c38156 | c38513 | c41489 | c37502 | c37862,1.0,1
germanquad,q38303,c38297,c38297 | c37055 | c36774 | c40471 | c40511 | c38156 | c38513 | c41489 | c37502 | c37862,1.0,1
germanquad,q38304,c38297,c38297 | c37055 | c37862 | c36774 | c40511 | c38281 | c38156 | c40471 | c38513 | c41489,1.0,1
germanquad,q38295,c38297,c38297 | c37055 | c36774 | c40471 | c40511 | c38156 | c38513 | c41489 | c37502 | c37862,1.0,1
germanquad,q38296,c38297,c38297 | c36812 | c37055 | c36774 | c40471 | c38470 | c40511 | c38156 | c38513 | c41489,1.0,1
germanquad,q41138,c41138,c41138 | c36764 | c41512 | c36727 | c37084 | c37365 | c37270 | c37361 | c37268 | c37353,1.0,1
germanquad,q41139,c41138,c45624 | c36764 | c41366 | c41138 | c40467 | c37324 | c37517 | c41536 | c41347 | c38310,4.0,4
germanquad,q41140,c41138,c41138 | c41142 | c37237 | c36541 | c38049 | c37192 | c38281 | c41447 | c37324 | c37272,1.0,1
germanquad,q41152,c41152,c41152 | c36611 | c37203 | c41119 | c45635 | c36572 | c40512 | c41442 | c38219 | c40436,1.0,1
germanquad,q41160,c41160,c38344 | c41160 | c37014 | c38180 | c41169 | c41153 | c40543 | c37488 | c42123 | c41108,2.0,2
germanquad,q38288,c38288,c38288 | c36538 | c38049 | c38842 | c38089 | c38210 | c37569 | c41606 | c41413 | c41148,1.0,1
germanquad,q38289,c38288,c38288 | c36538 | c41611 | c38210 | c37569 | c38305 | c41412 | c36752 | c41133 | c36688,1.0,1
germanquad,q38305,c38305,c38305 | c38251 | c38835 | c41536 | c41115 | c41364 | c38816 | c37667 | c36811 | c41080,1.0,1
germanquad,q38306,c38305,c38305 | c40564 | c37502 | c38177 | c41177 | c40471 | c36752 | c36774 | c38474 | c41406,1.0,1
germanquad,q38310,c38310,c38310 | c38783 | c38791 | c41138 | c44008 | c37210 | c41422 | c40407 | c41536 | c36718,1.0,1
germanquad,q38312,c38310,c38310 | c38783 | c38000 | c41731 | c38545 | c38791 | c44008 | c42107 | c41555 | c38601,1.0,1
germanquad,q38313,c38310,c38310 | c38791 | c44008 | c41555 | c38601 | c36789 | c45624 | c37170 | c41344 | c40520,1.0,1
germanquad,q38806,c38806,c38806 | c41611 | c41766 | c41442 | c38060 | c37346 | c41435 | c37298 | c37680 | c37475,1.0,1
germanquad,q38812,c38806,c38806 | c40315 | c41349 | c38305 | c41435 | c37886 | c40537 | c44123 | c37756 | c38057,1.0,1
germanquad,q38814,c38806,c38806 | c41349 | c40537 | c40315 | c38470 | c41322 | c41435 | c40498 | c37756 | c38305,1.0,1
germanquad,q41179,c41179,c41179 | c38087 | c41512 | c38474 | c41413 | c41148 | c37270 | c41105 | c40312 | c38835,1.0,1
germanquad,q41180,c41179,c41179 | c38087 | c36752 | c38835 | c38045 | c37495 | c37003 | c40311 | c41059 | c38762,1.0,1
germanquad,q41181,c41179,c41179 | c38087 | c40311 | c37003 | c37084 | c40448 | c41059 | c36553 | c40512 | c37495,1.0,1
germanquad,q41182,c41179,c41179 | c38087 | c37498 | c36752 | c41142 | c38835 | c38307 | c37495 | c37272 | c41500,1.0,1
germanquad,q41183,c41179,c41179 | c38087 | c37272 | c41133 | c42112 | c38077 | c40483 | c40223 | c41474 | c38482,1.0,1
germanquad,q41184,c41179,c41179 | c38087 | c37495 | c40467 | c41138 | c41366 | c41037 | c36704 | c37756 | c38000,1.0,1
germanquad,q41185,c41179,c41179 | c38087 | c38077 | c37282 | c36752 | c38835 | c37659 | c38293 | c38045 | c41111,1.0,1
germanquad,q41161,c41161,c41161 | c38712 | c37277 | c41200 | c36572 | c41105 | c38073 | c38631 | c41584 | c36816,1.0,1
germanquad,q41162,c41161,c41161 | c37680 | c36572 | c41133 | c41090 | c36419 | c36423 | c36428 | c36538 | c36541,1.0,1
germanquad,q41163,c41161,c41161 | c36758 | c36572 | c36419 | c36423 | c36428 | c36538 | c36541 | c36548 | c36551,1.0,1
germanquad,q41164,c41161,c41161 | c36572 | c36693 | c38466 | c36596 | c36803 | c37680 | c42123 | c40477 | c38305,1.0,1
germanquad,q41165,c41165,c41165 | c37324 | c40537 | c41339 | c42109 | c41235 | c38131 | c38762 | c38381 | c41211,1.0,1
germanquad,q41166,c41165,c41165 | c41144 | c37580 | c38344 | c38786 | c41169 | c41403 | c38568 | c42095 | c40223,1.0,1
germanquad,q41167,c41165,c41165 | c40564 | c40395 | c41211 | c37437 | c38037 | c40483 | c42112 | c37884 | c41037,1.0,1
germanquad,q38835,c38835,c38835 | c40540 | c41366 | c45624 | c37502 | c38520 | c37517 | c38310 | c41555 | c36791,1.0,1
germanquad,q38831,c38835,c38835 | c41148 | c38601 | c37659 | c41037 | c37237 | c38836 | c38073 | c41413 | c38560,1.0,1
germanquad,q38832,c38835,c38835 | c42123 | c37256 | c38560 | c41451 | c37393 | c41037 | c37237 | c40389 | c40511,1.0,1
germanquad,q38833,c38835,c38835 | c37529 | c41148 | c41037 | c37237 | c38601 | c38073 | c37659 | c38560 | c36704,1.0,1
germanquad,q38834,c38835,c38835 | c37659 | c41188 | c40483 | c37237 | c41037 | c41314 | c36764 | c38087 | c37379,1.0,1
germanquad,q40389,c40389,c40389 | c38816 | c37025 | c41210 | c37496 | c36419 | c36423 | c36428 | c36538 | c36541,1.0,1
germanquad,q40390,c40389,c40389 | c38816 | c37025 | c36419 | c36423 | c36428 | c36538 | c36541 | c36548 | c36551,1.0,1
germanquad,q40392,c40389,c40389 | c40504 | c41152 | c41304 | c37580 | c41090 | c36718 | c36602 | c36860 | c38816,1.0,1
germanquad,q40393,c40389,c40389 | c38816 | c37025 | c41210 | c37496 | c37256 | c41451 | c40511 | c38835 | c38268,1.0,1
germanquad,q40423,c40423,c40423 | c40411 | c40520 | c37046 | c40470 | c42112 | c41447 | c37871 | c38240 | c38314,1.0,1
germanquad,q40424,c40423,c40423 | c41111 | c40470 | c38000 | c40520 | c37437 | c37046 | c38314 | c38613 | c44038,1.0,1
germanquad,q40425,c40423,c40423 | c37046 | c38613 | c36594 | c40470 | c40520 | c38089 | c37310 | c41197 | c41067,1.0,1
germanquad,q40467,c40467,c40467 | c41347 | c37884 | c38263 | c36860 | c37389 | c41474 | c37484 | c38344 | c36602,1.0,1
germanquad,q41176,c41176,c41176 | c41277 | c37541 | c44138 | c36718 | c37419 | c41451 | c36803 | c38241 | c41396,1.0,1
germanquad,q41344,c41344,c41344 | c37263 | c41478 | c38202 | c37419 | c41165 | c40483 | c40407 | c38474 | c37326,1.0,1
germanquad,q41345,c41344,c41344 | c38628 | c41322 | c36847 | c37498 | c37207 | c37003 | c37282 | c41364 | c38332,1.0,1
germanquad,q41346,c41344,c41344 | c37227 | c40519 | c38293 | c41512 | c37084 | c37270 | c41406 | c37282 | c45636,1.0,1
germanquad,q41356,c41356,c41356 | c37264 | c41165 | c38045 | c36814 | c38613 | c44127 | c37407 | c41422 | c38628,1.0,1
germanquad,q41357,c41356,c41356 | c38060 | c40448 | c41176 | c37496 | c41165 | c41386 | c38122 | c42107 | c38284,1.0,1
germanquad,q41358,c41356,c41356 | c38060 | c41165 | c41115 | c38000 | c40448 | c41176 | c37496 | c38314 | c38122,1.0,1
germanquad,q41359,c41356,c41356 | c37365 | c38060 | c41125 | c40448 | c41176 | c37496 | c36642 | c44123 | c38122,1.0,1
germanquad,q40380,c40380,c40380 | c40223 | c41133 | c41290 | c40564 | c41108 | c41413 | c41356 | c40397 | c41478,1.0,1
germanquad,q40381,c40380,c40380 | c41108 | c41188 | c36419 | c36423 | c36428 | c36538 | c36541 | c36548 | c36551,1.0,1
germanquad,q40382,c40380,c40380 | c41108 | c40397 | c38097 | c40537 | c41235 | c36541 | c37310 | c36774 | c40483,1.0,1
germanquad,q40383,c40380,c40380 | c41108 | c38783 | c41290 | c38097 | c36727 | c40397 | c41536 | c38326 | c38474,1.0,1
germanquad,q40384,c40380,c40380 | c41108 | c40397 | c38097 | c40537 | c41235 | c36541 | c37310 | c36774 | c40483,1.0,1
germanquad,q40385,c40380,c40380 | c36769 | c41108 | c41133 | c41192 | c36704 | c41188 | c40223 | c37192 | c36794,1.0,1
germanquad,q40386,c40380,c40380 | c41108 | c38097 | c40397 | c41290 | c37268 | c36727 | c40411 | c38798 | c38474,1.0,1
germanquad,q40387,c40380,c40380 | c41108 | c40397 | c42107 | c37392 | c38560 | c37310 | c40512 | c36541 | c37484,1.0,1
germanquad,q40388,c40380,c40380 | c40223 | c41133 | c40564 | c41108 | c41413 | c41478 | c41536 | c36553 | c41309,1.0,1
germanquad,q41177,c41177,c41177 | c37319 | c41451 | c38624 | c38247 | c36729 | c36733 | c38206 | c40224 | c40537,1.0,1
germanquad,q41197,c41197,c41197 | c38194 | c41611 | c45636 | c37310 | c41049 | c41211 | c38568 | c41235 | c37509,1.0,1
germanquad,q41199,c41197,c41197 | c38194 | c41156 | c38470 | c37264 | c37618 | c38281 | c41584 | c42127 | c38210,1.0,1
germanquad,q41347,c41347,c41347 | c38263 | c37389 | c37884 | c38344 | c40467 | c41474 | c36736 | c41279 | c36665,1.0,1
germanquad,q41348,c41347,c41347 | c37884 | c41188 | c36736 | c38281 | c37324 | c38263 | c40467 | c37389 | c45653,1.0,1
germanquad,q41363,c41363,c41363 | c44026 | c42123 | c40372 | c38560 | c37217 | c37383 | c36722 | c37208 | c41138,1.0,1
germanquad,q41386,c41386,c41386 | c38057 | c42095 | c37385 | c40512 | c41523 | c38241 | c37407 | c41165 | c40448,1.0,1
germanquad,q41385,c41386,c41386 | c38057 | c37385 | c40512 | c41356 | c41165 | c42095 | c41523 | c38006 | c36814,1.0,1
germanquad,q41387,c41386,c38057 | c37385 | c40512 | c41386 | c42095 | c41523 | c41165 | c40448 | c37348 | c41517,4.0,4
germanquad,q41388,c41386,c41386 | c38219 | c41523 | c37175 | c38293 | c38242 | c41448 | c38290 | c37280 | c40372,1.0,1
germanquad,q41389,c41386,c41386 | c38057 | c37385 | c40512 | c42095 | c41523 | c41165 | c41401 | c36428 | c41142,1.0,1
germanquad,q41390,c41386,c36758 | c37385 | c38057 | c41386 | c38273 | c41422 | c38240 | c36419 | c36423 | c36428,4.0,4
germanquad,q41401,c41401,c41401 | c41111 | c38613 | c37272 | c38628 | c41211 | c38077 | c40498 | c37878 | c37884,1.0,1
germanquad,q41402,c41401,c41401 | c41111 | c38613 | c38534 | c36558 | c38381 | c36789 | c36736 | c40397 | c36423,1.0,1
germanquad,q41399,c41401,c41401 | c41111 | c38613 | c37272 | c38534 | c36558 | c38381 | c36789 | c36736 | c40397,1.0,1
germanquad,q41400,c41401,c41401 | c41111 | c38613 | c40462 | c38534 | c36558 | c38381 | c36789 | c36736 | c40397,1.0,1
germanquad,q41406,c41406,c41406 | c40480 | c41527 | c37303 | c37502 | c41474 | c44026 | c37282 | c37580 | c37277,1.0,1
germanquad,q41407,c41406,c41406 | c38560 | c40480 | c37407 | c37046 | c41474 | c41386 | c36419 | c36423 | c36428,1.0,1
germanquad,q41408,c41406,c41406 | c37282 | c36419 | c36423 | c36428 | c36538 | c36541 | c36548 | c36551 | c36553,1.0,1
germanquad,q41409,c41406,c41406 | c41153 | c41343 | c41412 | c40483 | c38242 | c37282 | c38180 | c42109 | c45661,1.0,1
germanquad,q45635,c45635,c45635 | c41448 | c41527 | c37871 | c36419 | c36423 | c36428 | c36538 | c36541 | c36548,1.0,1
germanquad,q41200,c41200,c41200 | c38233 | c37270 | c36709 | c38613 | c37248 | c36796 | c41401 | c40236 | c41678,1.0,1
germanquad,q41201,c41200,c41200 | c38233 | c36709 | c37270 | c36796 | c38631 | c36688 | c36665 | c38613 | c41211,1.0,1
germanquad,q41382,c41382,c41382 | c36974 | c37232 | c38002 | c38241 | c41115 | c38590 | c37558 | c40477 | c38073,1.0,1
germanquad,q41383,c41382,c41382 | c38063 | c36812 | c41364 | c41067 | c38131 | c41133 | c38002 | c37727 | c42127,1.0,1
germanquad,q41384,c41382,c41382 | c41142 | c41179 | c36596 | c37498 | c38063 | c41678 | c38045 | c37046 | c37413,1.0,1
germanquad,q44110,c44110,c44110 | c38268 | c42127 | c38293 | c41512 | c37270 | c41406 | c41193 | c41049 | c38131,1.0,1
germanquad,q44111,c44110,c44110 | c38268 | c42127 | c41056 | c38004 | c45635 | c38125 | c41186 | c41347 | c40427,1.0,1
germanquad,q45624,c45624,c45624 | c38310 | c36718 | c37580 | c36727 | c41200 | c41403 | c37407 | c41192 | c37496,1.0,1
germanquad,q41412,c41412,c41412 | c36551 | c36816 | c38293 | c37886 | c38471 | c41193 | c37192 | c41343 | c36728,1.0,1
germanquad,q41512,c41512,c41512 | c40312 | c36727 | c40380 | c37644 | c37353 | c36722 | c41445 | c41153 | c42107,1.0,1
germanquad,q42107,c42107,c42107 | c36722 | c37210 | c37596 | c36538 | c37624 | c40436 | c41108 | c40311 | c45636,1.0,1
germanquad,q42108,c42107,c42107 | c36722 | c37210 | c41115 | c37624 | c38122 | c40369 | c41108 | c41536 | c37442,1.0,1
germanquad,q42106,c42107,c42107 | c36722 | c37210 | c36548 | c41153 | c41161 | c37624 | c41108 | c41536 | c42123,1.0,1
germanquad,q42112,c42112,c42112 | c38520 | c38478 | c44127 | c38089 | c36764 | c38037 | c37109 | c36419 | c38320,1.0,1
germanquad,q42113,c42112,c42112 | c38520 | c38791 | c38281 | c36423 | c41165 | c41138 | c36764 | c37248 | c37324,1.0,1
germanquad,q42114,c42112,c38579 | c42112 | c36428 | c38045 | c37659 | c36423 | c41422 | c37277 | c41160 | c41556,2.0,2
germanquad,q42117,c42112,c42112 | c36736 | c36423 | c40423 | c42095 | c38552 | c36796 | c41678 | c41153 | c37871,1.0,1
germanquad,q41403,c41403,c41403 | c37529 | c36419 | c36423 | c36428 | c36538 | c36541 | c36548 | c36551 | c36553,1.0,1
germanquad,q44012,c41403,c41403 | c38131 | c37667 | c38089 | c36541 | c38579 | c40372 | c37100 | c37175 | c38241,1.0,1
germanquad,q44013,c41403,c41403 | c38332 | c38471 | c41156 | c36722 | c41594 | c38004 | c40483 | c38077 | c41309,1.0,1
germanquad,q44123,c44123,c38806 | c36642 | c41349 | c44123 | c38470 | c37886 | c41296 | c40498 | c37777 | c38290,4.0,4
germanquad,q44126,c44123,c44123 | c38806 | c41349 | c36642 | c38470 | c37886 | c45636 | c40498 | c37393 | c38290,1.0,1
germanquad,q44131,c44123,c44123 | c38806 | c41349 | c38290 | c36642 | c38470 | c37886 | c40498 | c41267 | c41037,1.0,1
germanquad,q44133,c44123,c44123 | c41496 | c38534 | c37398 | c41267 | c37385 | c41108 | c41343 | c37322 | c37475,1.0,1
germanquad,q44138,c44138,c44138 | c36718 | c38520 | c37252 | c41153 | c36419 | c36423 | c36428 | c36538 | c36541,1.0,1
germanquad,q44139,c44138,c44138 | c41277 | c41176 | c38712 | c40312 | c45661 | c41403 | c41142 | c41347 | c37084,1.0,1
germanquad,q41062,c41062,c41062 | c38791 | c41478 | c36860 | c40380 | c41528 | c41339 | c38141 | c37217 | c38210,1.0,1
germanquad,q41063,c41062,c41062 | c38791 | c41478 | c37217 | c40380 | c37667 | c41080 | c37688 | c36984 | c38146,1.0,1
germanquad,q41064,c41062,c38791 | c41062 | c41478 | c40380 | c37217 | c36860 | c38470 | c40537 | c37324 | c41339,2.0,2
germanquad,q41065,c41062,c38791 | c41478 | c41062 | c40380 | c37217 | c36419 | c36423 | c36428 | c36538 | c36541,3.0,3
germanquad,q41066,c41062,c41062 | c38791 | c41478 | c40380 | c37217 | c38537 | c38381 | c37442 | c37596 | c38297,1.0,1
germanquad,q41500,c41500,c41500 | c38471 | c38268 | c37383 | c38210 | c38063 | c37493 | c41528 | c41078 | c42095,1.0,1
germanquad,q41503,c41500,c41500 | c44104 | c36419 | c37498 | c37264 | c37024 | c37353 | c41533 | c41304 | c40537,1.0,1
germanquad,q41505,c41500,c41500 | c37280 | c41309 | c38242 | c37313 | c41037 | c40448 | c41435 | c37393 | c40483,1.0,1
germanquad,q41508,c41500,c41500 | c36419 | c36423 | c36428 | c36538 | c36541 | c36548 | c36551 | c36553 | c36558,1.0,1
germanquad,q41533,c41533,c41533 | c37407 | c37264 | c37324 | c37871 | c37379 | c36774 | c38475 | c42095 | c41678,1.0,1
germanquad,q41534,c41533,c41533 | c37379 | c41366 | c41536 | c37407 | c42095 | c37722 | c40462 | c37392 | c44123,1.0,1
germanquad,q42127,c42127,c42127 | c44110 | c38268 | c44097 | c38247 | c36812 | c38063 | c40535 | c40372 | c41448,1.0,1
germanquad,q42125,c42127,c42127 | c44110 | c38268 | c36718 | c44104 | c41067 | c36591 | c44097 | c36860 | c41125,1.0,1
germanquad,q42126,c42127,c42127 | c38268 | c44110 | c38077 | c36718 | c37282 | c41148 | c36688 | c37413 | c38094,1.0,1
germanquad,q42128,c42127,c42127 | c44110 | c38268 | c38241 | c37361 | c41290 | c41152 | c38326 | c41396 | c38712,1.0,1
germanquad,q42129,c42127,c42127 | c44110 | c38268 | c41448 | c40535 | c40372 | c37024 | c38002 | c40395 | c36594,1.0,1
germanquad,q42130,c42127,c42127 | c44110 | c38268 | c41067 | c41133 | c38002 | c37727 | c37224 | c36591 | c44097,1.0,1
germanquad,q41125,c41125,c36665 | c41125 | c40407 | c41351 | c44127 | c38631 | c38240 | c36553 | c37185 | c40470,2.0,2
germanquad,q41126,c41125,c41125 | c41611 | c36760 | c38247 | c40540 | c36733 | c36791 | c37680 | c37324 | c40407,1.0,1
germanquad,q41127,c41125,c41125 | c37018 | c37777 | c41169 | c41356 | c37346 | c38977 | c41037 | c37365 | c36611,1.0,1
germanquad,q41128,c41125,c41125 | c41169 | c37018 | c37777 | c41356 | c41231 | c41067 | c36704 | c36724 | c36553,1.0,1
germanquad,q41129,c41125,c37777 | c41125 | c41169 | c41401 | c37018 | c37346 | c45624 | c41343 | c37886 | c36419,2.0,2
germanquad,q41535,c41535,c41535 | c36718 | c38281 | c37330 | c41468 | c41517 | c41186 | c45624 | c38381 | c36419,1.0,1
germanquad,q41527,c41527,c41527 | c37319 | c40395 | c37203 | c41119 | c41179 | c37671 | c41611 | c37035 | c41363,1.0,1
germanquad,q42121,c41527,c41527 | c37319 | c41489 | c41169 | c41142 | c41179 | c36596 | c37498 | c38063 | c41678,1.0,1
germanquad,q42122,c41527,c41527 | c37319 | c38537 | c41169 | c41142 | c41108 | c41179 | c36596 | c44123 | c37498,1.0,1
germanquad,q45642,c45642,c45642 | c37517 | c37437 | c41584 | c38783 | c41351 | c37263 | c36724 | c37210 | c41533,1.0,1
germanquad,q45643,c45642,c45642 | c41422 | c37099 | c41309 | c41535 | c38284 | c41343 | c37711 | c38227 | c41235,1.0,1
germanquad,q45645,c45642,c45642 | c38783 | c38004 | c41344 | c37517 | c40520 | c37203 | c37437 | c40376 | c41351,1.0,1
germanquad,q41059,c41059,c41059 | c40236 | c36572 | c36816 | c41144 | c41133 | c41171 | c36591 | c36594 | c41412,1.0,1
germanquad,q41060,c41059,c41059 | c36816 | c37428 | c36594 | c41412 | c38326 | c36762 | c41290 | c41144 | c41160,1.0,1
germanquad,q41061,c41059,c41059 | c41314 | c36816 | c36594 | c41239 | c41412 | c40579 | c38290 | c37886 | c36572,1.0,1
germanquad,q41108,c41108,c41108 | c41133 | c40223 | c40564 | c41478 | c40411 | c41413 | c36553 | c38314 | c36558,1.0,1
germanquad,q41110,c41108,c41108 | c40223 | c37862 | c37495 | c41133 | c40564 | c41413 | c38579 | c41478 | c38177,1.0,1
germanquad,q41112,c41108,c40223 | c41108 | c41133 | c40564 | c41413 | c41478 | c38177 | c41347 | c36767 | c40380,2.0,2
germanquad,q41113,c41108,c41133 | c40223 | c41366 | c41108 | c36769 | c38791 | c38546 | c37055 | c37495 | c37688,4.0,4
germanquad,q41114,c41108,c41108 | c38233 | c41133 | c40223 | c36665 | c41366 | c38478 | c36428 | c38631 | c40467,1.0,1
germanquad,q41528,c41528,c41528 | c38141 | c40376 | c38268 | c37580 | c36812 | c37272 | c40532 | c44097 | c36606,1.0,1
germanquad,q41529,c41528,c41528 | c44097 | c37580 | c38268 | c37272 | c40532 | c37493 | c41211 | c37383 | c38063,1.0,1
germanquad,q41530,c41528,c41528 | c37580 | c37272 | c40532 | c41211 | c41304 | c37484 | c36784 | c36541 | c41279,1.0,1
germanquad,q45636,c45636,c40436 | c45636 | c40395 | c36722 | c38338 | c37227 | c38471 | c41391 | c38258 | c37324,2.0,2
germanquad,q45637,c45636,c45636 | c40436 | c40395 | c41296 | c37270 | c38141 | c37596 | c37878 | c41344 | c45624,1.0,1
germanquad,q45648,c45648,c38534 | c45648 | c41105 | c37442 | c38263 | c38467 | c41517 | c38125 | c40223 | c41211,2.0,2
germanquad,q45649,c45648,c45648 | c41517 | c37484 | c37493 | c38206 | c41468 | c36754 | c37419 | c37237 | c38537,1.0,1
germanquad,q45650,c45648,c45648 | c41138 | c41105 | c37442 | c38467 | c41517 | c38125 | c40223 | c37580 | c41156,1.0,1
germanquad,q45651,c45648,c45648 | c41517 | c36754 | c41105 | c37442 | c41115 | c38467 | c38141 | c38125 | c40223,1.0,1
germanquad,q45652,c45648,c45648 | c41517 | c38006 | c40223 | c41105 | c37442 | c37407 | c38320 | c38467 | c40407,1.0,1
germanquad,q40520,c40520,c40520 | c41033 | c40423 | c40470 | c37046 | c42112 | c38320 | c38478 | c38552 | c36774,1.0,1
germanquad,q40521,c40520,c40520 | c40423 | c40470 | c40411 | c37046 | c38314 | c38613 | c44038 | c37348 | c41349,1.0,1
germanquad,q40522,c40520,c40520 | c37393 | c40423 | c40470 | c38836 | c37046 | c36724 | c38314 | c38609 | c38613,1.0,1
germanquad,q40523,c40520,c40520 | c37393 | c38241 | c38314 | c40423 | c40470 | c38836 | c37046 | c36724 | c41540,1.0,1
germanquad,q40543,c40543,c40543 | c41766 | c41037 | c36752 | c40512 | c37413 | c37100 | c37346 | c41179 | c41401,1.0,1
germanquad,q40544,c40543,c40543 | c41766 | c36752 | c41037 | c37413 | c40223 | c37100 | c37509 | c41078 | c40504,1.0,1
germanquad,q40545,c40543,c40543 | c41766 | c37509 | c36419 | c36423 | c36428 | c36538 | c36541 | c36548 | c36551,1.0,1
germanquad,q40546,c40543,c40543 | c41766 | c40467 | c41447 | c37509 | c37203 | c41133 | c38247 | c38560 | c37322,1.0,1
germanquad,q40547,c40543,c40543 | c41766 | c38290 | c37419 | c37509 | c37203 | c41133 | c38314 | c38247 | c38560,1.0,1
germanquad,q40548,c40543,c40543 | c41766 | c37756 | c37100 | c41344 | c37509 | c38534 | c40564 | c36642 | c44123,1.0,1
germanquad,q40549,c40543,c40543 | c41766 | c38310 | c37488 | c37886 | c36642 | c45624 | c38045 | c36789 | c37509,1.0,1
germanquad,q40550,c40543,c40543 | c41766 | c38310 | c45624 | c37509 | c36419 | c36423 | c36428 | c36538 | c36541,1.0,1
germanquad,q40551,c40543,c40543 | c36752 | c38835 | c37272 | c38783 | c41179 | c36419 | c36423 | c36428 | c36538,1.0,1
germanquad,q40552,c40543,c40543 | c41766 | c37264 | c44123 | c38206 | c41474 | c41049 | c37569 | c40498 | c37488,1.0,1
germanquad,q40553,c40543,c40543 | c41766 | c37272 | c36598 | c36789 | c37509 | c38305 | c40315 | c44123 | c40224,1.0,1
germanquad,q40554,c40543,c40543 | c37886 | c38045 | c38520 | c36811 | c41111 | c37488 | c38482 | c36551 | c36642,1.0,1
germanquad,q40556,c40543,c40543 | c41766 | c40423 | c38045 | c37509 | c37488 | c38482 | c41447 | c41193 | c38520,1.0,1
germanquad,q40557,c40543,c40543 | c41766 | c37509 | c36419 | c36423 | c36428 | c36538 | c36541 | c36548 | c36551,1.0,1
germanquad,q41035,c40543,c40543 | c41766 | c37398 | c41322 | c41197 | c37509 | c36709 | c37303 | c41468 | c41584,1.0,1
germanquad,q41036,c40543,c40543 | c41766 | c36859 | c37268 | c38977 | c37509 | c41351 | c38061 | c38045 | c38297,1.0,1
germanquad,q41058,c41058,c41058 | c37322 | c36596 | c42095 | c36760 | c37569 | c41474 | c37680 | c36581 | c37731,1.0,1
germanquad,q41478,c41478,c41478 | c38791 | c41062 | c36803 | c42095 | c37862 | c40380 | c37871 | c36981 | c37100,1.0,1
germanquad,q41479,c41478,c41478 | c40411 | c36796 | c40223 | c40512 | c41108 | c40219 | c37003 | c40448 | c37106,1.0,1
germanquad,q41480,c41478,c41478 | c40311 | c40448 | c42095 | c37018 | c37596 | c36538 | c36572 | c40436 | c41108,1.0,1
germanquad,q41482,c41478,c41478 | c41062 | c40311 | c38791 | c40380 | c44016 | c37217 | c37208 | c41144 | c37488,1.0,1
germanquad,q41487,c41478,c41478 | c40448 | c38546 | c37871 | c37207 | c37576 | c37310 | c41165 | c38281 | c37407,1.0,1
germanquad,q41493,c41478,c41478 | c41062 | c40236 | c37217 | c38791 | c40380 | c36709 | c36736 | c38227 | c37871,1.0,1
germanquad,q40483,c40483,c36419 | c36423 | c36428 | c36538 | c36541 | c36548 | c36551 | c36553 | c36558 | c36572,,315
germanquad,q40484,c40483,c41344 | c37517 | c38467 | c41235 | c40483 | c41422 | c45624 | c41351 | c40540 | c41468,5.0,5
germanquad,q40494,c40483,c40483 | c37264 | c41339 | c38146 | c38089 | c36419 | c36423 | c36428 | c36538 | c36541,1.0,1
germanquad,q40495,c40483,c40483 | c38783 | c38471 | c41386 | c36728 | c40579 | c41037 | c38314 | c38293 | c37671,1.0,1
germanquad,q40496,c40483,c37437 | c38000 | c40483 | c37264 | c38537 | c41339 | c38146 | c38089 | c36419 | c36423,3.0,3
germanquad,q40315,c40315,c40315 | c36752 | c37282 | c41148 | c38077 | c36729 | c40462 | c36642 | c36859 | c38290,1.0,1
germanquad,q40316,c40315,c40315 | c37756 | c38290 | c37886 | c41435 | c38806 | c41037 | c44123 | c36642 | c38305,1.0,1
germanquad,q40317,c40315,c40315 | c38806 | c37055 | c37272 | c37277 | c38305 | c44123 | c38288 | c40224 | c40543,1.0,1
germanquad,q40319,c40315,c40315 | c37247 | c38290 | c41239 | c42107 | c36752 | c37596 | c41555 | c37303 | c44115,1.0,1
germanquad,q40320,c40315,c40315 | c36551 | c41442 | c36611 | c40543 | c38122 | c42127 | c41478 | c41766 | c41403,1.0,1
germanquad,q40512,c40512,c40512 | c38057 | c37385 | c41386 | c42095 | c41523 | c38613 | c38273 | c37324 | c38282,1.0,1
germanquad,q40514,c40512,c40512 | c38057 | c41386 | c41523 | c37385 | c37346 | c42095 | c37426 | c41193 | c41165,1.0,1
germanquad,q40515,c40512,c41267 | c37170 | c41165 | c40512 | c44038 | c41478 | c40520 | c37379 | c40448 | c41161,4.0,4
germanquad,q40516,c40512,c40512 | c41386 | c41267 | c41125 | c38057 | c37099 | c36423 | c40564 | c41165 | c38546,1.0,1
germanquad,q40517,c40512,c40512 | c38057 | c41523 | c37385 | c41386 | c42095 | c37338 | c40223 | c37170 | c38006,1.0,1
germanquad,q40518,c40512,c38057 | c37385 | c40512 | c41386 | c42095 | c41523 | c41165 | c40448 | c37348 | c38247,3.0,3
germanquad,q40537,c40537,c40537 | c37413 | c41489 | c38002 | c38073 | c38206 | c37407 | c40372 | c37084 | c36784,1.0,1
germanquad,q40538,c40537,c40537 | c37495 | c37207 | c38125 | c41734 | c38210 | c36749 | c38381 | c38077 | c38816,1.0,1
germanquad,q40470,c40470,c40470 | c40423 | c40520 | c38087 | c38552 | c37046 | c37272 | c37227 | c38314 | c36752,1.0,1
germanquad,q38977,c38977,c38977 | c36767 | c40405 | c37025 | c38837 | c41152 | c37667 | c37018 | c37437 | c36704,1.0,1
germanquad,q38978,c38977,c38977 | c36767 | c40405 | c37025 | c38837 | c41152 | c37437 | c36984 | c36796 | c36419,1.0,1
germanquad,q38979,c38977,c38977 | c36767 | c40405 | c36419 | c36423 | c36428 | c36538 | c36541 | c36548 | c36551,1.0,1
germanquad,q38980,c38977,c38977 | c36767 | c40405 | c36704 | c44008 | c40448 | c41766 | c40219 | c36419 | c36423,1.0,1
germanquad,q40311,c40311,c40311 | c37871 | c37003 | c42095 | c41179 | c36811 | c37576 | c41366 | c41133 | c40448,1.0,1
germanquad,q40245,c40311,c40311 | c37871 | c37003 | c38125 | c37298 | c38579 | c36693 | c36816 | c37385 | c41161,1.0,1
germanquad,q40246,c40311,c40311 | c41478 | c37353 | c41678 | c36796 | c38180 | c37217 | c37379 | c37106 | c41144,1.0,1
germanquad,q40247,c40311,c40311 | c37003 | c37871 | c36693 | c42095 | c41059 | c40411 | c38381 | c40236 | c36594,1.0,1
germanquad,q40462,c40462,c40462 | c41322 | c41536 | c36859 | c41594 | c41731 | c37756 | c38305 | c38290 | c38227,1.0,1
germanquad,q40464,c40462,c41322 | c41536 | c40462 | c36859 | c37756 | c38305 | c38290 | c41037 | c37886 | c36642,3.0,3
germanquad,q38242,c38242,c38242 | c38293 | c38290 | c36419 | c38273 | c40512 | c36538 | c40571 | c37428 | c38227,1.0,1
germanquad,q38189,c38189,c38189 | c36602 | c37722 | c37033 | c37247 | c37365 | c36974 | c36781 | c42107 | c40315,1.0,1
germanquad,q38191,c38189,c38189 | c37722 | c37033 | c36984 | c37365 | c36974 | c36781 | c37502 | c41058 | c41231,1.0,1
germanquad,q38472,c38189,c38189 | c37722 | c37033 | c37365 | c36974 | c36781 | c36419 | c36423 | c36428 | c36538,1.0,1
germanquad,q38552,c38552,c38520 | c36769 | c36596 | c37018 | c38552 | c41161 | c38475 | c37322 | c36558 | c37192,5.0,5
germanquad,q38555,c38552,c38552 | c41267 | c37018 | c37475 | c41171 | c41766 | c41360 | c41153 | c36581 | c38273,1.0,1
germanquad,q38558,c38552,c38552 | c37475 | c41267 | c37862 | c41606 | c38513 | c38168 | c37413 | c38156 | c38273,1.0,1
germanquad,q38559,c38552,c36789 | c38552 | c41105 | c36558 | c41401 | c36796 | c36736 | c40397 | c36423 | c40423,2.0,2
germanquad,q38562,c38552,c38552 | c42112 | c38478 | c37322 | c41413 | c36428 | c37393 | c38314 | c40411 | c41584,1.0,1
germanquad,q38975,c38552,c38552 | c42095 | c36423 | c41111 | c41401 | c36796 | c40311 | c37576 | c38314 | c36789,1.0,1
germanquad,q38976,c38552,c38552 | c38314 | c40423 | c37428 | c40470 | c38305 | c41401 | c40520 | c38180 | c41193,1.0,1
germanquad,q40236,c40236,c40236 | c41059 | c38310 | c41179 | c41144 | c41133 | c41171 | c36591 | c41160 | c41556,1.0,1
germanquad,q40237,c40236,c40236 | c41160 | c41144 | c41059 | c38482 | c36665 | c41369 | c36984 | c41133 | c37756,1.0,1
germanquad,q40238,c40236,c40236 | c41059 | c41179 | c41144 | c41133 | c41171 | c36591 | c41160 | c41556 | c41533,1.0,1
germanquad,q40239,c40236,c40236 | c36688 | c36796 | c37248 | c40512 | c41678 | c36816 | c36752 | c37252 | c38470,1.0,1
germanquad,q40240,c40236,c40236 | c41678 | c41160 | c36796 | c38467 | c36794 | c41059 | c37217 | c41144 | c41133,1.0,1
germanquad,q40241,c40236,c40236 | c41144 | c37175 | c41059 | c41678 | c41133 | c36796 | c41171 | c37731 | c36591,1.0,1
germanquad,q40242,c40236,c40236 | c41059 | c41556 | c41678 | c41144 | c41133 | c36796 | c41171 | c36591 | c37248,1.0,1
germanquad,q40448,c40448,c40448 | c37475 | c38057 | c41169 | c37428 | c37419 | c36541 | c36736 | c45264 | c44127,1.0,1
germanquad,q40449,c40448,c40448 | c41165 | c37170 | c36553 | c41309 | c41267 | c41067 | c37106 | c41435 | c37379,1.0,1
germanquad,q40321,c40448,c45624 | c37517 | c38310 | c41555 | c36791 | c38210 | c41366 | c40540 | c41239 | c45642,,319
germanquad,q40322,c40448,c40448 | c38546 | c41108 | c37407 | c38037 | c37055 | c37170 | c40467 | c37379 | c36423,1.0,1
germanquad,q40323,c40448,c40448 | c37353 | c36789 | c37217 | c42107 | c37596 | c36762 | c36781 | c40389 | c41606,1.0,1
germanquad,q40324,c40448,c40448 | c38131 | c37495 | c41556 | c37688 | c45264 | c36816 | c36419 | c36423 | c36428,1.0,1
germanquad,q38188,c38188,c38188 | c37618 | c38513 | c37862 | c36572 | c41369 | c37348 | c37688 | c37109 | c40471,1.0,1
germanquad,q38482,c38482,c38482 | c37390 | c37379 | c37203 | c41133 | c38381 | c38247 | c38560 | c37322 | c40511,1.0,1
germanquad,q38483,c38482,c38482 | c37390 | c37379 | c37361 | c36419 | c36423 | c36428 | c36538 | c36541 | c36548,1.0,1
germanquad,q38484,c38482,c38482 | c38281 | c41142 | c41678 | c41179 | c36428 | c41138 | c42112 | c45653 | c40467,1.0,1
germanquad,q38485,c38482,c38482 | c41142 | c41171 | c41179 | c36596 | c38314 | c37498 | c38063 | c41678 | c38045,1.0,1
germanquad,q38486,c38482,c38482 | c36551 | c45635 | c41171 | c38188 | c45642 | c36754 | c41396 | c36781 | c38835,1.0,1
germanquad,q38487,c38482,c38482 | c38247 | c38063 | c37390 | c42112 | c38240 | c44123 | c38624 | c36419 | c36423,1.0,1
germanquad,q45653,c45653,c37310 | c45653 | c38469 | c36419 | c36423 | c36428 | c36538 | c36541 | c36548 | c36551,2.0,2
germanquad,q45654,c45653,c45653 | c36749 | c36722 | c37252 | c38241 | c37446 | c41078 | c41594 | c38332 | c36572,1.0,1
germanquad,q45656,c45653,c45653 | c40504 | c38073 | c41606 | c40311 | c41169 | c38783 | c40579 | c38381 | c41734,1.0,1
germanquad,q40224,c40224,c40224 | c41766 | c38258 | c37862 | c37298 | c38786 | c36704 | c36558 | c37495 | c36816,1.0,1
germanquad,q40225,c40224,c40224 | c37862 | c37298 | c38077 | c38258 | c41766 | c38786 | c36796 | c37509 | c38475,1.0,1
germanquad,q40226,c40224,c40224 | c41766 | c37298 | c41161 | c36816 | c38258 | c37862 | c41266 | c36594 | c41192,1.0,1
germanquad,q40312,c40312,c40312 | c38122 | c41451 | c37099 | c36727 | c36728 | c38241 | c41205 | c40389 | c36848,1.0,1
germanquad,q40313,c40312,c40312 | c36581 | c41512 | c37644 | c37353 | c37256 | c38194 | c36764 | c36760 | c45642,1.0,1
germanquad,q38471,c38471,c38471 | c36728 | c37496 | c38579 | c37170 | c41309 | c41193 | c37203 | c44138 | c36572,1.0,1
germanquad,q40219,c40219,c40219 | c37520 | c37517 | c45653 | c41413 | c44138 | c41115 | c37252 | c41277 | c37502,1.0,1
germanquad,q40220,c40219,c40219 | c37520 | c37615 | c40543 | c38219 | c37756 | c41489 | c41322 | c38534 | c40564,1.0,1
germanquad,q40221,c40219,c40219 | c37520 | c36419 | c36423 | c36428 | c36538 | c36541 | c36548 | c36551 | c36553,1.0,1
germanquad,q40222,c40219,c40219 | c37520 | c37252 | c36553 | c44097 | c41309 | c41266 | c41067 | c40448 | c37106,1.0,1
germanquad,q38981,c40219,c40219 | c37520 | c38194 | c38332 | c37541 | c36419 | c36423 | c36428 | c36538 | c36541,1.0,1
germanquad,q38982,c40219,c40219 | c37520 | c36611 | c38307 | c37256 | c36419 | c36423 | c36428 | c36538 | c36541,1.0,1
germanquad,q38983,c40219,c40219 | c37520 | c41734 | c36419 | c36423 | c36428 | c36538 | c36541 | c36548 | c36551,1.0,1
germanquad,q37484,c37484,c37484 | c38206 | c41528 | c37493 | c41468 | c37024 | c37237 | c38537 | c37207 | c45648,1.0,1
germanquad,q37485,c37484,c37484 | c41528 | c37237 | c38206 | c37493 | c36581 | c41090 | c41594 | c41366 | c41468,1.0,1
germanquad,q37486,c37484,c37484 | c37493 | c38206 | c41468 | c37237 | c38537 | c45648 | c37419 | c41211 | c36419,1.0,1
germanquad,q37487,c37484,c37484 | c37493 | c41528 | c38206 | c41369 | c41468 | c37237 | c38537 | c45648 | c37419,1.0,1
germanquad,q37502,c37502,c37502 | c36774 | c40471 | c36752 | c38305 | c41406 | c40315 | c40543 | c36789 | c40579,1.0,1
germanquad,q37503,c37502,c37502 | c36774 | c41115 | c41406 | c37644 | c37208 | c38783 | c45657 | c40471 | c36752,1.0,1
germanquad,q37504,c37502,c37502 | c38624 | c41148 | c38786 | c36419 | c36423 | c36428 | c36538 | c36541 | c36548,1.0,1
germanquad,q37505,c37502,c37502 | c36774 | c40315 | c40579 | c37569 | c41105 | c40511 | c40471 | c36752 | c38305,1.0,1
germanquad,q37506,c37502,c37502 | c37055 | c36774 | c38297 | c40471 | c40511 | c38156 | c38513 | c41489 | c37862,1.0,1
germanquad,q37507,c37502,c37502 | c36774 | c40315 | c37247 | c40471 | c42107 | c36752 | c37596 | c41555 | c38305,1.0,1
germanquad,q37508,c37502,c40511 | c37502 | c37569 | c40471 | c37303 | c41474 | c37731 | c44026 | c37282 | c37580,2.0,2
germanquad,q37871,c37871,c37576 | c37871 | c42095 | c41533 | c38613 | c37338 | c37580 | c36428 | c40411 | c41478,2.0,2
germanquad,q37872,c37871,c37871 | c42095 | c37576 | c40311 | c37615 | c41478 | c36693 | c41528 | c37338 | c38513,1.0,1
germanquad,q37873,c37871,c37871 | c37576 | c42095 | c40311 | c36736 | c37268 | c38474 | c36796 | c37338 | c36428,1.0,1
germanquad,q37875,c37871,c37871 | c40311 | c40236 | c36594 | c38177 | c41169 | c38783 | c37003 | c40579 | c38381,1.0,1
germanquad,q37876,c37871,c37871 | c36423 | c40311 | c36428 | c37509 | c41062 | c38037 | c41356 | c37338 | c40236,1.0,1
germanquad,q37877,c37871,c37871 | c41200 | c41144 | c36736 | c36428 | c41133 | c41366 | c40311 | c38534 | c38233,1.0,1
germanquad,q38073,c38073,c38073 | c36749 | c41606 | c38049 | c40504 | c41489 | c41037 | c37237 | c38601 | c38835,1.0,1
germanquad,q38074,c38073,c38073 | c36548 | c36419 | c36423 | c36428 | c36538 | c36541 | c36551 | c36553 | c36558,1.0,1
germanquad,q38075,c38073,c38073 | c38560 | c38077 | c41489 | c37659 | c38601 | c37282 | c41148 | c40372 | c37084,1.0,1
germanquad,q38076,c38073,c38073 | c38560 | c38077 | c37659 | c38601 | c37282 | c41148 | c36699 | c38063 | c41531,1.0,1
germanquad,q38067,c38073,c38073 | c38258 | c40519 | c36704 | c37727 | c37862 | c37596 | c38628 | c40470 | c37106,1.0,1
germanquad,q38068,c38073,c38073 | c37529 | c38089 | c41037 | c37237 | c38601 | c38835 | c41489 | c37084 | c37659,1.0,1
germanquad,q38069,c38073,c41037 | c38835 | c41606 | c37659 | c38560 | c37237 | c38601 | c38073 | c36847 | c37529,8.0,8
germanquad,q38070,c38073,c38073 | c41037 | c37237 | c38601 | c38835 | c37659 | c38560 | c37529 | c36548 | c44122,1.0,1
germanquad,q38071,c38073,c38073 | c37237 | c38560 | c41489 | c41037 | c38601 | c38835 | c36749 | c37659 | c37529,1.0,1
germanquad,q38072,c38073,c38073 | c41606 | c38049 | c40504 | c41037 | c37237 | c38601 | c38835 | c36749 | c37659,1.0,1
germanquad,q38202,c38202,c38202 | c36419 | c36423 | c36428 | c36538 | c36541 | c36548 | c36551 | c36553 | c36558,1.0,1
germanquad,q38203,c38202,c38202 | c41138 | c37210 | c41536 | c36718 | c37403 | c36758 | c41512 | c41366 | c37495,1.0,1
germanquad,q38233,c38233,c38233 | c36709 | c38631 | c45648 | c41200 | c36665 | c41500 | c36558 | c36767 | c38628,1.0,1
germanquad,q38002,c38002,c38002 | c36848 | c38712 | c36767 | c41205 | c37383 | c36754 | c44097 | c41296 | c37624,1.0,1
germanquad,q38470,c38470,c38470 | c38806 | c40498 | c41349 | c36642 | c41037 | c41111 | c37886 | c38097 | c44123,1.0,1
germanquad,q38055,c38470,c38470 | c38806 | c40498 | c41349 | c41161 | c36642 | c37886 | c41200 | c37298 | c40543,1.0,1
germanquad,q38056,c38470,c38470 | c38097 | c38806 | c40498 | c41349 | c36642 | c37886 | c40537 | c37324 | c44123,1.0,1
germanquad,q38065,c38470,c38470 | c38806 | c40498 | c41349 | c36642 | c37886 | c37248 | c37303 | c44123 | c41037,1.0,1
germanquad,q38066,c38470,c38470 | c38806 | c40498 | c41349 | c38097 | c36642 | c37170 | c37886 | c38326 | c38045,1.0,1
germanquad,q38475,c38475,c38475 | c38320 | c38806 | c36419 | c36423 | c36428 | c36538 | c36541 | c36548 | c36551,1.0,1
germanquad,q38476,c38475,c38475 | c38320 | c38806 | c36816 | c37428 | c41556 | c37055 | c41599 | c36762 | c41412,1.0,1
germanquad,q38477,c38475,c38475 | c38320 | c38806 | c36709 | c41678 | c37509 | c41200 | c37644 | c36764 | c36796,1.0,1
germanquad,q45657,c45657,c45657 | c37207 | c41528 | c37502 | c42123 | c37495 | c41138 | c37035 | c40405 | c38628,1.0,1
germanquad,q45658,c45657,c45657 | c40395 | c38816 | c37084 | c37034 | c38842 | c37330 | c38467 | c37407 | c41403,1.0,1
germanquad,q37413,c37413,c37413 | c42109 | c41527 | c37272 | c36598 | c41239 | c37475 | c37100 | c37624 | c36752,1.0,1
germanquad,q38024,c38024,c38024 | c37596 | c45635 | c36538 | c40436 | c40311 | c45636 | c44016 | c36764 | c41363,1.0,1
germanquad,q38025,c38024,c38024 | c38545 | c44138 | c36572 | c45635 | c37203 | c44122 | c41176 | c37496 | c36781,1.0,1
germanquad,q38194,c38194,c41197 | c38194 | c38467 | c36419 | c36423 | c36428 | c36538 | c36541 | c36548 | c36551,2.0,2
germanquad,q38196,c38194,c38194 | c41197 | c38537 | c41734 | c38786 | c37277 | c38263 | c37878 | c37217 | c38552,1.0,1
germanquad,q38199,c38194,c38194 | c41197 | c36722 | c37878 | c37277 | c38206 | c41314 | c37203 | c38537 | c38786,1.0,1
germanquad,q38200,c38194,c38194 | c41197 | c36791 | c40540 | c40407 | c37407 | c41555 | c37475 | c38786 | c40223,1.0,1
germanquad,q38469,c38469,c45653 | c38077 | c38469 | c37282 | c41148 | c36794 | c36419 | c36423 | c36428 | c36538,3.0,3
germanquad,q38048,c38469,c45653 | c44016 | c36724 | c40532 | c37493 | c36791 | c38475 | c38263 | c42095 | c38122,,262
germanquad,q37403,c37403,c37403 | c37348 | c36541 | c36791 | c38786 | c40540 | c41528 | c44008 | c37195 | c37777,1.0,1
germanquad,q37426,c37426,c37426 | c37615 | c41056 | c37618 | c37357 | c37871 | c37576 | c41533 | c41478 | c42095,1.0,1
germanquad,q37427,c37426,c37426 | c37618 | c41056 | c37615 | c40462 | c37884 | c37335 | c41165 | c41382 | c41142,1.0,1
germanquad,q37446,c37446,c37446 | c36602 | c37484 | c36762 | c41396 | c41528 | c44104 | c41138 | c36419 | c37498,1.0,1
germanquad,q37447,c37446,c37446 | c41356 | c36814 | c41165 | c38006 | c42127 | c37569 | c41386 | c38338 | c45657,1.0,1
germanquad,q37449,c37446,c37446 | c37099 | c45642 | c37303 | c36602 | c41422 | c37263 | c41235 | c37884 | c41555,1.0,1
germanquad,q37452,c37446,c37446 | c36419 | c36423 | c36428 | c36538 | c36541 | c36548 | c36551 | c36553 | c36558,1.0,1
germanquad,q38006,c38006,c38006 | c37419 | c36419 | c36423 | c36428 | c36538 | c36541 | c36548 | c36551 | c36553,1.0,1
germanquad,q38007,c38006,c38006 | c37442 | c37419 | c36428 | c36419 | c36423 | c36538 | c36541 | c36548 | c36551,1.0,1
germanquad,q38008,c38006,c38006 | c37419 | c41386 | c36428 | c36419 | c36423 | c36538 | c36541 | c36548 | c36551,1.0,1
germanquad,q38009,c38006,c38006 | c40532 | c37099 | c42107 | c37442 | c37348 | c41067 | c38063 | c41165 | c38520,1.0,1
germanquad,q38010,c38006,c37493 | c38006 | c37419 | c37484 | c36581 | c36860 | c38206 | c41468 | c37237 | c38537,2.0,2
germanquad,q38012,c38006,c38006 | c37419 | c37407 | c37338 | c37046 | c41179 | c41556 | c36736 | c40543 | c42112,1.0,1
germanquad,q38013,c38006,c38006 | c37419 | c45642 | c41347 | c37379 | c38762 | c41584 | c40477 | c37886 | c38381,1.0,1
germanquad,q38014,c38006,c38006 | c41138 | c41512 | c36718 | c37403 | c37338 | c38045 | c37210 | c36602 | c41536,1.0,1
germanquad,q38015,c38006,c38006 | c41356 | c37419 | c41165 | c36814 | c36722 | c41445 | c41153 | c42107 | c38057,1.0,1
germanquad,q38016,c38006,c38006 | c44038 | c37442 | c36428 | c37407 | c40467 | c41396 | c37419 | c45636 | c40448,1.0,1
germanquad,q37878,c37878,c37878 | c41366 | c36594 | c40311 | c36572 | c41363 | c36847 | c37303 | c37495 | c41296,1.0,1
germanquad,q37879,c37878,c37878 | c41366 | c36594 | c40311 | c36572 | c41363 | c41766 | c41731 | c38141 | c37247,1.0,1
germanquad,q38018,c37878,c37878 | c41366 | c36594 | c40311 | c36572 | c41363 | c36847 | c37303 | c37495 | c41296,1.0,1
germanquad,q38019,c37878,c37878 | c41366 | c36594 | c40311 | c36572 | c41363 | c36816 | c38798 | c37777 | c41536,1.0,1
germanquad,q38020,c37878,c37878 | c41366 | c36594 | c38579 | c38293 | c45636 | c44026 | c38242 | c40311 | c36572,1.0,1
germanquad,q38049,c38049,c38049 | c36674 | c41606 | c36419 | c36423 | c36428 | c36538 | c36541 | c36548 | c36551,1.0,1
germanquad,q38050,c38049,c38049 | c41606 | c38073 | c40504 | c36749 | c41206 | c36811 | c36758 | c37330 | c38089,1.0,1
germanquad,q38051,c38049,c38049 | c38073 | c36749 | c41606 | c40504 | c41489 | c41206 | c41090 | c37330 | c38089,1.0,1
germanquad,q38053,c38049,c41606 | c38049 | c36674 | c41369 | c36784 | c38156 | c40540 | c37195 | c37862 | c38513,2.0,2
germanquad,q38054,c38049,c36674 | c38049 | c41606 | c36419 | c36423 | c36428 | c36538 | c36541 | c36548 | c36551,2.0,2
germanquad,q38061,c38061,c41296 | c38712 | c36781 | c37428 | c41169 | c36767 | c38061 | c38837 | c41205 | c41161,7.0,7
germanquad,q38062,c38061,c38061 | c38837 | c36781 | c37428 | c41169 | c40397 | c41161 | c40219 | c36796 | c36419,1.0,1
germanquad,q37495,c37495,c37495 | c38480 | c40512 | c40372 | c37210 | c41160 | c44019 | c36674 | c37003 | c40311,1.0,1
germanquad,q45661,c45661,c45661 | c40467 | c41447 | c37502 | c37403 | c38478 | c38628 | c37394 | c41404 | c38087,1.0,1
germanquad,q45660,c45661,c45661 | c37558 | c38293 | c38242 | c41412 | c37886 | c41406 | c40483 | c38045 | c36816,1.0,1
germanquad,q45659,c45661,c45661 | c36728 | c38560 | c44019 | c40467 | c41447 | c37886 | c40511 | c36811 | c41161,1.0,1
germanquad,q45662,c45661,c45661 | c38560 | c36728 | c44019 | c37016 | c41111 | c42107 | c41125 | c38125 | c36674,1.0,1
germanquad,q37338,c37338,c37338 | c37326 | c37268 | c38474 | c37576 | c36794 | c41401 | c45624 | c41584 | c37170,1.0,1
germanquad,q37339,c37338,c37338 | c37871 | c37576 | c36767 | c38628 | c41533 | c41478 | c42095 | c37426 | c40223,1.0,1
germanquad,q37340,c37338,c37338 | c42095 | c40223 | c37871 | c37576 | c37379 | c36767 | c38628 | c38057 | c41533,1.0,1
germanquad,q37341,c37338,c37338 | c38045 | c37659 | c37277 | c38579 | c42112 | c37871 | c40483 | c37509 | c41037,1.0,1
germanquad,q37345,c37338,c37338 | c37326 | c37046 | c45624 | c37170 | c36774 | c42112 | c41169 | c38131 | c38762,1.0,1
germanquad,q37347,c37338,c37338 | c37326 | c37268 | c38474 | c37576 | c41401 | c45624 | c38240 | c37170 | c41447,1.0,1
germanquad,q37379,c37379,c37379 | c37357 | c45648 | c41339 | c41517 | c36764 | c41349 | c37346 | c36774 | c37106,1.0,1
germanquad,q37380,c37379,c37379 | c38180 | c40480 | c41239 | c37403 | c38478 | c38628 | c37394 | c41404 | c38087,1.0,1
germanquad,q37381,c37379,c37379 | c41205 | c40579 | c36538 | c38520 | c38305 | c37389 | c41156 | c37862 | c36847,1.0,1
germanquad,q37382,c37379,c37379 | c41205 | c40579 | c36538 | c37862 | c36847 | c41766 | c38520 | c37389 | c37671,1.0,1
germanquad,q37384,c37379,c37379 | c41205 | c40579 | c36538 | c38520 | c38305 | c41156 | c37862 | c36847 | c41766,1.0,1
germanquad,q37369,c37379,c37379 | c41156 | c41205 | c40579 | c41766 | c38381 | c37711 | c37106 | c37389 | c38520,1.0,1
germanquad,q37371,c37379,c37379 | c40579 | c41205 | c41156 | c41766 | c40311 | c40448 | c37389 | c38520 | c36538,1.0,1
germanquad,q37374,c37379,c37379 | c40448 | c41169 | c38004 | c41478 | c38471 | c41138 | c41309 | c38314 | c41108,1.0,1
germanquad,q37376,c37379,c37379 | c41205 | c40579 | c41156 | c37389 | c38520 | c36538 | c37862 | c41033 | c36847,1.0,1
germanquad,q37378,c37379,c37379 | c41343 | c41156 | c38381 | c41205 | c38712 | c37711 | c37106 | c36572 | c41144,1.0,1
germanquad,q37419,c37419,c37419 | c41339 | c36541 | c36764 | c40537 | c38762 | c41555 | c37517 | c40511 | c41148,1.0,1
germanquad,q37420,c37419,c37419 | c38006 | c38194 | c38560 | c41474 | c41119 | c37277 | c38326 | c37319 | c37034,1.0,1
germanquad,q37423,c37419,c37419 | c38194 | c37520 | c41523 | c36816 | c38631 | c36796 | c41451 | c38004 | c41533,1.0,1
germanquad,q37424,c37419,c37419 | c41193 | c37346 | c36728 | c41412 | c38471 | c37671 | c37322 | c41343 | c41386,1.0,1
germanquad,q37869,c37869,c37869 | c37667 | c38131 | c41161 | c37495 | c37264 | c36860 | c38206 | c37618 | c36674,1.0,1
germanquad,q37870,c37869,c37869 | c37667 | c38131 | c41161 | c37495 | c37264 | c36860 | c38206 | c37618 | c36674,1.0,1
germanquad,q37886,c37886,c37886 | c36642 | c38806 | c44123 | c37756 | c38470 | c41435 | c41349 | c40498 | c38290,1.0,1
germanquad,q37887,c37886,c37886 | c36642 | c40498 | c41536 | c38470 | c44123 | c38806 | c41037 | c41349 | c36729,1.0,1
germanquad,q37889,c37886,c37886 | c41037 | c36642 | c37756 | c41349 | c38568 | c41412 | c41193 | c36791 | c38471,1.0,1
germanquad,q37890,c37886,c37886 | c36642 | c41037 | c37756 | c37282 | c40315 | c41435 | c41349 | c36736 | c36688,1.0,1
germanquad,q38021,c37886,c37886 | c36642 | c37282 | c40498 | c38470 | c41037 | c41536 | c44123 | c41148 | c38131,1.0,1
germanquad,q38022,c37886,c37886 | c36642 | c38806 | c41349 | c44123 | c37756 | c41037 | c38470 | c37680 | c41435,1.0,1
germanquad,q38023,c37886,c37886 | c36642 | c41536 | c38293 | c36752 | c36594 | c45661 | c36729 | c41148 | c40462,1.0,1
germanquad,q38045,c38045,c38045 | c44008 | c38194 | c37659 | c37277 | c38579 | c37529 | c38073 | c45657 | c41391,1.0,1
germanquad,q38046,c38045,c38045 | c37659 | c41447 | c44008 | c37277 | c38579 | c38482 | c38520 | c41111 | c40543,1.0,1
germanquad,q38004,c38004,c38004 | c37203 | c38783 | c37618 | c37046 | c38006 | c37210 | c38077 | c41142 | c38227,1.0,1
germanquad,q38005,c38004,c38004 | c38471 | c38467 | c37203 | c37280 | c40407 | c38469 | c41277 | c44026 | c37046,1.0,1
germanquad,q37442,c37442,c37442 | c41344 | c36727 | c41396 | c38122 | c37493 | c41049 | c37025 | c38816 | c45624,1.0,1
germanquad,q38465,c37442,c37442 | c44045 | c37016 | c37419 | c41192 | c37084 | c37385 | c41364 | c38004 | c36423,1.0,1
germanquad,q37509,c37509,c37509 | c37498 | c37248 | c38307 | c38251 | c41404 | c36674 | c41396 | c40519 | c38475,1.0,1
germanquad,q37511,c37509,c37509 | c37498 | c37248 | c41169 | c38307 | c38233 | c41611 | c38806 | c41200 | c45661,1.0,1
germanquad,q37512,c37509,c37498 | c38307 | c37509 | c41611 | c37248 | c41078 | c37209 | c37264 | c41349 | c37277,3.0,3
germanquad,q38466,c38466,c38466 | c37016 | c38467 | c40532 | c41231 | c41153 | c38553 | c38488 | c41731 | c38045,1.0,1
germanquad,q37884,c37884,c37884 | c37326 | c41165 | c41478 | c40407 | c41111 | c41401 | c40411 | c38125 | c38307,1.0,1
germanquad,q37885,c37884,c37884 | c41347 | c38263 | c40467 | c36736 | c37389 | c41474 | c37046 | c38344 | c41142,1.0,1
germanquad,q37475,c37475,c37475 | c36764 | c41192 | c41049 | c38004 | c41279 | c36769 | c37248 | c36688 | c37326,1.0,1
germanquad,q37476,c37475,c37475 | c36764 | c38631 | c36419 | c36423 | c36428 | c36538 | c36541 | c36548 | c36551,1.0,1
germanquad,q37477,c37475,c37475 | c38568 | c41369 | c44127 | c37024 | c36733 | c37688 | c38338 | c37403 | c38320,1.0,1
germanquad,q37478,c37475,c37475 | c36764 | c41766 | c37298 | c38631 | c41161 | c38125 | c38786 | c36816 | c37003,1.0,1
germanquad,q37479,c37475,c37475 | c37428 | c36762 | c41144 | c41160 | c37580 | c40448 | c41161 | c40512 | c41169,1.0,1
germanquad,q37480,c37475,c37475 | c36764 | c42109 | c37324 | c38344 | c40423 | c36796 | c37106 | c37197 | c38057,1.0,1
germanquad,q37481,c37475,c37475 | c36764 | c37197 | c38057 | c42109 | c41266 | c37498 | c41314 | c36598 | c40537,1.0,1
germanquad,q37482,c37475,c37475 | c37428 | c36762 | c41144 | c41160 | c37580 | c40448 | c41161 | c40512 | c41169,1.0,1
germanquad,q37483,c37475,c37475 | c36764 | c38210 | c37671 | c41528 | c38206 | c40537 | c38180 | c37197 | c38057,1.0,1
germanquad,q37496,c37496,c37210 | c37496 | c38545 | c38131 | c37280 | c37659 | c38471 | c38293 | c36811 | c37256,2.0,2
germanquad,q37497,c37496,c37496 | c41356 | c38060 | c41176 | c38122 | c42107 | c36642 | c37338 | c40571 | c41386,1.0,1
germanquad,q38000,c38000,c37437 | c38000 | c38537 | c40483 | c36859 | c45642 | c38122 | c36541 | c37407 | c41403,2.0,2
germanquad,q38003,c38000,c38000 | c37437 | c38537 | c40483 | c36722 | c37303 | c41160 | c42107 | c38791 | c38240,1.0,1
germanquad,q37407,c37407,c37407 | c37871 | c45264 | c37498 | c44127 | c37109 | c38786 | c42123 | c37106 | c37379,1.0,1
germanquad,q37409,c37407,c37407 | c40407 | c38281 | c37576 | c38546 | c41279 | c38474 | c40411 | c41468 | c44127,1.0,1
germanquad,q38461,c37407,c37407 | c40407 | c38281 | c40411 | c37576 | c41279 | c38474 | c41468 | c41165 | c44038,1.0,1
germanquad,q38462,c37407,c37407 | c38786 | c40407 | c37379 | c37170 | c40540 | c40411 | c37475 | c38194 | c40223,1.0,1
germanquad,q37298,c37298,c37298 | c38631 | c40411 | c37576 | c44127 | c36665 | c38284 | c37018 | c40535 | c37270,1.0,1
germanquad,q37299,c37298,c37298 | c44127 | c40411 | c38631 | c36665 | c37197 | c41496 | c38284 | c41049 | c41108,1.0,1
germanquad,q37300,c37298,c37298 | c38631 | c44127 | c40411 | c38786 | c36665 | c36803 | c36816 | c38284 | c37394,1.0,1
germanquad,q37301,c37298,c37298 | c41197 | c38631 | c40411 | c36816 | c44127 | c38786 | c36665 | c37055 | c38284,1.0,1
germanquad,q37302,c37298,c37298 | c38631 | c44127 | c40411 | c36665 | c38284 | c41161 | c38125 | c37018 | c37428,1.0,1
germanquad,q37330,c37330,c37330 | c41186 | c38024 | c37357 | c38263 | c41413 | c37615 | c36638 | c40477 | c41403,1.0,1
germanquad,q37331,c37330,c37330 | c36419 | c36423 | c36428 | c36538 | c36541 | c36548 | c36551 | c36553 | c36558,1.0,1
germanquad,q37332,c37330,c37330 | c36724 | c40520 | c41465 | c41206 | c38836 | c36754 | c41535 | c41351 | c38609,1.0,1
germanquad,q37333,c37330,c37330 | c44104 | c41186 | c41067 | c36591 | c44097 | c36860 | c41125 | c37282 | c41153,1.0,1
germanquad,q37334,c37330,c37330 | c42123 | c41186 | c45624 | c36419 | c36423 | c36428 | c36538 | c36541 | c36548,1.0,1
germanquad,q37313,c37313,c37313 | c38798 | c41339 | c38258 | c36764 | c37106 | c40532 | c38305 | c40511 | c45624,1.0,1
germanquad,q37314,c37313,c37313 | c38798 | c41584 | c38087 | c38258 | c41594 | c37106 | c38381 | c38305 | c37862,1.0,1
germanquad,q37315,c37313,c37313 | c38798 | c41584 | c38087 | c38258 | c41594 | c37106 | c38305 | c37862 | c36784,1.0,1
germanquad,q37316,c37313,c37313 | c40448 | c37106 | c38798 | c36558 | c37379 | c38258 | c38305 | c40571 | c38783,1.0,1
germanquad,q37317,c37313,c37313 | c37106 | c38466 | c38470 | c37502 | c41148 | c38798 | c40448 | c40498 | c41360,1.0,1
germanquad,q37318,c37313,c37313 | c41161 | c37428 | c37502 | c40498 | c36762 | c41766 | c41144 | c38381 | c37256,1.0,1
germanquad,q37353,c37353,c37353 | c37644 | c40312 | c41382 | c41512 | c37256 | c38247 | c36581 | c37208 | c40369,1.0,1
germanquad,q37355,c37353,c37353 | c40312 | c38131 | c41512 | c37644 | c37256 | c36581 | c36419 | c36423 | c36428,1.0,1
germanquad,q37356,c37353,c37353 | c40312 | c38002 | c41512 | c37644 | c38141 | c36553 | c36794 | c37558 | c37256,1.0,1
germanquad,q37389,c37389,c37389 | c44019 | c40467 | c44026 | c38480 | c37263 | c37569 | c41523 | c41584 | c36419,1.0,1
germanquad,q37391,c37389,c37389 | c41347 | c36767 | c37263 | c38263 | c41279 | c40405 | c40389 | c37884 | c38344,1.0,1
germanquad,q37209,c37209,c37209 | c37596 | c38057 | c41606 | c38798 | c41489 | c38049 | c37197 | c42109 | c37034,1.0,1
germanquad,q37211,c37209,c37209 | c37596 | c37034 | c37277 | c40315 | c40219 | c36693 | c36762 | c38057 | c41193,1.0,1
germanquad,q37212,c37209,c37209 | c37596 | c38077 | c37722 | c41105 | c41277 | c44104 | c38194 | c41594 | c37442,1.0,1
germanquad,q37241,c37209,c37209 | c37596 | c37353 | c37217 | c42107 | c36762 | c36781 | c40389 | c41606 | c37319,1.0,1
germanquad,q37242,c37209,c37209 | c41527 | c36848 | c37488 | c40579 | c38326 | c38488 | c38579 | c38609 | c38786,1.0,1
germanquad,q37243,c37209,c37209 | c38087 | c37018 | c37197 | c38057 | c42109 | c41266 | c37498 | c41314 | c36598,1.0,1
germanquad,q37244,c37209,c37209 | c37298 | c36572 | c36816 | c41161 | c40436 | c37529 | c37878 | c38125 | c38786,1.0,1
germanquad,q37245,c37209,c37209 | c36419 | c36423 | c36428 | c36538 | c36541 | c36548 | c36551 | c36553 | c36558,1.0,1
germanquad,q37277,c37277,c37256 | c38045 | c37659 | c38049 | c37277 | c38579 | c38842 | c38089 | c41606 | c41413,5.0,5
germanquad,q37278,c37277,c37277 | c37256 | c37280 | c44026 | c37659 | c38242 | c41496 | c37878 | c40411 | c36419,1.0,1
germanquad,q37279,c37277,c37277 | c37413 | c37313 | c36733 | c37346 | c40448 | c41435 | c44019 | c38806 | c38537,1.0,1
germanquad,q37322,c37322,c37322 | c41474 | c42095 | c36596 | c41058 | c38552 | c37680 | c36428 | c41165 | c41179,1.0,1
germanquad,q37323,c37322,c37322 | c38520 | c41474 | c36769 | c36596 | c41153 | c37680 | c38156 | c37192 | c36791,1.0,1
germanquad,q37335,c37335,c37335 | c37446 | c37270 | c37025 | c41512 | c37475 | c44122 | c38188 | c37361 | c41290,1.0,1
germanquad,q37336,c37335,c37335 | c37227 | c40436 | c37446 | c37210 | c37270 | c45624 | c41512 | c41188 | c44122,1.0,1
germanquad,q37361,c37361,c37210 | c38837 | c36784 | c41277 | c36419 | c36423 | c36428 | c36538 | c36541 | c36548,,126
germanquad,q37362,c37361,c37361 | c38000 | c38480 | c38624 | c41527 | c40448 | c38466 | c36853 | c41176 | c41535,1.0,1
germanquad,q37364,c37361,c37361 | c37389 | c37680 | c41037 | c41205 | c36754 | c38060 | c40380 | c38712 | c41349,1.0,1
germanquad,q37252,c37252,c37252 | c40427 | c36699 | c36847 | c36591 | c45657 | c40380 | c42109 | c40311 | c41152,1.0,1
germanquad,q37253,c37252,c37252 | c37084 | c38609 | c45657 | c36419 | c36423 | c36428 | c36538 | c36541 | c36548,1.0,1
germanquad,q37254,c37252,c37252 | c40427 | c36591 | c41152 | c41465 | c36699 | c41512 | c36727 | c37084 | c37365,1.0,1
germanquad,q37255,c37252,c37252 | c40427 | c36591 | c41152 | c36718 | c38520 | c36699 | c36752 | c41465 | c38579,1.0,1
germanquad,q37268,c37268,c37268 | c38474 | c37576 | c37338 | c41401 | c37475 | c41447 | c42095 | c37871 | c37393,1.0,1
germanquad,q37269,c37268,c37268 | c41290 | c41138 | c41188 | c38097 | c37403 | c37529 | c41536 | c40397 | c44110,1.0,1
germanquad,q37280,c37280,c37280 | c37256 | c37277 | c40315 | c38168 | c37569 | c41105 | c40511 | c37520 | c38469,1.0,1
germanquad,q37281,c37280,c37280 | c37256 | c37277 | c37569 | c41156 | c38168 | c37442 | c38087 | c41496 | c41193,1.0,1
germanquad,q37326,c37326,c37884 | c36688 | c36553 | c37326 | c45624 | c42123 | c41401 | c38474 | c40223 | c41165,4.0,4
germanquad,q37327,c37326,c37326 | c37338 | c41447 | c42095 | c38613 | c37884 | c45624 | c37170 | c41363 | c37046,1.0,1
germanquad,q37328,c37326,c37326 | c41401 | c41200 | c37884 | c36709 | c41165 | c36423 | c42095 | c40520 | c41474,1.0,1
germanquad,q37329,c37326,c37326 | c41447 | c38613 | c37346 | c37884 | c37319 | c38227 | c41171 | c36796 | c36728,1.0,1
germanquad,q37247,c37247,c37247 | c37644 | c37667 | c37655 | c36594 | c40312 | c41731 | c36572 | c38141 | c40519,1.0,1
germanquad,q37310,c37310,c37310 | c37365 | c45624 | c41119 | c37529 | c44045 | c38293 | c37385 | c38227 | c41347,1.0,1
germanquad,q37311,c37310,c37310 | c37365 | c44045 | c38293 | c41364 | c37385 | c38077 | c38227 | c41138 | c41347,1.0,1
germanquad,q37312,c37310,c37310 | c37413 | c37722 | c37365 | c41056 | c38241 | c37618 | c37303 | c37426 | c40219,1.0,1
germanquad,q37208,c37208,c37208 | c37247 | c42107 | c40315 | c37596 | c41555 | c44115 | c36722 | c37263 | c37502,1.0,1
germanquad,q37256,c37256,c37256 | c37517 | c41413 | c38087 | c37272 | c37227 | c36752 | c41442 | c40219 | c37711,1.0,1
germanquad,q37257,c37256,c37256 | c36419 | c36423 | c36428 | c36538 | c36541 | c36548 | c36551 | c36553 | c36558,1.0,1
germanquad,q37259,c37256,c37256 | c41356 | c37280 | c40540 | c36611 | c38146 | c41401 | c36581 | c41556 | c36419,1.0,1
germanquad,q37260,c37256,c37256 | c38471 | c37777 | c37210 | c38122 | c40397 | c41734 | c42095 | c36419 | c36423,1.0,1
germanquad,q37261,c37256,c37256 | c38471 | c41451 | c37777 | c37210 | c40389 | c38122 | c40511 | c38835 | c38268,1.0,1
germanquad,q37272,c37272,c37272 | c37264 | c36860 | c37869 | c38206 | c37618 | c36674 | c37324 | c38601 | c38488,1.0,1
germanquad,q37274,c37272,c37272 | c40532 | c37580 | c41536 | c41528 | c41279 | c36642 | c36419 | c36423 | c36428,1.0,1
germanquad,q37275,c37272,c37272 | c38045 | c38520 | c40543 | c37886 | c41111 | c37488 | c38482 | c40540 | c41447,1.0,1
germanquad,q37276,c37272,c37272 | c41401 | c38210 | c41360 | c41144 | c41225 | c41211 | c38024 | c41059 | c38177,1.0,1
germanquad,q36860,c36860,c36860 | c37509 | c37580 | c37208 | c40369 | c36688 | c37248 | c38568 | c40467 | c37389,1.0,1
germanquad,q36861,c36860,c36860 | c41314 | c37509 | c40223 | c36558 | c40407 | c37580 | c36722 | c41611 | c41049,1.0,1
germanquad,q36862,c36860,c36860 | c41611 | c37324 | c41211 | c37509 | c41049 | c41200 | c38520 | c41142 | c38488,1.0,1
germanquad,q36863,c36860,c36860 | c41197 | c38842 | c41611 | c36581 | c41049 | c41211 | c38568 | c41235 | c40407,1.0,1
germanquad,q36864,c36860,c36860 | c41611 | c36791 | c41049 | c41211 | c38568 | c41235 | c41197 | c37509 | c41344,1.0,1
germanquad,q36865,c36860,c36860 | c36803 | c38631 | c41611 | c40532 | c37394 | c41049 | c41211 | c38568 | c41235,1.0,1
germanquad,q36866,c36860,c36860 | c41058 | c41231 | c41235 | c36596 | c41540 | c38478 | c38835 | c41413 | c38837,1.0,1
germanquad,q37033,c37033,c37033 | c41611 | c37365 | c37509 | c38189 | c37722 | c36974 | c37498 | c37195 | c37596,1.0,1
germanquad,q37197,c37197,c37197 | c36693 | c38798 | c41161 | c37862 | c36419 | c36423 | c36428 | c36538 | c36541,1.0,1
germanquad,q37198,c37197,c37197 | c41496 | c36693 | c38798 | c41161 | c37862 | c36736 | c41422 | c44123 | c36642,1.0,1
germanquad,q37199,c37197,c37197 | c41496 | c41435 | c41108 | c36769 | c41161 | c38488 | c37298 | c37862 | c41540,1.0,1
germanquad,q37200,c37197,c37197 | c41496 | c41049 | c41108 | c36769 | c37298 | c37379 | c38798 | c36558 | c37055,1.0,1
germanquad,q37201,c37197,c37197 | c41734 | c41496 | c41108 | c36769 | c37298 | c37379 | c38798 | c36558 | c37055,1.0,1
germanquad,q37202,c37197,c37197 | c41496 | c38798 | c41734 | c36693 | c37379 | c36974 | c38310 | c37237 | c41108,1.0,1
germanquad,q37204,c37197,c37197 | c38798 | c36693 | c38520 | c36847 | c40312 | c37385 | c38381 | c42109 | c41496,1.0,1
germanquad,q37248,c37248,c37248 | c37509 | c38045 | c37498 | c38000 | c41366 | c38307 | c37659 | c37277 | c38579,1.0,1
germanquad,q37250,c37248,c37509 | c37248 | c37498 | c38307 | c37208 | c40369 | c41125 | c40564 | c41314 | c38471,2.0,2
germanquad,q37251,c37248,c37248 | c37509 | c37498 | c38307 | c41611 | c38806 | c41200 | c45661 | c38474 | c38281,1.0,1
germanquad,q36848,c36848,c36848 | c41364 | c41219 | c41210 | c41528 | c37016 | c44097 | c37496 | c37437 | c36853,1.0,1
germanquad,q36849,c36848,c36848 | c41210 | c37569 | c37016 | c37496 | c37437 | c41105 | c40511 | c40315 | c36853,1.0,1
germanquad,q36850,c36848,c36848 | c41210 | c38268 | c37016 | c37496 | c37437 | c36853 | c36419 | c36423 | c36428,1.0,1
germanquad,q36851,c36848,c36848 | c41584 | c41210 | c37313 | c38310 | c37016 | c38087 | c37496 | c41594 | c37437,1.0,1
germanquad,q36852,c36848,c36848 | c41210 | c38087 | c37016 | c37496 | c41496 | c37437 | c41435 | c36853 | c37442,1.0,1
germanquad,q36981,c36981,c36981 | c38338 | c41339 | c42109 | c37192 | c38520 | c38045 | c38628 | c37569 | c41211,1.0,1
germanquad,q36982,c36981,c36981 | c37569 | c38338 | c41339 | c37192 | c41058 | c41231 | c38297 | c41235 | c36596,1.0,1
germanquad,q37035,c37035,c37035 | c40395 | c37280 | c38332 | c38609 | c41277 | c44038 | c41125 | c37046 | c36853,1.0,1
germanquad,q36781,c36781,c38712 | c36781 | c45657 | c37722 | c44038 | c37232 | c41290 | c37247 | c41062 | c41396,2.0,2
germanquad,q36847,c36847,c36847 | c44038 | c37232 | c41366 | c37324 | c36762 | c41540 | c42109 | c38712 | c37210,1.0,1
germanquad,q36819,c36847,c36847 | c41465 | c37282 | c41366 | c36541 | c40537 | c37303 | c38579 | c44026 | c37209,1.0,1
germanquad,q37170,c37170,c37170 | c41478 | c38314 | c37407 | c38467 | c40540 | c40467 | c37379 | c38631 | c37428,1.0,1
germanquad,q37171,c37170,c37170 | c37326 | c37338 | c38241 | c36981 | c41584 | c36538 | c41239 | c45624 | c44138,1.0,1
germanquad,q37172,c37170,c37170 | c38786 | c37298 | c38314 | c38467 | c40540 | c38631 | c37428 | c36791 | c36709,1.0,1
germanquad,q37173,c37170,c36423 | c41267 | c37170 | c38273 | c36428 | c41119 | c41165 | c41474 | c37348 | c41125,3.0,3
germanquad,q37022,c37170,c37170 | c41165 | c44038 | c37379 | c40448 | c37407 | c41267 | c41125 | c40467 | c38381,1.0,1
germanquad,q36642,c36642,c36642 | c37886 | c38806 | c41349 | c38545 | c38470 | c40498 | c44123 | c38290 | c41037,1.0,1
germanquad,q36643,c36642,c36642 | c37886 | c38545 | c40498 | c41037 | c38470 | c38806 | c41349 | c38568 | c41435,1.0,1
germanquad,q36644,c36642,c36642 | c38545 | c41037 | c41349 | c38806 | c37756 | c38290 | c37886 | c40315 | c41435,1.0,1
germanquad,q36645,c36642,c37756 | c36642 | c38480 | c41366 | c41349 | c41435 | c41347 | c36594 | c40537 | c41363,2.0,2
germanquad,q36646,c36642,c36642 | c37886 | c41349 | c44123 | c41435 | c38470 | c41037 | c40311 | c38806 | c41536,1.0,1
germanquad,q36647,c36642,c37886 | c37756 | c44123 | c36642 | c40224 | c40315 | c41435 | c36548 | c44019 | c38305,4.0,4
germanquad,q36648,c36642,c36642 | c44123 | c37756 | c37886 | c41435 | c36548 | c40224 | c41322 | c36598 | c44019,1.0,1
germanquad,q36649,c36642,c37886 | c36642 | c37756 | c44123 | c41037 | c41435 | c40498 | c38470 | c40315 | c38806,2.0,2
germanquad,q36650,c36642,c36642 | c37886 | c41536 | c40224 | c37756 | c38560 | c38290 | c41349 | c44123 | c41435,1.0,1
germanquad,q36651,c36642,c36642 | c37886 | c41349 | c38806 | c44123 | c41435 | c41037 | c38470 | c37756 | c40498,1.0,1
germanquad,q36653,c36642,c36642 | c37886 | c38470 | c41349 | c40498 | c41435 | c41037 | c44123 | c41322 | c38806,1.0,1
germanquad,q36654,c36642,c36642 | c37886 | c44123 | c38806 | c41435 | c38290 | c40543 | c41536 | c41442 | c40224,1.0,1
germanquad,q36655,c36642,c36642 | c37756 | c44123 | c37886 | c40315 | c41037 | c41435 | c36847 | c38305 | c38194,1.0,1
germanquad,q36658,c36642,c36642 | c44123 | c41296 | c41435 | c41037 | c37777 | c40315 | c41349 | c41523 | c38470,1.0,1
germanquad,q36659,c36642,c36642 | c37886 | c44123 | c37756 | c41435 | c40315 | c41349 | c41037 | c38470 | c41442,1.0,1
germanquad,q36661,c36642,c36642 | c37886 | c44123 | c40498 | c36859 | c41536 | c38470 | c38806 | c41523 | c41037,1.0,1
germanquad,q36663,c36642,c36642 | c37886 | c38806 | c44123 | c41037 | c40543 | c38470 | c38290 | c41435 | c41349,1.0,1
germanquad,q36664,c36642,c36642 | c37886 | c38470 | c41349 | c40498 | c41435 | c41037 | c44123 | c38545 | c38806,1.0,1
germanquad,q36984,c36984,c36984 | c36784 | c36419 | c36423 | c36428 | c36538 | c36541 | c36548 | c36551 | c36553,1.0,1
germanquad,q36986,c36984,c36984 | c36419 | c36423 | c36428 | c36538 | c36541 | c36548 | c36551 | c36553 | c36558,1.0,1
germanquad,q36987,c36984,c36984 | c36419 | c36423 | c36428 | c36538 | c36541 | c36548 | c36551 | c36553 | c36558,1.0,1
germanquad,q36989,c36984,c36984 | c36784 | c38488 | c37667 | c37644 | c37871 | c36419 | c36423 | c36428 | c36538,1.0,1
germanquad,q36990,c36984,c36784 | c41391 | c37256 | c37175 | c36984 | c42112 | c36419 | c36423 | c36428 | c36538,5.0,5
germanquad,q36992,c36984,c36984 | c41067 | c37330 | c36784 | c36419 | c36423 | c36428 | c36538 | c36541 | c36548,1.0,1
germanquad,q36996,c36984,c36984 | c38125 | c41080 | c36419 | c36423 | c36428 | c36538 | c36541 | c36548 | c36551,1.0,1
germanquad,q36997,c36984,c38466 | c41489 | c36984 | c36749 | c38073 | c38049 | c40427 | c38156 | c36638 | c38307,3.0,3
germanquad,q37016,c37016,c37016 | c37346 | c38290 | c37319 | c38227 | c41171 | c36728 | c41193 | c37711 | c37419,1.0,1
germanquad,q37017,c37016,c37016 | c41360 | c37667 | c37403 | c38478 | c37100 | c37756 | c37886 | c36722 | c38628,1.0,1
germanquad,q36859,c36859,c41322 | c36859 | c41536 | c40462 | c37756 | c38305 | c38290 | c41037 | c36642 | c37886,2.0,2
germanquad,q37176,c36859,c36859 | c41536 | c41322 | c37756 | c36847 | c38305 | c38290 | c41219 | c36733 | c38553,1.0,1
germanquad,q37179,c36859,c36859 | c41536 | c40462 | c37756 | c38290 | c41322 | c41391 | c36736 | c41225 | c37390,1.0,1
germanquad,q37180,c36859,c36859 | c38290 | c41322 | c37756 | c41536 | c36847 | c38305 | c40315 | c36642 | c41239,1.0,1
germanquad,q37182,c36859,c36859 | c36699 | c36847 | c38305 | c41536 | c36558 | c41322 | c37580 | c37756 | c37310,1.0,1
germanquad,q36974,c36974,c37365 | c38189 | c36974 | c37722 | c37033 | c44016 | c36728 | c45642 | c37394 | c42095,3.0,3
germanquad,q36975,c36974,c36974 | c38189 | c37722 | c37033 | c37727 | c40395 | c44016 | c37232 | c37394 | c38002,1.0,1
germanquad,q36977,c36974,c36974 | c38202 | c38282 | c37365 | c44016 | c37442 | c37394 | c42095 | c36548 | c37247,1.0,1
germanquad,q36978,c36974,c36974 | c38189 | c37722 | c41500 | c41496 | c37033 | c44016 | c36538 | c37365 | c36781,1.0,1
germanquad,q37003,c37003,c37003 | c38281 | c38467 | c36752 | c37252 | c38579 | c36704 | c37488 | c37495 | c41468,1.0,1
germanquad,q37006,c37003,c40311 | c41404 | c41366 | c42095 | c38471 | c41133 | c41059 | c37493 | c40411 | c36548,,13
germanquad,q37007,c37003,c37003 | c36423 | c41401 | c37576 | c40236 | c36764 | c37777 | c37502 | c42095 | c36594,1.0,1
germanquad,q37008,c37003,c37003 | c40448 | c40311 | c38293 | c38045 | c37495 | c37520 | c41059 | c41512 | c37502,1.0,1
germanquad,q37009,c37003,c37003 | c38131 | c41153 | c37390 | c41186 | c36752 | c37252 | c41611 | c40219 | c38579,1.0,1
germanquad,q37010,c37003,c37003 | c38125 | c37298 | c38579 | c36816 | c37385 | c41161 | c40311 | c41766 | c37777,1.0,1
germanquad,q37011,c37003,c37003 | c42107 | c40311 | c40512 | c36602 | c41360 | c40483 | c37046 | c41611 | c41523,1.0,1
germanquad,q37012,c37003,c37003 | c40236 | c37871 | c36594 | c38177 | c40311 | c38381 | c36428 | c38240 | c40411,1.0,1
germanquad,q37013,c37003,c37003 | c40311 | c41197 | c41366 | c36811 | c37346 | c42095 | c37495 | c40236 | c38381,1.0,1
germanquad,q36688,c36688,c36688 | c40498 | c36767 | c38628 | c37338 | c40223 | c36754 | c38194 | c38073 | c37379,1.0,1
germanquad,q36689,c36688,c36688 | c40498 | c45642 | c41347 | c37379 | c38762 | c41584 | c40477 | c37886 | c38381,1.0,1
germanquad,q36692,c36688,c36688 | c41599 | c36769 | c38631 | c41049 | c37298 | c38786 | c40498 | c36754 | c36789,1.0,1
germanquad,q36733,c36733,c36733 | c41148 | c38568 | c41369 | c44127 | c36764 | c41108 | c40372 | c40236 | c37403,1.0,1
germanquad,q36734,c36733,c36733 | c41148 | c37256 | c38146 | c37313 | c41235 | c40537 | c41540 | c38513 | c40380,1.0,1
germanquad,q36735,c36733,c36733 | c41148 | c37596 | c37313 | c41394 | c41235 | c37884 | c40537 | c41540 | c38258,1.0,1
germanquad,q36758,c36758,c36758 | c37313 | c36419 | c36423 | c36428 | c36538 | c36541 | c36548 | c36551 | c36553,1.0,1
germanquad,q36759,c36758,c36758 | c37428 | c36762 | c41144 | c41160 | c37580 | c40448 | c41161 | c40512 | c41169,1.0,1
germanquad,q37018,c37018,c37018 | c36419 | c36423 | c36428 | c36538 | c36541 | c36548 | c36551 | c36553 | c36558,1.0,1
germanquad,q37019,c37018,c37018 | c37727 | c40395 | c41177 | c40436 | c38798 | c41382 | c36419 | c36423 | c36428,1.0,1
germanquad,q37021,c37018,c37018 | c37777 | c41125 | c41169 | c36598 | c36688 | c40579 | c36816 | c37346 | c38242,1.0,1
germanquad,q36709,c36709,c36709 | c41200 | c36572 | c41678 | c37509 | c36764 | c41290 | c36796 | c37248 | c36811,1.0,1
germanquad,q36710,c36709,c36709 | c37509 | c36665 | c41678 | c41611 | c38613 | c41200 | c36796 | c36803 | c37033,1.0,1
germanquad,q36711,c36709,c36709 | c38233 | c41200 | c37270 | c38613 | c41296 | c44019 | c37248 | c36796 | c41401,1.0,1
germanquad,q36712,c36709,c36709 | c41200 | c38233 | c37270 | c38613 | c37509 | c37722 | c38791 | c38240 | c41369,1.0,1
germanquad,q36713,c36709,c36709 | c41200 | c38233 | c37270 | c38613 | c38791 | c38240 | c41369 | c37248 | c41366,1.0,1
germanquad,q36714,c36709,c36709 | c41200 | c38233 | c37270 | c38613 | c38240 | c37268 | c37509 | c38534 | c38791,1.0,1
germanquad,q36716,c36709,c38241 | c36709 | c36419 | c36423 | c36428 | c36538 | c36541 | c36548 | c36551 | c36553,2.0,2
germanquad,q36729,c36729,c36729 | c37319 | c36803 | c41171 | c40462 | c36859 | c37671 | c36642 | c38290 | c44123,1.0,1
germanquad,q36730,c36729,c36729 | c37319 | c36803 | c38290 | c38835 | c41148 | c40462 | c36859 | c37671 | c41404,1.0,1
germanquad,q36731,c36729,c36729 | c37319 | c36803 | c41177 | c41171 | c37390 | c38624 | c40462 | c36859 | c38290,1.0,1
germanquad,q36732,c36729,c36729 | c37319 | c36803 | c40462 | c36859 | c37671 | c38290 | c41536 | c36598 | c38305,1.0,1
germanquad,q36752,c36752,c36752 | c41037 | c41435 | c37756 | c38305 | c37886 | c38835 | c41148 | c40315 | c37413,1.0,1
germanquad,q36753,c36752,c36752 | c41304 | c37862 | c36419 | c36423 | c36428 | c36538 | c36541 | c36548 | c36551,1.0,1
germanquad,q36724,c36724,c37731 | c36724 | c41058 | c38045 | c37659 | c36974 | c40436 | c41528 | c41413 | c41403,2.0,2
germanquad,q36725,c36724,c36724 | c41231 | c37025 | c41067 | c42127 | c37034 | c37207 | c36812 | c37385 | c38590,1.0,1
germanquad,q36726,c36724,c36724 | c37731 | c37413 | c41231 | c37357 | c40535 | c36767 | c41344 | c37509 | c38189,1.0,1
germanquad,q36736,c36736,c36796 | c36736 | c42112 | c40423 | c36423 | c41678 | c41366 | c41533 | c42095 | c36428,2.0,2
germanquad,q36737,c36736,c36736 | c42112 | c36423 | c40423 | c36796 | c41678 | c42095 | c36428 | c41188 | c41366,1.0,1
germanquad,q36739,c36736,c36736 | c42095 | c42112 | c37871 | c36423 | c40423 | c36796 | c41678 | c41133 | c36428,1.0,1
germanquad,q36740,c36736,c36736 | c42112 | c41678 | c36811 | c36423 | c40423 | c36796 | c42095 | c41142 | c41133,1.0,1
germanquad,q36741,c36736,c36736 | c41133 | c40467 | c42112 | c36796 | c41678 | c41366 | c37871 | c37884 | c36423,1.0,1
germanquad,q36743,c36736,c36736 | c36423 | c40423 | c42112 | c42095 | c37871 | c36796 | c41678 | c37018 | c44016,1.0,1
germanquad,q36744,c36736,c36736 | c42095 | c36423 | c36859 | c36796 | c42112 | c40311 | c44016 | c41678 | c40423,1.0,1
germanquad,q36745,c36736,c36736 | c42095 | c37871 | c36423 | c40423 | c42112 | c40411 | c38381 | c41678 | c44016,1.0,1
germanquad,q36746,c36736,c36736 | c36423 | c40423 | c42112 | c42095 | c44016 | c36558 | c37871 | c41401 | c36796,1.0,1
germanquad,q36747,c36736,c36736 | c36423 | c41599 | c37871 | c36428 | c44016 | c37270 | c41447 | c42095 | c37338,1.0,1
germanquad,q36748,c36736,c42095 | c36736 | c36423 | c40423 | c42112 | c41678 | c44016 | c36558 | c37871 | c41401,2.0,2
germanquad,q36762,c36762,c36762 | c41205 | c41339 | c38297 | c37862 | c41239 | c37109 | c41148 | c37024 | c37498,1.0,1
germanquad,q36763,c36762,c36762 | c41239 | c41205 | c41225 | c36974 | c36853 | c41148 | c38474 | c41179 | c41366,1.0,1
germanquad,q36749,c36749,c36749 | c36419 | c36423 | c36428 | c36538 | c36541 | c36548 | c36551 | c36553 | c36558,1.0,1
germanquad,q36750,c36749,c36749 | c38332 | c41594 | c41391 | c41219 | c41225 | c36728 | c37446 | c44097 | c41078,1.0,1
germanquad,q36751,c36749,c36749 | c38122 | c44122 | c41090 | c37722 | c40427 | c38024 | c37224 | c38466 | c37446,1.0,1
germanquad,q36760,c36760,c36760 | c37175 | c42109 | c38247 | c37055 | c36733 | c37680 | c37324 | c37688 | c41171,1.0,1
germanquad,q36761,c36760,c37175 | c42109 | c36760 | c37264 | c36860 | c37869 | c38206 | c37618 | c36674 | c37324,3.0,3
germanquad,q36419,c36419,c42095 | c41533 | c40311 | c37576 | c40219 | c36419 | c40411 | c40236 | c38281 | c37871,6.0,6
germanquad,q36420,c36419,c36419 | c36551 | c36548 | c37688 | c36791 | c41344 | c41678 | c36699 | c38470 | c41611,1.0,1
germanquad,q36652,c36419,c36419 | c38227 | c38293 | c42095 | c41533 | c38242 | c38273 | c40311 | c37576 | c36538,1.0,1
germanquad,q36656,c36419,c36419 | c38474 | c38470 | c41165 | c40311 | c37407 | c41555 | c45642 | c37170 | c41138,1.0,1
germanquad,q36693,c36693,c36693 | c37197 | c38798 | c37495 | c40511 | c41347 | c37210 | c41211 | c38545 | c38251,1.0,1
germanquad,q36694,c36693,c36693 | c38798 | c40511 | c37419 | c40512 | c40532 | c36774 | c38469 | c37207 | c41115,1.0,1
germanquad,q36696,c36693,c36693 | c38798 | c41734 | c37197 | c41496 | c37209 | c38579 | c41192 | c41366 | c37237,1.0,1
germanquad,q36754,c36754,c36754 | c38836 | c38241 | c44122 | c37680 | c36724 | c41049 | c37256 | c37502 | c36419,1.0,1
germanquad,q36755,c36754,c36754 | c40520 | c37383 | c38712 | c42107 | c38836 | c41451 | c37247 | c36767 | c41266,1.0,1
germanquad,q36756,c36754,c36419 | c36423 | c36428 | c36538 | c36541 | c36548 | c36551 | c36553 | c36558 | c36572,,38
germanquad,q36757,c36754,c36754 | c38836 | c37403 | c41188 | c38475 | c41364 | c44122 | c37680 | c36428 | c37055,1.0,1
germanquad,q37014,c37014,c37014 | c36853 | c41296 | c41037 | c40315 | c36762 | c38837 | c37035 | c41599 | c37475,1.0,1
germanquad,q37015,c37014,c37014 | c36853 | c38241 | c38837 | c41599 | c44045 | c40477 | c41090 | c36419 | c36423,1.0,1
germanquad,q36764,c36764,c36764 | c37475 | c41138 | c36541 | c38077 | c37282 | c41339 | c38141 | c38474 | c41148,1.0,1
germanquad,q36765,c36764,c36764 | c42112 | c37475 | c41339 | c41179 | c37884 | c40511 | c37379 | c41188 | c38320,1.0,1
germanquad,q36766,c36764,c36764 | c37475 | c36423 | c42112 | c40236 | c41188 | c38320 | c41179 | c37884 | c41165,1.0,1
germanquad,q36548,c36548,c36548 | c38073 | c38063 | c36611 | c44016 | c37394 | c42095 | c38545 | c37869 | c38077,1.0,1
germanquad,q36550,c36548,c36548 | c38073 | c41205 | c36774 | c38545 | c37869 | c37671 | c44026 | c38268 | c38188,1.0,1
germanquad,q36727,c36727,c36727 | c38122 | c41451 | c37099 | c36728 | c38241 | c41205 | c40389 | c36848 | c41468,1.0,1
germanquad,q36769,c36769,c36769 | c41404 | c41413 | c36548 | c41192 | c37247 | c42107 | c40315 | c37596 | c41108,1.0,1
germanquad,q36770,c36769,c36769 | c41404 | c38786 | c41413 | c36548 | c41266 | c41192 | c38057 | c36688 | c41108,1.0,1
germanquad,q36771,c36769,c36769 | c38520 | c41404 | c36596 | c41413 | c36548 | c41192 | c37322 | c37192 | c36791,1.0,1
germanquad,q36772,c36769,c36769 | c41404 | c40224 | c37055 | c41413 | c36688 | c41108 | c40571 | c36419 | c36423,1.0,1
germanquad,q36773,c36769,c36769 | c41404 | c41413 | c41108 | c37055 | c36688 | c40571 | c36419 | c36423 | c36428,1.0,1
germanquad,q37185,c37185,c37185 | c38791 | c38467 | c37884 | c37338 | c40397 | c37361 | c40223 | c41343 | c36762,1.0,1
germanquad,q37189,c37185,c36558 | c40397 | c38842 | c36581 | c37379 | c37313 | c37185 | c40448 | c36789 | c37777,7.0,7
germanquad,q37190,c37185,c37185 | c40397 | c38791 | c38474 | c38097 | c38006 | c38467 | c41468 | c40380 | c41290,1.0,1
germanquad,q37191,c37185,c37185 | c38791 | c38467 | c40512 | c37346 | c41401 | c37227 | c40397 | c41343 | c40223,1.0,1
germanquad,q37193,c37185,c40397 | c36558 | c38842 | c37185 | c38077 | c37282 | c36581 | c41148 | c37777 | c36794,4.0,4
germanquad,q36551,c36551,c36551 | c36816 | c41412 | c42109 | c41363 | c41512 | c36727 | c37084 | c37365 | c37270,1.0,1
germanquad,q36552,c36551,c36551 | c36816 | c41412 | c37084 | c42109 | c45636 | c37727 | c37655 | c37227 | c38471,1.0,1
germanquad,q36596,c36596,c36596 | c38762 | c37680 | c37322 | c41058 | c41474 | c38273 | c42095 | c41179 | c36693,1.0,1
germanquad,q36597,c36596,c36596 | c41058 | c37322 | c41179 | c41474 | c37680 | c42095 | c38273 | c41231 | c41235,1.0,1
germanquad,q36728,c36728,c36728 | c38471 | c38579 | c41176 | c41309 | c37170 | c37624 | c37711 | c41394 | c38087,1.0,1
germanquad,q37227,c37227,c37227 | c38094 | c37263 | c40405 | c41394 | c37084 | c41584 | c37389 | c36419 | c36423,1.0,1
germanquad,q37229,c37227,c37227 | c38094 | c37263 | c37084 | c40405 | c41394 | c41584 | c37389 | c45636 | c37727,1.0,1
germanquad,q37230,c37227,c37227 | c40405 | c38094 | c37263 | c38816 | c41394 | c37084 | c37496 | c38146 | c41584,1.0,1
germanquad,q37231,c37227,c37227 | c40405 | c38094 | c37263 | c38816 | c41394 | c37084 | c37496 | c38146 | c41584,1.0,1
germanquad,q37680,c37680,c37680 | c36596 | c37322 | c41058 | c41474 | c36812 | c41049 | c37055 | c42095 | c41179,1.0,1
germanquad,q37681,c37680,c37680 | c38057 | c37303 | c38049 | c41606 | c37310 | c38125 | c38037 | c36853 | c38786,1.0,1
germanquad,q37684,c37680,c37680 | c36791 | c37055 | c41599 | c41412 | c37569 | c36816 | c36754 | c41188 | c37403,1.0,1
germanquad,q37685,c37680,c37680 | c37361 | c36596 | c37322 | c41058 | c41474 | c42095 | c41179 | c40369 | c38273,1.0,1
germanquad,q37687,c37680,c37680 | c36596 | c37322 | c41058 | c41474 | c36551 | c42095 | c41179 | c37192 | c38273,1.0,1
germanquad,q37324,c37324,c37324 | c36428 | c42109 | c38520 | c36981 | c38338 | c38628 | c41211 | c36762 | c37197,1.0,1
germanquad,q37325,c37324,c37324 | c36428 | c41138 | c41266 | c37237 | c36551 | c41540 | c37207 | c41192 | c41205,1.0,1
germanquad,q37348,c37348,c37348 | c38077 | c37403 | c38037 | c36794 | c37282 | c37688 | c38258 | c41413 | c38156,1.0,1
germanquad,q37350,c37348,c40540 | c36541 | c37195 | c36791 | c38156 | c37348 | c37403 | c41369 | c38168 | c38786,6.0,6
germanquad,q37351,c37348,c36541 | c37403 | c37348 | c40540 | c40470 | c36791 | c37869 | c38258 | c37618 | c41528,3.0,3
germanquad,q36541,c36541,c36541 | c36791 | c37348 | c37403 | c40540 | c38057 | c38786 | c41528 | c44008 | c37280,1.0,1
germanquad,q36542,c36541,c36541 | c37403 | c36553 | c44008 | c36791 | c37348 | c40540 | c38786 | c41528 | c40537,1.0,1
germanquad,q36543,c36541,c36541 | c41279 | c41468 | c36791 | c37348 | c37403 | c40540 | c38786 | c41528 | c44008,1.0,1
germanquad,q36544,c36541,c36541 | c38786 | c41528 | c41339 | c36791 | c37348 | c37403 | c40540 | c40407 | c37346,1.0,1
germanquad,q36545,c36541,c36541 | c41528 | c36791 | c37348 | c37403 | c41540 | c37207 | c40540 | c38786 | c37237,1.0,1
germanquad,q36546,c36541,c36541 | c36791 | c37348 | c37403 | c40540 | c38786 | c41528 | c44008 | c37195 | c41161,1.0,1
germanquad,q36547,c36541,c36541 | c38467 | c36791 | c37348 | c37403 | c40540 | c38786 | c41528 | c44008 | c40311,1.0,1
germanquad,q36553,c36553,c36553 | c37100 | c37688 | c41033 | c40448 | c37203 | c38219 | c37106 | c38122 | c38131,1.0,1
germanquad,q36554,c36553,c36553 | c37688 | c37100 | c37106 | c40448 | c41148 | c41033 | c37667 | c41435 | c36774,1.0,1
germanquad,q36556,c36553,c36553 | c37884 | c36774 | c45624 | c42123 | c37389 | c38097 | c37688 | c41033 | c38474,1.0,1
germanquad,q36557,c36553,c36553 | c37100 | c37688 | c41033 | c37106 | c38131 | c38227 | c40519 | c37203 | c36704,1.0,1
germanquad,q36606,c36606,c36606 | c38141 | c40376 | c41535 | c44110 | c41382 | c38268 | c38798 | c38332 | c41500,1.0,1
germanquad,q36607,c36606,c36606 | c45648 | c36974 | c36718 | c41153 | c37277 | c37596 | c41090 | c36419 | c37324,1.0,1
germanquad,q36558,c36558,c36558 | c40311 | c37185 | c40397 | c38842 | c42095 | c37777 | c36419 | c41165 | c36789,1.0,1
germanquad,q36561,c36558,c36558 | c40311 | c37185 | c40397 | c38842 | c37777 | c36419 | c36581 | c42095 | c36423,1.0,1
germanquad,q36562,c36558,c36558 | c37379 | c36789 | c37106 | c42095 | c40448 | c37197 | c41496 | c37313 | c41108,1.0,1
germanquad,q36563,c36558,c36558 | c37379 | c36789 | c37106 | c38520 | c42095 | c40448 | c37313 | c40236 | c40411,1.0,1
germanquad,q36564,c36558,c36558 | c40397 | c38842 | c37722 | c37185 | c37357 | c40219 | c41056 | c36581 | c42127,1.0,1
germanquad,q36566,c36558,c36558 | c37248 | c38631 | c41279 | c40397 | c38842 | c37185 | c37033 | c41192 | c36581,1.0,1
germanquad,q36567,c36558,c36558 | c37248 | c40397 | c38842 | c37185 | c36581 | c37509 | c41451 | c37680 | c38247,1.0,1
germanquad,q36568,c36558,c36558 | c38842 | c40397 | c36789 | c37185 | c36581 | c37106 | c37379 | c41108 | c36553,1.0,1
germanquad,q36569,c36558,c36558 | c36789 | c37379 | c37106 | c42095 | c40448 | c38842 | c40571 | c37109 | c37313,1.0,1
germanquad,q36570,c36558,c36558 | c40397 | c38842 | c37185 | c40224 | c41500 | c36581 | c41279 | c41108 | c41584,1.0,1
germanquad,q36571,c36558,c36558 | c37379 | c36553 | c37509 | c40397 | c36789 | c40448 | c37106 | c40423 | c37185,1.0,1
germanquad,q36572,c36572,c36572 | c36709 | c41133 | c41090 | c37393 | c37413 | c41266 | c45661 | c38049 | c40467,1.0,1
germanquad,q36573,c36572,c36572 | c40311 | c41366 | c37878 | c36594 | c37003 | c41363 | c37385 | c41599 | c37379,1.0,1
germanquad,q36574,c36572,c36572 | c41366 | c38553 | c36767 | c41133 | c41200 | c41363 | c37046 | c41533 | c40535,1.0,1
germanquad,q36575,c36572,c36572 | c41119 | c45635 | c41152 | c36611 | c37170 | c37390 | c36538 | c41239 | c41267,1.0,1
germanquad,q36576,c36572,c36572 | c36758 | c37496 | c37210 | c41160 | c36419 | c36423 | c36428 | c36538 | c36541,1.0,1
germanquad,q36577,c36572,c36572 | c40236 | c41059 | c41144 | c41133 | c41171 | c36591 | c41160 | c41556 | c41533,1.0,1
germanquad,q36581,c36581,c40397 | c37185 | c38568 | c36558 | c38545 | c41304 | c38002 | c38842 | c38000 | c38290,,14
germanquad,q36582,c36581,c36581 | c38471 | c40397 | c36558 | c38842 | c40540 | c37185 | c40372 | c38467 | c38146,1.0,1
germanquad,q36584,c36581,c36581 | c38842 | c38146 | c36860 | c40397 | c36558 | c40540 | c37185 | c40372 | c37688,1.0,1
germanquad,q36585,c36581,c38842 | c36581 | c40397 | c36558 | c37185 | c36781 | c38049 | c41188 | c45653 | c38560,2.0,2
germanquad,q36586,c36581,c36581 | c41517 | c38842 | c38156 | c36760 | c45653 | c37731 | c36794 | c38560 | c37688,1.0,1
germanquad,q36587,c36581,c36581 | c40397 | c36558 | c38842 | c37185 | c37280 | c41304 | c40532 | c37493 | c36860,1.0,1
germanquad,q36588,c36581,c36581 | c38842 | c37777 | c40397 | c37303 | c36558 | c37185 | c38480 | c41412 | c41599,1.0,1
germanquad,q36590,c36581,c36581 | c36558 | c40397 | c38842 | c37185 | c41197 | c37484 | c37862 | c36764 | c38194,1.0,1
germanquad,q36602,c36602,c36602 | c37446 | c38282 | c38601 | c38613 | c38097 | c36551 | c38320 | c41678 | c37018,1.0,1
germanquad,q36603,c36602,c36602 | c37446 | c36428 | c41119 | c44016 | c36419 | c41115 | c37319 | c44115 | c37731,1.0,1
germanquad,q36604,c36602,c36602 | c38077 | c37446 | c38762 | c41142 | c41138 | c40407 | c41536 | c37884 | c38045,1.0,1
germanquad,q36605,c36602,c36602 | c37446 | c38783 | c41188 | c37403 | c37711 | c38469 | c38712 | c40219 | c38290,1.0,1
germanquad,q36638,c36638,c36638 | c36769 | c44104 | c36419 | c36423 | c36428 | c36538 | c36541 | c36548 | c36551,1.0,1
germanquad,q36639,c36638,c36638 | c37232 | c37175 | c41304 | c38156 | c36419 | c36423 | c36428 | c36538 | c36541,1.0,1
germanquad,q36640,c36638,c36638 | c44104 | c40504 | c45264 | c36419 | c36423 | c36428 | c36538 | c36541 | c36548,1.0,1
germanquad,q36641,c36638,c41489 | c36638 | c38310 | c45624 | c37615 | c36848 | c40423 | c37237 | c41678 | c38122,2.0,2
germanquad,q36423,c36423,c36423 | c44016 | c42095 | c36767 | c38628 | c36428 | c37338 | c40223 | c36754 | c36736,1.0,1
germanquad,q36424,c36423,c36423 | c41142 | c41179 | c36596 | c37498 | c38063 | c41678 | c38045 | c37046 | c37413,1.0,1
germanquad,q36425,c36423,c36423 | c44016 | c42095 | c36736 | c36428 | c37871 | c37576 | c37185 | c42112 | c41401,1.0,1
germanquad,q36426,c36423,c36423 | c37170 | c44016 | c37576 | c40571 | c42112 | c41267 | c36428 | c41119 | c41165,1.0,1
germanquad,q36427,c36423,c36423 | c36665 | c36428 | c41279 | c41165 | c42095 | c38381 | c37756 | c41111 | c37580,1.0,1
germanquad,q36662,c36423,c36423 | c36558 | c37777 | c38314 | c41401 | c42095 | c36789 | c36736 | c41165 | c36796,1.0,1
germanquad,q36669,c36423,c36423 | c45636 | c37310 | c41197 | c37326 | c40448 | c36572 | c36665 | c37338 | c40579,1.0,1
germanquad,q36670,c36423,c36423 | c37264 | c40512 | c40411 | c37437 | c41211 | c36428 | c38628 | c38546 | c42095,1.0,1
germanquad,q36671,c36423,c36423 | c36419 | c36428 | c36538 | c36541 | c36548 | c36551 | c36553 | c36558 | c36572,1.0,1
germanquad,q36673,c36423,c36423 | c37520 | c42095 | c38609 | c41111 | c42112 | c41401 | c36796 | c40311 | c37576,1.0,1
germanquad,q36665,c36665,c36665 | c41309 | c38631 | c38475 | c41356 | c37428 | c36541 | c37003 | c36796 | c37871,1.0,1
germanquad,q36666,c36665,c36665 | c41309 | c38631 | c37428 | c41133 | c37003 | c40423 | c36541 | c40223 | c36796,1.0,1
germanquad,q36667,c36665,c36665 | c41309 | c38631 | c41356 | c36553 | c37428 | c40311 | c40448 | c41366 | c36541,1.0,1
germanquad,q36668,c36665,c36665 | c41309 | c38631 | c38000 | c40532 | c41356 | c36553 | c37428 | c38475 | c38227,1.0,1
germanquad,q36672,c36665,c36665 | c38631 | c41309 | c40411 | c38478 | c40532 | c36553 | c37185 | c38475 | c41478,1.0,1
germanquad,q36675,c36665,c36665 | c36541 | c41235 | c41339 | c37517 | c41309 | c36596 | c38631 | c40483 | c38467,1.0,1
germanquad,q36677,c36665,c36665 | c38631 | c41309 | c40467 | c37884 | c41347 | c38263 | c36541 | c37389 | c40397,1.0,1
germanquad,q36678,c36665,c36665 | c40224 | c38077 | c38631 | c37055 | c41309 | c41266 | c41766 | c38000 | c36558,1.0,1
germanquad,q36682,c36665,c36665 | c36796 | c36674 | c37398 | c40223 | c37003 | c41356 | c38281 | c38475 | c40477,1.0,1
germanquad,q36684,c36665,c37398 | c36665 | c36796 | c37018 | c41766 | c41360 | c41153 | c36581 | c38552 | c36816,2.0,2
germanquad,q36685,c36665,c36665 | c37398 | c45636 | c37310 | c41197 | c37326 | c40448 | c36572 | c37338 | c36796,1.0,1
germanquad,q36687,c36665,c36665 | c41309 | c38631 | c41356 | c42109 | c38482 | c37280 | c37428 | c42107 | c38206,1.0,1
germanquad,q36699,c36699,c36699 | c37224 | c40519 | c41448 | c37033 | c37869 | c38791 | c38474 | c36733 | c36981,1.0,1
germanquad,q36700,c36699,c42109 | c36699 | c36860 | c40427 | c37252 | c37389 | c41394 | c44138 | c41138 | c37282,2.0,2
germanquad,q36701,c36699,c37224 | c41448 | c38241 | c36699 | c38189 | c36754 | c41364 | c37025 | c41080 | c36419,4.0,4
germanquad,q36702,c36699,c37224 | c36699 | c36419 | c36423 | c36428 | c36538 | c36541 | c36548 | c36551 | c36553,2.0,2
germanquad,q36703,c36699,c36699 | c37224 | c41448 | c41192 | c38837 | c41078 | c38024 | c44016 | c37310 | c44122,1.0,1
germanquad,q36718,c36718,c36718 | c41176 | c41451 | c41594 | c37263 | c38332 | c40477 | c41536 | c41062 | c41277,1.0,1
germanquad,q36719,c36718,c36718 | c41594 | c41090 | c41468 | c38122 | c41142 | c37393 | c37361 | c37203 | c45642,1.0,1
germanquad,q36720,c36718,c36718 | c40477 | c36419 | c36423 | c36428 | c36538 | c36541 | c36548 | c36551 | c36553,1.0,1
germanquad,q37357,c37357,c37357 | c37426 | c41056 | c37618 | c37615 | c40540 | c36419 | c36423 | c36428 | c36538,1.0,1
germanquad,q36774,c36774,c37055 | c40471 | c41489 | c36774 | c38297 | c37502 | c40511 | c38156 | c38513 | c37862,4.0,4
germanquad,q36775,c36774,c36774 | c37055 | c38297 | c40471 | c38156 | c38513 | c41489 | c38338 | c40511 | c37502,1.0,1
germanquad,q36776,c36774,c36774 | c37055 | c37502 | c38297 | c40471 | c40511 | c38156 | c38513 | c38628 | c41489,1.0,1
germanquad,q36777,c36774,c36774 | c37055 | c38297 | c40471 | c40511 | c38156 | c38513 | c41489 | c41517 | c37502,1.0,1
germanquad,q36778,c36774,c36774 | c37055 | c40471 | c38513 | c38297 | c37862 | c40511 | c38156 | c41489 | c41156,1.0,1
germanquad,q36779,c36774,c36774 | c37862 | c37055 | c38297 | c40471 | c40511 | c38156 | c38513 | c41489 | c37502,1.0,1
germanquad,q36780,c36774,c36774 | c38520 | c36981 | c38338 | c42109 | c41156 | c38628 | c38320 | c41211 | c37324,1.0,1
germanquad,q36784,c36784,c36784 | c38168 | c41584 | c37313 | c36984 | c38087 | c41396 | c40389 | c41594 | c37330,1.0,1
germanquad,q36786,c36784,c36784 | c41391 | c37256 | c37175 | c36984 | c41304 | c37330 | c38194 | c37484 | c37498,1.0,1
germanquad,q36787,c36784,c36784 | c42109 | c37175 | c36984 | c40537 | c38381 | c38189 | c41304 | c40462 | c41523,1.0,1
germanquad,q36788,c36784,c36784 | c41304 | c36984 | c36781 | c36848 | c37484 | c37313 | c41148 | c41360 | c37330,1.0,1
germanquad,q36791,c36791,c36791 | c40540 | c41678 | c38786 | c40407 | c36541 | c44016 | c42095 | c37185 | c37348,1.0,1
germanquad,q36792,c36791,c36791 | c40540 | c38188 | c36541 | c37348 | c37403 | c38786 | c40407 | c41528 | c45624,1.0,1
germanquad,q36793,c36791,c38786 | c36791 | c37348 | c44008 | c36541 | c38241 | c37195 | c37403 | c40407 | c38125,2.0,2
germanquad,q37394,c37394,c37394 | c36548 | c38786 | c36803 | c37035 | c44016 | c42095 | c41447 | c41314 | c36596,1.0,1
germanquad,q37395,c37394,c37394 | c37303 | c44016 | c42095 | c36548 | c41447 | c41360 | c41500 | c36611 | c36974,1.0,1
germanquad,q36803,c36803,c36803 | c36729 | c37319 | c41056 | c37224 | c41176 | c37671 | c38063 | c41171 | c38609,1.0,1
germanquad,q36804,c36803,c36803 | c36729 | c37319 | c41119 | c41448 | c37624 | c38087 | c36767 | c41435 | c37033,1.0,1
germanquad,q36805,c36803,c36803 | c36729 | c37319 | c38087 | c37298 | c44019 | c37394 | c37509 | c37442 | c41119,1.0,1
germanquad,q36807,c36803,c36803 | c36729 | c37319 | c41171 | c37529 | c40411 | c41766 | c41133 | c38297 | c38520,1.0,1
germanquad,q36814,c36814,c36814 | c37195 | c38180 | c41555 | c37390 | c44019 | c38284 | c41766 | c41360 | c45264,1.0,1
germanquad,q36815,c36814,c36814 | c41090 | c37393 | c37413 | c41266 | c45661 | c40467 | c38601 | c41448 | c44019,1.0,1
germanquad,q36817,c36814,c36814 | c37335 | c37442 | c38227 | c37731 | c37203 | c36859 | c41115 | c42112 | c38006,1.0,1
germanquad,q36853,c36853,c36853 | c37014 | c36722 | c38268 | c41445 | c37303 | c41153 | c42107 | c38049 | c41606,1.0,1
germanquad,q36854,c36853,c36853 | c44045 | c37014 | c38293 | c37210 | c40471 | c41535 | c41512 | c41105 | c37270,1.0,1
germanquad,q36855,c36853,c36853 | c37014 | c41211 | c41056 | c36859 | c41193 | c37618 | c44045 | c36733 | c38553,1.0,1
germanquad,q36856,c36853,c36853 | c37014 | c38553 | c41153 | c41584 | c38061 | c37319 | c37357 | c44045 | c37558,1.0,1
germanquad,q36857,c36853,c36853 | c37014 | c38293 | c41512 | c44045 | c37270 | c41406 | c41193 | c41049 | c38131,1.0,1
germanquad,q36858,c36853,c36853 | c37014 | c41058 | c37353 | c36764 | c36596 | c36551 | c38045 | c37217 | c38762,1.0,1
germanquad,q37398,c37398,c37398 | c40423 | c41169 | c37475 | c36419 | c36423 | c36428 | c36538 | c36541 | c36548,1.0,1
germanquad,q37400,c37398,c37398 | c38786 | c40224 | c36803 | c37394 | c36548 | c41314 | c37046 | c36596 | c37298,1.0,1
germanquad,q37025,c37025,c37025 | c38816 | c40389 | c36724 | c36791 | c41344 | c41678 | c36699 | c38470 | c41611,1.0,1
germanquad,q37026,c37025,c37025 | c38816 | c40389 | c41322 | c36847 | c37498 | c37282 | c41364 | c38332 | c40372,1.0,1
germanquad,q37028,c37025,c37025 | c38049 | c38816 | c40389 | c45642 | c38842 | c38089 | c41606 | c41413 | c37615,1.0,1
germanquad,q37029,c37025,c37025 | c38816 | c40389 | c36419 | c36423 | c36428 | c36538 | c36541 | c36548 | c36551,1.0,1
germanquad,q37031,c37025,c37025 | c40579 | c37502 | c40471 | c36752 | c36774 | c38305 | c41406 | c40315 | c40543,1.0,1
germanquad,q36812,c36812,c36812 | c38712 | c36767 | c41205 | c37383 | c36754 | c41296 | c37624 | c38482 | c41347,1.0,1
germanquad,q36813,c36812,c36812 | c38712 | c36767 | c41205 | c37383 | c36754 | c41296 | c37624 | c38482 | c41347,1.0,1
germanquad,q37195,c37195,c37195 | c41351 | c38628 | c41396 | c37389 | c41125 | c37498 | c38240 | c38284 | c40407,1.0,1
germanquad,q37207,c37207,c37207 | c38977 | c41037 | c37365 | c36611 | c41489 | c37667 | c38469 | c44115 | c41144,1.0,1
germanquad,q37217,c37217,c37217 | c41290 | c41536 | c37185 | c38097 | c36727 | c38326 | c41138 | c41210 | c38474,1.0,1
germanquad,q37218,c37217,c37217 | c38791 | c38310 | c38836 | c38314 | c41210 | c37185 | c40223 | c38546 | c38601,1.0,1
germanquad,q37219,c37217,c37217 | c36419 | c36423 | c36428 | c36538 | c36541 | c36548 | c36551 | c36553 | c36558,1.0,1
germanquad,q37220,c37217,c37217 | c41210 | c37392 | c38546 | c41279 | c40223 | c36796 | c36419 | c36423 | c36428,1.0,1
germanquad,q37222,c37217,c37217 | c42123 | c41363 | c40372 | c38560 | c36722 | c37208 | c41138 | c41364 | c41512,1.0,1
germanquad,q37223,c37217,c37217 | c41210 | c38546 | c40223 | c36419 | c36423 | c36428 | c36538 | c36541 | c36548,1.0,1
germanquad,q37263,c37263,c37263 | c37227 | c38094 | c45636 | c40405 | c41394 | c37084 | c38210 | c38320 | c38122,1.0,1
germanquad,q37264,c37264,c37264 | c40483 | c41339 | c38146 | c38089 | c36767 | c38628 | c37338 | c41133 | c40223,1.0,1
germanquad,q37265,c37264,c37264 | c36674 | c37498 | c36774 | c41533 | c41156 | c41133 | c37596 | c42112 | c37871,1.0,1
germanquad,q37266,c37264,c37298 | c41161 | c38125 | c38786 | c36816 | c37003 | c36594 | c36598 | c36769 | c41197,,116
germanquad,q37267,c37264,c37264 | c38206 | c40483 | c36847 | c37569 | c41339 | c38146 | c41474 | c41049 | c40498,1.0,1
germanquad,q37270,c37270,c37270 | c38233 | c36709 | c41200 | c41401 | c38613 | c37403 | c37263 | c37248 | c45653,1.0,1
germanquad,q37271,c37270,c37270 | c41200 | c38233 | c36709 | c38613 | c40236 | c36736 | c37871 | c42095 | c37248,1.0,1
germanquad,q37282,c37282,c37282 | c41465 | c36541 | c36847 | c37084 | c38077 | c40537 | c37303 | c38579 | c38471,1.0,1
germanquad,q37283,c37282,c37282 | c41465 | c36541 | c36847 | c37252 | c40537 | c37303 | c38579 | c44026 | c36860,1.0,1
germanquad,q37284,c37282,c37282 | c36847 | c41465 | c37495 | c41366 | c36541 | c40537 | c37303 | c38579 | c41356,1.0,1
germanquad,q37285,c37282,c41465 | c37282 | c36541 | c36847 | c40537 | c37303 | c38579 | c44026 | c36860 | c37346,2.0,2
germanquad,q37286,c37282,c37282 | c36847 | c36860 | c41465 | c36541 | c40537 | c37303 | c38579 | c44026 | c37346,1.0,1
germanquad,q37287,c37282,c41465 | c37282 | c36541 | c36847 | c38146 | c40537 | c37303 | c38579 | c44026 | c36860,2.0,2
germanquad,q37303,c37303,c41153 | c37247 | c38156 | c38000 | c42107 | c40315 | c37596 | c40511 | c37035 | c41555,,24
germanquad,q37304,c37303,c37303 | c36981 | c38513 | c36774 | c40471 | c41606 | c37192 | c38156 | c38037 | c38338,1.0,1
germanquad,q37305,c37303,c37303 | c36816 | c37298 | c41049 | c44019 | c37878 | c36419 | c36423 | c36428 | c36538,1.0,1
germanquad,q37306,c37303,c37303 | c36816 | c37878 | c44019 | c37541 | c37280 | c36767 | c37680 | c38977 | c40532,1.0,1
germanquad,q37307,c37303,c37303 | c36419 | c36423 | c36428 | c36538 | c36541 | c36548 | c36551 | c36553 | c36558,1.0,1
germanquad,q37308,c37303,c37303 | c38290 | c40315 | c36423 | c41239 | c36752 | c37346 | c41322 | c37756 | c36789,1.0,1
germanquad,q37309,c37303,c37303 | c38480 | c37175 | c38579 | c41366 | c40564 | c36598 | c41153 | c41188 | c38219,1.0,1
germanquad,q37319,c37319,c37319 | c36729 | c36803 | c38241 | c37488 | c36749 | c41059 | c41474 | c40219 | c38284,1.0,1
germanquad,q37320,c37319,c37319 | c36729 | c36803 | c37034 | c44138 | c37878 | c38293 | c37495 | c38242 | c36688,1.0,1
germanquad,q37321,c37319,c36729 | c37319 | c36803 | c38284 | c36419 | c36423 | c36428 | c36538 | c36541 | c36548,2.0,2
germanquad,q37237,c37237,c38344 | c37237 | c40219 | c38520 | c36699 | c41356 | c37871 | c38073 | c42095 | c36419,2.0,2
germanquad,q37238,c37237,c37237 | c37197 | c41496 | c36693 | c38798 | c41037 | c38601 | c38835 | c38073 | c37659,1.0,1
germanquad,q37239,c37237,c37237 | c38344 | c40219 | c38520 | c38210 | c40498 | c37003 | c36699 | c37484 | c36665,1.0,1
germanquad,q37240,c37237,c37237 | c38520 | c38320 | c38073 | c41037 | c38601 | c38835 | c36794 | c37496 | c41231,1.0,1
germanquad,q37343,c37237,c37237 | c41037 | c38560 | c36791 | c38601 | c38835 | c38786 | c38073 | c37659 | c37529,1.0,1
germanquad,q37344,c37237,c37237 | c41344 | c41403 | c36419 | c36423 | c36428 | c36538 | c36541 | c36548 | c36551,1.0,1
germanquad,q37385,c37385,c37385 | c37488 | c36784 | c40512 | c38202 | c45264 | c41267 | c41386 | c41193 | c41401,1.0,1
germanquad,q37386,c37385,c41606 | c37385 | c38273 | c41386 | c36642 | c41205 | c38073 | c41267 | c38631 | c38049,2.0,2
germanquad,q37387,c37385,c37385 | c37003 | c38125 | c37298 | c38579 | c36816 | c41314 | c38631 | c41161 | c40311,1.0,1
germanquad,q37428,c37428,c37428 | c38631 | c36724 | c40427 | c36762 | c41144 | c41160 | c37777 | c37580 | c40448,1.0,1
germanquad,q37429,c37428,c37428 | c38631 | c41197 | c36816 | c37298 | c37777 | c41161 | c36724 | c38125 | c40427,1.0,1
germanquad,q37430,c37428,c37428 | c38631 | c38281 | c36724 | c40427 | c37777 | c38467 | c37495 | c41351 | c37055,1.0,1
germanquad,q37431,c37428,c37428 | c38631 | c36724 | c41169 | c40427 | c37777 | c36419 | c36423 | c36428 | c36538,1.0,1
germanquad,q37432,c37428,c37428 | c38631 | c41734 | c36724 | c40427 | c38263 | c37777 | c41267 | c38194 | c37310,1.0,1
germanquad,q37433,c37428,c37428 | c38631 | c41169 | c37385 | c37777 | c36791 | c41496 | c41160 | c45264 | c38798,1.0,1
germanquad,q37434,c37428,c37428 | c38631 | c36665 | c41309 | c40311 | c37035 | c41363 | c36541 | c36551 | c37018,1.0,1
germanquad,q37437,c37437,c38000 | c37437 | c40483 | c38537 | c38628 | c36767 | c38631 | c41266 | c41193 | c37361,2.0,2
germanquad,q37439,c37437,c37437 | c38000 | c40483 | c38537 | c37446 | c36758 | c41193 | c37361 | c41125 | c41360,1.0,1
germanquad,q37440,c37437,c37437 | c36419 | c36423 | c36428 | c36538 | c36541 | c36548 | c36551 | c36553 | c36558,1.0,1
germanquad,q37488,c37488,c37488 | c37346 | c37671 | c37247 | c42107 | c40315 | c37596 | c41555 | c41386 | c44115,1.0,1
germanquad,q37489,c37488,c37488 | c37346 | c37671 | c37264 | c40498 | c41386 | c38087 | c37569 | c41496 | c40543,1.0,1
germanquad,q37490,c37488,c37488 | c37346 | c37403 | c38478 | c38628 | c37394 | c41404 | c38087 | c41594 | c37379,1.0,1
germanquad,q37491,c37488,c37488 | c37346 | c38305 | c40537 | c41366 | c37237 | c36688 | c41445 | c40315 | c44123,1.0,1
germanquad,q37492,c37488,c37488 | c37671 | c38466 | c38202 | c40511 | c38478 | c41343 | c41386 | c38609 | c38037,1.0,1
germanquad,q37493,c37493,c37493 | c38842 | c41369 | c37484 | c38206 | c41555 | c41062 | c41468 | c37237 | c37688,1.0,1
germanquad,q37494,c37493,c37493 | c41404 | c36548 | c40462 | c41391 | c37520 | c41413 | c40311 | c38842 | c36796,1.0,1
germanquad,q37498,c37498,c37498 | c38307 | c37509 | c37248 | c38194 | c36860 | c36581 | c41179 | c37495 | c40483,1.0,1
germanquad,q37499,c37498,c37498 | c41611 | c37264 | c37484 | c36581 | c37033 | c36762 | c37365 | c37055 | c40540,1.0,1
germanquad,q37500,c37498,c37498 | c38307 | c37509 | c37248 | c36860 | c41611 | c36762 | c41540 | c37488 | c41339,1.0,1
germanquad,q37501,c37498,c37498 | c40315 | c37502 | c37509 | c37403 | c38478 | c38628 | c37394 | c41404 | c38087,1.0,1
germanquad,q37517,c37517,c37517 | c40520 | c45642 | c37437 | c38783 | c41351 | c38263 | c36419 | c38000 | c38282,1.0,1
germanquad,q37518,c37517,c37517 | c45642 | c45624 | c40520 | c37437 | c38783 | c37541 | c41351 | c36419 | c38310,1.0,1
germanquad,q37519,c37517,c37517 | c41422 | c36419 | c40520 | c36814 | c41349 | c37016 | c41192 | c37084 | c37385,1.0,1
germanquad,q37569,c37569,c37569 | c36704 | c37869 | c40483 | c36674 | c36419 | c36423 | c36428 | c36538 | c36541,1.0,1
germanquad,q37570,c37569,c37569 | c40471 | c40511 | c38305 | c37106 | c40480 | c41266 | c37324 | c38560 | c37197,1.0,1
germanquad,q37571,c37569,c37569 | c40471 | c40511 | c37106 | c38338 | c37502 | c38305 | c40315 | c40540 | c38609,1.0,1
germanquad,q37572,c37569,c37569 | c40467 | c41396 | c45636 | c40448 | c38251 | c40564 | c41314 | c41205 | c38247,1.0,1
germanquad,q37573,c37569,c37569 | c40471 | c40511 | c37175 | c37106 | c37280 | c40372 | c41465 | c41059 | c41528,1.0,1
germanquad,q37574,c37569,c37569 | c40480 | c40579 | c41078 | c41496 | c41406 | c41058 | c41231 | c37282 | c41235,1.0,1
germanquad,q37578,c37569,c37569 | c40471 | c40511 | c37498 | c36860 | c37106 | c38307 | c38305 | c36581 | c40315,1.0,1
germanquad,q37580,c37580,c37580 | c36541 | c41528 | c37272 | c40532 | c41144 | c41211 | c38344 | c41165 | c38786,1.0,1
germanquad,q37581,c37580,c37024 | c38320 | c37688 | c40471 | c41555 | c41351 | c38338 | c37475 | c36419 | c36423,,166
germanquad,q37582,c37580,c37024 | c38320 | c37688 | c41144 | c40471 | c41555 | c37580 | c38344 | c41351 | c41165,7.0,7
germanquad,q37586,c37580,c37580 | c36541 | c41528 | c37272 | c40532 | c41211 | c36727 | c41200 | c37407 | c41279,1.0,1
germanquad,q37594,c37580,c37580 | c41611 | c41049 | c41211 | c38568 | c41235 | c41197 | c37509 | c36860 | c38314,1.0,1
germanquad,q37615,c37615,c37615 | c41056 | c37618 | c37426 | c41382 | c37357 | c40407 | c37727 | c37197 | c37268,1.0,1
germanquad,q37616,c37615,c37615 | c38836 | c37018 | c38837 | c38125 | c37393 | c41152 | c37217 | c36848 | c36774,1.0,1
germanquad,q37608,c37615,c37615 | c40380 | c37035 | c38288 | c37247 | c41056 | c41152 | c41296 | c38061 | c36796,1.0,1
germanquad,q37611,c37615,c37615 | c38712 | c41599 | c37298 | c36693 | c40470 | c36709 | c38049 | c38579 | c38156,1.0,1
germanquad,q37624,c37624,c37624 | c38241 | c44110 | c36974 | c38146 | c37313 | c37330 | c37541 | c38624 | c41219,1.0,1
germanquad,q37627,c37624,c37624 | c41394 | c38624 | c37034 | c37035 | c41527 | c37383 | c41363 | c41119 | c36803,1.0,1
germanquad,q37638,c37624,c37624 | c41394 | c37365 | c41119 | c38624 | c41363 | c36551 | c37100 | c40407 | c45635,1.0,1
germanquad,q37647,c37624,c37624 | c41394 | c36699 | c37383 | c41231 | c38087 | c38024 | c38247 | c36728 | c37034,1.0,1
germanquad,q37648,c37624,c37624 | c41394 | c36699 | c37383 | c38624 | c41231 | c38024 | c38247 | c37034 | c36859,1.0,1
germanquad,q37649,c37624,c37624 | c41394 | c41363 | c37365 | c38624 | c37034 | c37383 | c36754 | c37035 | c41527,1.0,1
germanquad,q37650,c37624,c37624 | c38251 | c44110 | c41535 | c41177 | c38466 | c42127 | c36767 | c40477 | c44045,1.0,1
germanquad,q37667,c37667,c37667 | c37247 | c37644 | c37655 | c40312 | c37018 | c37437 | c36704 | c38002 | c38233,1.0,1
germanquad,q37668,c37667,c37655 | c37667 | c41468 | c45624 | c40411 | c36419 | c36423 | c36428 | c36538 | c36541,2.0,2
germanquad,q37669,c37667,c37667 | c37018 | c37437 | c36704 | c38002 | c38233 | c36541 | c36764 | c41200 | c37247,1.0,1
germanquad,q37674,c37667,c37667 | c37655 | c37247 | c37644 | c40312 | c40512 | c41356 | c41536 | c41171 | c38835,1.0,1
germanquad,q37676,c37667,c37667 | c37493 | c38842 | c37018 | c37437 | c37731 | c36704 | c38002 | c38233 | c36541,1.0,1
germanquad,q37677,c37667,c37667 | c37644 | c37247 | c37655 | c40312 | c37100 | c37756 | c36722 | c45636 | c41468,1.0,1
germanquad,q37679,c37667,c37667 | c37247 | c37644 | c37195 | c40312 | c37655 | c37389 | c36760 | c41148 | c36704,1.0,1
germanquad,q37711,c37711,c37711 | c38712 | c37379 | c38546 | c38568 | c44016 | c36423 | c41363 | c38060 | c41144,1.0,1
germanquad,q37712,c37711,c37711 | c37346 | c36602 | c41090 | c37247 | c37319 | c42107 | c38227 | c40315 | c41171,1.0,1
germanquad,q37715,c37711,c37711 | c37379 | c38712 | c37247 | c38568 | c44016 | c36423 | c42107 | c40315 | c37596,1.0,1
germanquad,q37717,c37711,c37711 | c37413 | c41231 | c37357 | c36722 | c41445 | c41153 | c42107 | c36548 | c38601,1.0,1
germanquad,q37719,c37711,c37711 | c38467 | c37346 | c37185 | c41527 | c41090 | c37319 | c38227 | c38241 | c38791,1.0,1
germanquad,q38326,c38326,c38326 | c37509 | c38783 | c37268 | c44138 | c37046 | c37498 | c41225 | c38590 | c38281,1.0,1
germanquad,q38327,c38326,c38326 | c37509 | c37268 | c37498 | c41225 | c38590 | c44110 | c38712 | c37419 | c38816,1.0,1
germanquad,q38328,c38326,c38326 | c37509 | c37498 | c38281 | c38125 | c44122 | c38467 | c38783 | c38227 | c38122,1.0,1
germanquad,q38329,c38326,c38326 | c37509 | c37498 | c37361 | c41290 | c41152 | c41396 | c38712 | c37731 | c45653,1.0,1
germanquad,q38330,c38326,c38326 | c37509 | c38783 | c37498 | c38281 | c38125 | c44122 | c38467 | c37361 | c41290,1.0,1
germanquad,q38331,c38326,c38326 | c36419 | c36423 | c36428 | c36538 | c36541 | c36548 | c36551 | c36553 | c36558,1.0,1
germanquad,q37756,c37756,c37756 | c44123 | c37886 | c36642 | c38087 | c38480 | c38077 | c37596 | c41478 | c41435,1.0,1
germanquad,q37757,c37756,c37756 | c44123 | c36642 | c37886 | c38835 | c41148 | c41349 | c41404 | c37319 | c38290,1.0,1
germanquad,q37759,c37756,c37756 | c44123 | c37886 | c36642 | c37365 | c41349 | c41435 | c41037 | c40315 | c36419,1.0,1
germanquad,q37761,c37756,c37756 | c37886 | c41435 | c44123 | c36642 | c38835 | c41148 | c41404 | c37319 | c41349,1.0,1
germanquad,q37762,c37756,c37756 | c44123 | c37886 | c36642 | c40315 | c41435 | c40579 | c37722 | c41349 | c41037,1.0,1
germanquad,q37763,c37756,c37756 | c44123 | c37886 | c40315 | c36642 | c41435 | c36789 | c40224 | c38290 | c42107,1.0,1
germanquad,q37764,c37756,c37756 | c44123 | c37886 | c36642 | c41435 | c41037 | c40315 | c37046 | c37502 | c36419,1.0,1
germanquad,q37766,c37756,c37756 | c44123 | c37886 | c40315 | c36642 | c41435 | c40224 | c38290 | c40571 | c41239,1.0,1
germanquad,q37768,c37756,c37756 | c44123 | c37886 | c36642 | c41435 | c41037 | c40315 | c36419 | c36423 | c36428,1.0,1
germanquad,q37769,c37756,c37756 | c44123 | c37886 | c36642 | c40315 | c38290 | c36752 | c41037 | c36729 | c41322,1.0,1
germanquad,q37770,c37756,c37756 | c37886 | c44123 | c41435 | c36642 | c40315 | c38290 | c36752 | c41037 | c36729,1.0,1
germanquad,q37772,c37756,c37756 | c37886 | c41435 | c44123 | c36642 | c41349 | c40315 | c36419 | c36423 | c36428,1.0,1
germanquad,q37774,c37756,c37756 | c44123 | c36642 | c37886 | c41037 | c44016 | c36722 | c37541 | c36674 | c41445,1.0,1
germanquad,q37776,c37756,c37756 | c44123 | c36642 | c40543 | c37886 | c41435 | c41037 | c40571 | c37100 | c37576,1.0,1
germanquad,q37346,c37346,c37346 | c37488 | c37319 | c38227 | c41171 | c36728 | c41193 | c37711 | c37419 | c44038,1.0,1
germanquad,q37349,c37346,c37346 | c37488 | c37413 | c38534 | c44019 | c36541 | c45657 | c41734 | c41062 | c41556,1.0,1
germanquad,q37352,c37346,c37346 | c37488 | c41412 | c40512 | c41401 | c41734 | c38613 | c38125 | c37886 | c37185,1.0,1
germanquad,q37354,c37346,c37346 | c37488 | c38293 | c36803 | c45661 | c36728 | c38560 | c38534 | c44019 | c41442,1.0,1
germanquad,q37358,c37346,c37346 | c37488 | c37353 | c41412 | c40512 | c38194 | c38310 | c41239 | c41401 | c37517,1.0,1
germanquad,q37359,c37346,c37488 | c37346 | c37671 | c41386 | c36419 | c36423 | c36428 | c36538 | c36541 | c36548,2.0,2
germanquad,q37360,c37346,c37488 | c37346 | c37671 | c37498 | c36749 | c41144 | c37252 | c41386 | c37208 | c41349,2.0,2
germanquad,q37363,c37346,c37346 | c37488 | c41734 | c38263 | c37319 | c38227 | c41171 | c41322 | c45635 | c41386,1.0,1
germanquad,q36722,c36722,c36722 | c42107 | c38466 | c37210 | c38344 | c37442 | c37624 | c38094 | c41206 | c37731,1.0,1
germanquad,q36723,c36722,c36722 | c37208 | c37488 | c45636 | c37413 | c37498 | c36594 | c36749 | c41219 | c38488,1.0,1
germanquad,q37862,c37862,c37862 | c36541 | c38122 | c37252 | c41468 | c38467 | c41156 | c38258 | c38146 | c36674,1.0,1
germanquad,q37863,c37862,c36847 | c37862 | c41523 | c38258 | c37878 | c37109 | c40471 | c36594 | c41369 | c41206,2.0,2
germanquad,q37864,c37862,c40397 | c36752 | c37252 | c38579 | c36704 | c37488 | c41468 | c37569 | c36981 | c38307,,32
germanquad,q37865,c37862,c37862 | c38258 | c36704 | c36769 | c37192 | c36674 | c41192 | c37348 | c41179 | c38546,1.0,1
germanquad,q37866,c37862,c37862 | c37109 | c40471 | c37667 | c38168 | c41369 | c36752 | c37252 | c38006 | c37495,1.0,1
germanquad,q37867,c37862,c37862 | c38258 | c37495 | c41606 | c38513 | c38168 | c38552 | c37413 | c38156 | c38073,1.0,1
germanquad,q37868,c37862,c37871 | c37618 | c37348 | c37109 | c37644 | c37576 | c37862 | c37403 | c38168 | c41533,7.0,7
germanquad,q38037,c38037,c38037 | c38338 | c40532 | c38474 | c38006 | c38004 | c37731 | c37884 | c37419 | c40407,1.0,1
germanquad,q38038,c38037,c38037 | c38338 | c36774 | c37224 | c37884 | c36812 | c40532 | c38474 | c38320 | c38478,1.0,1
germanquad,q38039,c38037,c38037 | c38338 | c38520 | c41062 | c38320 | c41165 | c37569 | c36760 | c38156 | c38478,1.0,1
germanquad,q38040,c38037,c38037 | c38338 | c41347 | c37207 | c37277 | c41133 | c41396 | c42109 | c41533 | c40535,1.0,1
germanquad,q38043,c38037,c38037 | c38338 | c41078 | c41152 | c36419 | c36423 | c36428 | c36538 | c36541 | c36548,1.0,1
germanquad,q38057,c38057,c38057 | c40571 | c38194 | c37338 | c40223 | c38568 | c37170 | c38273 | c41193 | c42095,1.0,1
germanquad,q38059,c38057,c38057 | c41386 | c37385 | c40512 | c42095 | c41523 | c37722 | c41165 | c40448 | c37016,1.0,1
germanquad,q38063,c38063,c38063 | c41078 | c37024 | c38281 | c36736 | c41500 | c40540 | c41349 | c36812 | c41382,1.0,1
germanquad,q38064,c38063,c41078 | c36812 | c38297 | c44110 | c38063 | c38268 | c41339 | c41391 | c36428 | c44026,5.0,5
germanquad,q38122,c38122,c38122 | c38227 | c37203 | c37389 | c41584 | c41512 | c38002 | c38004 | c38480 | c44138,1.0,1
germanquad,q38123,c38122,c38122 | c37203 | c38227 | c37084 | c38002 | c38480 | c40405 | c44138 | c40224 | c41363,1.0,1
germanquad,q38124,c38122,c38122 | c37203 | c38227 | c42123 | c41363 | c40372 | c38560 | c37217 | c36722 | c37208,1.0,1
germanquad,q38125,c38125,c38125 | c38545 | c36752 | c37569 | c38307 | c41153 | c38783 | c38480 | c38131 | c41413,1.0,1
germanquad,q38127,c38125,c38125 | c38545 | c41343 | c41153 | c38783 | c38609 | c38480 | c41413 | c38004 | c42123,1.0,1
germanquad,q38128,c38125,c38125 | c36789 | c41734 | c41161 | c40311 | c41531 | c45657 | c36816 | c41468 | c37003,1.0,1
germanquad,q38129,c38125,c38125 | c36789 | c36594 | c41033 | c41734 | c45642 | c37495 | c37346 | c37353 | c41339,1.0,1
germanquad,q38130,c38125,c38125 | c41766 | c36816 | c38786 | c37298 | c40224 | c36762 | c36803 | c37264 | c38241,1.0,1
germanquad,q38168,c38168,c36784 | c36984 | c37862 | c41606 | c38513 | c38168 | c38552 | c37413 | c38156 | c38073,6.0,6
germanquad,q38169,c38168,c36984 | c41058 | c36784 | c40223 | c37353 | c36764 | c36596 | c36551 | c38045 | c37217,,13
germanquad,q38171,c38168,c38168 | c40471 | c41322 | c36984 | c37109 | c38806 | c41239 | c41339 | c36784 | c36548,1.0,1
germanquad,q38172,c38168,c38168 | c40471 | c36784 | c41322 | c36984 | c41369 | c38806 | c41239 | c40504 | c37869,1.0,1
germanquad,q38175,c38168,c38168 | c36984 | c36784 | c37084 | c40470 | c41535 | c41413 | c41225 | c37442 | c37175,1.0,1
germanquad,q38176,c38168,c38168 | c40471 | c37109 | c41322 | c41239 | c37862 | c38552 | c36784 | c36984 | c38156,1.0,1
germanquad,q38210,c38210,c38210 | c36847 | c38024 | c37357 | c41366 | c38263 | c41413 | c37615 | c41465 | c36638,1.0,1
germanquad,q38212,c38210,c38210 | c36789 | c41523 | c36419 | c36423 | c36428 | c36538 | c36541 | c36548 | c36551,1.0,1
germanquad,q38214,c38210,c38210 | c38281 | c36791 | c41304 | c36860 | c38568 | c37569 | c36541 | c37264 | c42112,1.0,1
germanquad,q38222,c38210,c40532 | c36774 | c38469 | c37207 | c41115 | c38210 | c41527 | c41211 | c38131 | c41474,6.0,6
germanquad,q38225,c38210,c38210 | c36419 | c36423 | c36428 | c36538 | c36541 | c36548 | c36551 | c36553 | c36558,1.0,1
germanquad,q37392,c37392,c37392 | c37428 | c36762 | c41144 | c41160 | c37580 | c40448 | c41161 | c40512 | c41169,1.0,1
germanquad,q38463,c37392,c37392 | c37055 | c41599 | c41412 | c36816 | c36754 | c41188 | c37403 | c38475 | c40380,1.0,1
germanquad,q38464,c37392,c37392 | c38089 | c40397 | c41188 | c37195 | c40380 | c38326 | c36796 | c37442 | c45624,1.0,1
germanquad,q38227,c38227,c38227 | c37203 | c38122 | c41339 | c38282 | c41267 | c38613 | c41766 | c41156 | c41401,1.0,1
germanquad,q38228,c38227,c38227 | c37203 | c38122 | c36758 | c41584 | c38381 | c36419 | c36423 | c36428 | c36538,1.0,1
germanquad,q38229,c38227,c38122 | c37203 | c38227 | c41193 | c37280 | c41343 | c36728 | c38314 | c44038 | c36814,3.0,3
germanquad,q38230,c38227,c38227 | c37203 | c38122 | c36814 | c38314 | c41193 | c38552 | c38087 | c37280 | c37272,1.0,1
germanquad,q38232,c38227,c38227 | c36722 | c41193 | c37280 | c41343 | c36728 | c38314 | c44038 | c36814 | c38284,1.0,1
germanquad,q38234,c38227,c38227 | c37203 | c38122 | c38189 | c36419 | c40511 | c38293 | c38242 | c36538 | c40571,1.0,1
germanquad,q38236,c38227,c38227 | c37203 | c38122 | c36419 | c38293 | c38242 | c36538 | c40571 | c37428 | c40543,1.0,1
germanquad,q38237,c38227,c38227 | c38579 | c38045 | c38122 | c37203 | c38293 | c44026 | c41406 | c38290 | c41090,1.0,1
germanquad,q38238,c38227,c38227 | c37203 | c38122 | c45642 | c37247 | c41193 | c42107 | c40315 | c37596 | c37541,1.0,1
germanquad,q38239,c38227,c38227 | c37203 | c38122 | c40467 | c45642 | c41193 | c38240 | c37541 | c37046 | c38783,1.0,1
germanquad,q38268,c38268,c38268 | c42127 | c44110 | c37403 | c38478 | c38628 | c37394 | c41404 | c38087 | c41594,1.0,1
germanquad,q38269,c38268,c38268 | c42127 | c44110 | c37256 | c41451 | c40389 | c40511 | c38835 | c37569 | c45657,1.0,1
germanquad,q38270,c38268,c38268 | c44110 | c42127 | c38049 | c38842 | c38089 | c38202 | c38247 | c36812 | c41606,1.0,1
germanquad,q38271,c38268,c38268 | c42127 | c44110 | c37263 | c41186 | c38470 | c41279 | c38467 | c40223 | c38631,1.0,1
germanquad,q38272,c38268,c44110 | c38268 | c42127 | c38293 | c41512 | c37270 | c41406 | c41193 | c41049 | c38131,2.0,2
germanquad,q38282,c38282,c38282 | c38601 | c38552 | c40520 | c42123 | c41363 | c40372 | c38560 | c37217 | c36722,1.0,1
germanquad,q38283,c38282,c38282 | c38601 | c37319 | c41422 | c38310 | c40223 | c40498 | c38613 | c38791 | c41451,1.0,1
germanquad,q38307,c38307,c38307 | c37509 | c37498 | c37248 | c36541 | c41211 | c42123 | c41611 | c41363 | c40372,1.0,1
germanquad,q38308,c38307,c38307 | c37498 | c37509 | c37248 | c36762 | c38628 | c41611 | c38281 | c37264 | c37207,1.0,1
germanquad,q38309,c38307,c38307 | c37509 | c37498 | c37248 | c37520 | c36762 | c38281 | c37264 | c41309 | c36754,1.0,1
germanquad,q38320,c38320,c38320 | c38475 | c38478 | c41401 | c36558 | c38520 | c37379 | c44127 | c38089 | c36764,1.0,1
germanquad,q38321,c38320,c38320 | c38475 | c38806 | c40564 | c38552 | c37379 | c41210 | c36733 | c41314 | c45661,1.0,1
germanquad,q38322,c38320,c38320 | c38475 | c38806 | c37024 | c37688 | c41210 | c40471 | c41555 | c36733 | c40564,1.0,1
germanquad,q38323,c38320,c41231 | c40462 | c38568 | c41304 | c36791 | c37208 | c41115 | c37722 | c36860 | c41148,,275
germanquad,q38324,c38320,c38320 | c38475 | c38628 | c38478 | c41404 | c37379 | c38470 | c37731 | c37502 | c41369,1.0,1
germanquad,q38325,c38320,c38320 | c38282 | c38601 | c37419 | c38613 | c38125 | c41556 | c38097 | c36419 | c36423,1.0,1
germanquad,q38467,c38467,c38791 | c38467 | c37185 | c37596 | c37498 | c41067 | c36774 | c37227 | c41343 | c41144,2.0,2
germanquad,q38468,c38467,c38791 | c38467 | c37185 | c41535 | c37227 | c41343 | c41468 | c40223 | c41517 | c38474,2.0,2
germanquad,q38026,c38467,c38467 | c37659 | c37596 | c41165 | c36538 | c40436 | c40311 | c45636 | c44016 | c41142,1.0,1
germanquad,q38027,c38467,c40223 | c38281 | c37862 | c38188 | c38480 | c41403 | c36791 | c41105 | c40397 | c36428,,128
germanquad,q38474,c38474,c38474 | c37252 | c37580 | c37324 | c37361 | c40376 | c37383 | c41133 | c42109 | c40423,1.0,1
germanquad,q38488,c38488,c38488 | c37109 | c41339 | c37488 | c38326 | c41125 | c38786 | c36762 | c41527 | c38842,1.0,1
germanquad,q38478,c38478,c38478 | c37282 | c38258 | c38077 | c36794 | c38842 | c38520 | c38513 | c41369 | c41148,1.0,1
germanquad,q38479,c38478,c38478 | c41062 | c40236 | c41369 | c38520 | c41478 | c44127 | c38089 | c36764 | c38037,1.0,1
germanquad,q38480,c38480,c38480 | c37495 | c40537 | c41366 | c36594 | c41363 | c37282 | c36699 | c36581 | c40311,1.0,1
germanquad,q38481,c38480,c37495 | c36553 | c38480 | c36581 | c37862 | c37003 | c38338 | c40311 | c36704 | c41059,3.0,3
germanquad,q38537,c38537,c38537 | c37484 | c37493 | c38206 | c37419 | c41468 | c37237 | c38194 | c37277 | c37756,1.0,1
germanquad,q38539,c38537,c38537 | c41468 | c41279 | c44127 | c38762 | c36596 | c38006 | c40483 | c36594 | c40372,1.0,1
germanquad,q38510,c38537,c41468 | c37493 | c37484 | c38537 | c41344 | c38206 | c37517 | c38467 | c41235 | c37237,4.0,4
germanquad,q38512,c38537,c41468 | c38537 | c37659 | c37517 | c38467 | c41422 | c36754 | c41235 | c37496 | c41344,2.0,2
germanquad,q38522,c38537,c38537 | c40411 | c36803 | c40407 | c38520 | c37348 | c37403 | c41171 | c38786 | c38488,1.0,1
germanquad,q38525,c38537,c38537 | c41279 | c44127 | c38762 | c41412 | c41468 | c36596 | c40483 | c38786 | c38282,1.0,1
germanquad,q38590,c38590,c38590 | c37252 | c40312 | c37209 | c36419 | c36423 | c36428 | c36538 | c36541 | c36548,1.0,1
germanquad,q38591,c38590,c38590 | c36718 | c41413 | c37624 | c40369 | c40312 | c44097 | c41179 | c42112 | c36642,1.0,1
germanquad,q38592,c38590,c38590 | c38293 | c41512 | c37270 | c41406 | c41193 | c41049 | c38131 | c37268 | c40405,1.0,1
germanquad,q38593,c38590,c38590 | c36767 | c41584 | c40405 | c37529 | c37084 | c38131 | c41090 | c36419 | c36423,1.0,1
germanquad,q38594,c38590,c38590 | c37175 | c37280 | c38293 | c40372 | c41465 | c41528 | c41512 | c37270 | c41406,1.0,1
germanquad,q38595,c38590,c38590 | c38553 | c41153 | c41584 | c37319 | c37357 | c44115 | c37263 | c41413 | c44038,1.0,1
germanquad,q38596,c38590,c38590 | c41080 | c41322 | c36847 | c37498 | c37282 | c41364 | c38332 | c40372 | c40427,1.0,1
germanquad,q38597,c38590,c38590 | c37175 | c37280 | c40372 | c41465 | c41528 | c41386 | c41584 | c36419 | c36423,1.0,1
germanquad,q38598,c38590,c38590 | c40380 | c37035 | c38288 | c37247 | c41056 | c41152 | c41296 | c38061 | c36796,1.0,1
germanquad,q38599,c38590,c38590 | c37175 | c37280 | c40372 | c41465 | c41528 | c41386 | c41584 | c36419 | c36423,1.0,1
germanquad,q38600,c38590,c38590 | c36419 | c36423 | c36428 | c36538 | c36541 | c36548 | c36551 | c36553 | c36558,1.0,1
germanquad,q38601,c38601,c38601 | c41037 | c37237 | c38835 | c38073 | c37659 | c38560 | c37529 | c36548 | c37109,1.0,1
germanquad,q38603,c38601,c38601 | c41037 | c37237 | c38835 | c38073 | c37659 | c38560 | c37529 | c36548 | c37109,1.0,1
germanquad,q38606,c38601,c38601 | c41037 | c37237 | c38835 | c38282 | c38073 | c37659 | c38560 | c37529 | c38613,1.0,1
germanquad,q38607,c38601,c38601 | c41037 | c37237 | c38835 | c38282 | c38073 | c37659 | c38560 | c37529 | c38613,1.0,1
germanquad,q38608,c38601,c38601 | c36419 | c36423 | c36428 | c36538 | c36541 | c36548 | c36551 | c36553 | c36558,1.0,1
germanquad,q38609,c38609,c38609 | c41056 | c37224 | c36803 | c41176 | c41171 | c37671 | c36419 | c36423 | c36428,1.0,1
germanquad,q38610,c38609,c38609 | c41056 | c37224 | c36803 | c41176 | c41171 | c37671 | c36419 | c36423 | c36428,1.0,1
germanquad,q38611,c38609,c38609 | c36419 | c36423 | c36428 | c36538 | c36541 | c36548 | c36551 | c36553 | c36558,1.0,1
germanquad,q38612,c38609,c38609 | c37389 | c36709 | c37529 | c41115 | c37319 | c44115 | c41344 | c37252 | c38097,1.0,1
germanquad,q38786,c38786,c38786 | c41766 | c37475 | c37298 | c38631 | c41161 | c38125 | c36816 | c37003 | c36594,1.0,1
germanquad,q38787,c38786,c38786 | c36541 | c37348 | c36796 | c36791 | c38326 | c37403 | c38488 | c40540 | c41528,1.0,1
germanquad,q38788,c38786,c38786 | c36791 | c36541 | c41496 | c41169 | c38631 | c37348 | c37403 | c40540 | c37346,1.0,1
germanquad,q38789,c38786,c38786 | c36541 | c36791 | c38326 | c37348 | c37403 | c40540 | c37346 | c41496 | c41528,1.0,1
germanquad,q38798,c38798,c38798 | c37197 | c37313 | c36693 | c38258 | c37106 | c38305 | c37272 | c40372 | c41111,1.0,1
germanquad,q38800,c38798,c38798 | c36693 | c41496 | c37313 | c37197 | c36767 | c38122 | c36606 | c44122 | c37520,1.0,1
germanquad,q38802,c38798,c38798 | c36693 | c37313 | c37197 | c38305 | c38258 | c37106 | c44045 | c41496 | c41422,1.0,1
germanquad,q38803,c38798,c38798 | c36693 | c38258 | c37862 | c41496 | c36704 | c41192 | c37313 | c37197 | c36674,1.0,1
germanquad,q38816,c38816,c38816 | c37025 | c40389 | c36727 | c37442 | c38122 | c37493 | c45624 | c38188 | c40471,1.0,1
germanquad,q38818,c38816,c38816 | c37025 | c40389 | c41363 | c37731 | c41152 | c36718 | c41090 | c36860 | c41304,1.0,1
germanquad,q38820,c38816,c38816 | c40389 | c37025 | c44122 | c42127 | c41536 | c38202 | c36718 | c44026 | c41413,1.0,1
germanquad,q38822,c38816,c38816 | c37084 | c45636 | c37727 | c37655 | c37227 | c38471 | c37618 | c36699 | c36419,1.0,1
germanquad,q38824,c38816,c38816 | c37025 | c40389 | c40405 | c37247 | c37496 | c42107 | c40315 | c38146 | c37596,1.0,1
germanquad,q38825,c38816,c38816 | c37025 | c40389 | c36419 | c36423 | c36428 | c36538 | c36541 | c36548 | c36551,1.0,1
germanquad,q38826,c38816,c38816 | c37025 | c40389 | c37667 | c37100 | c37756 | c36722 | c45636 | c41468 | c38251,1.0,1
germanquad,q38828,c38816,c38816 | c37025 | c40389 | c37667 | c37018 | c37437 | c36704 | c38002 | c38233 | c36541,1.0,1
germanquad,q38842,c38842,c38842 | c41369 | c37493 | c41197 | c37688 | c41062 | c38131 | c37207 | c37264 | c41555,1.0,1
germanquad,q38845,c38842,c38842 | c36581 | c37777 | c41369 | c37493 | c41062 | c41555 | c41528 | c37203 | c37688,1.0,1
germanquad,q38847,c38842,c38842 | c36581 | c41369 | c37493 | c37777 | c41062 | c41555 | c41528 | c37688 | c40236,1.0,1
germanquad,q38851,c38842,c38842 | c41369 | c37493 | c41197 | c41062 | c37688 | c37207 | c38131 | c37264 | c41555,1.0,1
germanquad,q38852,c38842,c38842 | c37493 | c41404 | c40397 | c36558 | c36581 | c37185 | c36548 | c41413 | c40311,1.0,1
germanquad,q38853,c38842,c38842 | c36581 | c40397 | c36558 | c37185 | c40395 | c37777 | c38816 | c37084 | c37034,1.0,1
germanquad,q40223,c40223,c40223 | c38546 | c45648 | c41133 | c40564 | c41108 | c41413 | c41105 | c37442 | c41478,1.0,1
germanquad,q40227,c40223,c40223 | c37442 | c38836 | c41105 | c38546 | c37496 | c38467 | c41067 | c38783 | c45648,1.0,1
germanquad,q40228,c40223,c37869 | c41413 | c36558 | c37379 | c37313 | c41478 | c40223 | c40448 | c37348 | c36789,7.0,7
germanquad,q40229,c40223,c40223 | c38546 | c44127 | c38284 | c38478 | c40564 | c41422 | c41133 | c37348 | c37248,1.0,1
germanquad,q40230,c40223,c40223 | c38546 | c41165 | c37348 | c40407 | c37517 | c41133 | c42112 | c40564 | c41108,1.0,1
germanquad,q40231,c40223,c40223 | c41108 | c38546 | c41478 | c38478 | c44127 | c41133 | c40564 | c40411 | c41413,1.0,1
germanquad,q40232,c40223,c40223 | c40564 | c41133 | c41108 | c37348 | c37495 | c37509 | c38471 | c36796 | c41413,1.0,1
germanquad,q40234,c40223,c40223 | c40483 | c41037 | c41314 | c36764 | c37495 | c38087 | c37379 | c37270 | c44026,1.0,1
germanquad,q40235,c40223,c40223 | c41133 | c40564 | c41108 | c41413 | c41478 | c40380 | c37869 | c37348 | c38546,1.0,1
