dataset,query_id,gold_doc_ids,top_doc_ids,first_rel_rank,best_gold_rank_full
germanquad,q40369,c40369,c40369 | c40389 | c38273 | c36674 | c38297 | c41062 | c37475 | c41277 | c41153 | c38332,1.0,1
germanquad,q40370,c40369,c40369 | c40436 | c42112 | c36764 | c41536 | c38590 | c41142 | c38320 | c36774 | c41033,1.0,1
germanquad,q40366,c40369,c40369 | c37644 | c37018 | c38247 | c37217 | c41119 | c36598 | c41161 | c40511 | c38194,1.0,1
germanquad,q40367,c40369,c40369 | c36606 | c37099 | c44122 | c41536 | c36811 | c42127 | c41156 | c45642 | c38816,1.0,1
germanquad,q40368,c40369,c40369 | c38189 | c40462 | c41445 | c38077 | c40219 | c37033 | c37277 | c41192 | c36974,1.0,1
germanquad,q40372,c40372,c40372 | c37280 | c41304 | c37256 | c36581 | c40389 | c41731 | c37475 | c36674 | c36718,1.0,1
germanquad,q40373,c40372,c40372 | c37175 | c38146 | c38590 | c36860 | c44115 | c41445 | c41584 | c41290 | c41344,1.0,1
germanquad,q40374,c40372,c40372 | c37722 | c45657 | c38131 | c36674 | c41523 | c41731 | c36718 | c41062 | c37419,1.0,1
germanquad,q40375,c40372,c40372 | c38590 | c37175 | c44138 | c36581 | c41448 | c41153 | c37884 | c37731 | c40236,1.0,1
germanquad,q40376,c40376,c40376 | c37365 | c37618 | c41360 | c41523 | c41142 | c37383 | c41611 | c37209 | c44138,1.0,1
germanquad,q40377,c40376,c36606 | c40376 | c42127 | c41731 | c37392 | c37475 | c36674 | c41523 | c37419 | c38273,2.0,2
germanquad,q40378,c40376,c40376 | c36606 | c38141 | c40369 | c41391 | c41535 | c40462 | c41500 | c38268 | c44097,1.0,1
germanquad,q40379,c40376,c40376 | c37475 | c36718 | c37419 | c40389 | c42127 | c37618 | c41523 | c38297 | c41153,1.0,1
germanquad,q40436,c40436,c40436 | c45636 | c41731 | c37475 | c38297 | c37419 | c42127 | c41153 | c40395 | c37484,1.0,1
germanquad,q40437,c40436,c40405 | c36974 | c41528 | c38045 | c40436 | c41403 | c40315 | c41413 | c38297 | c37084,5.0,5
germanquad,q40477,c40477,c40477 | c38712 | c45624 | c38381 | c38467 | c36602 | c37520 | c41468 | c42123 | c37084,1.0,1
germanquad,q40479,c40477,c40477 | c37442 | c37084 | c40389 | c40462 | c37419 | c37209 | c38467 | c37034 | c38326,1.0,1
germanquad,q40481,c40477,c40477 | c40223 | c45624 | c41279 | c38762 | c40467 | c36602 | c38284 | c42112 | c41468,1.0,1
germanquad,q40482,c40477,c40477 | c40498 | c42112 | c38189 | c40483 | c41314 | c36428 | c38835 | c41037 | c37379,1.0,1
germanquad,q40487,c40477,c40477 | c45624 | c41468 | c36602 | c40219 | c37576 | c42095 | c41171 | c42123 | c40312,1.0,1
germanquad,q40488,c40477,c40477 | c42123 | c40369 | c37403 | c41363 | c41364 | c36722 | c42107 | c37475 | c37392,1.0,1
germanquad,q40489,c40477,c40477 | c36419 | c37727 | c38798 | c40395 | c38467 | c38712 | c36553 | c41296 | c40436,1.0,1
germanquad,q40490,c40477,c40477 | c36419 | c38467 | c37419 | c41555 | c36722 | c36553 | c41296 | c38097 | c40407,1.0,1
germanquad,q40491,c40477,c40477 | c36674 | c41766 | c41584 | c38180 | c37313 | c37346 | c36642 | c44123 | c36419,1.0,1
germanquad,q40492,c40477,c40477 | c36572 | c41165 | c41584 | c38273 | c37509 | c36428 | c42112 | c41279 | c38786,1.0,1
germanquad,q40493,c40477,c40477 | c36853 | c36859 | c38590 | c37217 | c41153 | c38537 | c38206 | c41090 | c37442,1.0,1
germanquad,q40498,c40498,c40498 | c38470 | c38806 | c41349 | c36642 | c37886 | c41037 | c40543 | c41435 | c38290,1.0,1
germanquad,q40499,c40498,c40498 | c38470 | c41349 | c36642 | c41435 | c38806 | c44123 | c37886 | c36674 | c36428,1.0,1
germanquad,q40500,c40498,c40498 | c38470 | c41349 | c36642 | c41536 | c41161 | c36693 | c38806 | c40477 | c37886,1.0,1
germanquad,q40501,c40498,c40498 | c38470 | c41349 | c38806 | c36642 | c37886 | c44123 | c41435 | c36674 | c36428,1.0,1
germanquad,q40502,c40498,c40498 | c38470 | c41435 | c36642 | c41349 | c44123 | c38482 | c37886 | c37264 | c37756,1.0,1
germanquad,q40503,c40498,c40498 | c38297 | c38552 | c38097 | c37502 | c37313 | c37100 | c37055 | c42112 | c38842,1.0,1
germanquad,q40511,c40511,c40511 | c37502 | c38004 | c41160 | c40571 | c41734 | c36733 | c38189 | c41267 | c41108,1.0,1
germanquad,q40506,c40511,c40511 | c37502 | c38297 | c37055 | c36774 | c38156 | c38513 | c41205 | c41489 | c40471,1.0,1
germanquad,q40507,c40511,c40511 | c37502 | c38836 | c40520 | c38590 | c41153 | c37035 | c41465 | c38194 | c37756,1.0,1
germanquad,q40509,c40511,c40511 | c37502 | c37569 | c41179 | c41105 | c41290 | c41474 | c38469 | c40579 | c38004,1.0,1
germanquad,q40510,c40511,c40511 | c36572 | c37517 | c40535 | c42095 | c41401 | c40498 | c41171 | c36642 | c37326,1.0,1
germanquad,q40535,c40535,c40535 | c37475 | c38247 | c41144 | c37618 | c41356 | c41351 | c41364 | c40389 | c38467,1.0,1
germanquad,q40536,c40535,c36811 | c40535 | c36758 | c38290 | c38467 | c37099 | c41360 | c41062 | c36674 | c36602,2.0,2
germanquad,q40540,c40540,c40540 | c38520 | c41366 | c41734 | c38310 | c38467 | c36791 | c38210 | c45624 | c41555,1.0,1
germanquad,q40541,c40540,c40540 | c36860 | c38835 | c41528 | c37264 | c37688 | c38601 | c42109 | c38520 | c38590,1.0,1
germanquad,q40542,c40540,c38146 | c36860 | c37777 | c36581 | c40380 | c40540 | c41188 | c41540 | c37624 | c40427,6.0,6
germanquad,q36767,c36767,c36767 | c38977 | c40405 | c41363 | c37711 | c37475 | c40389 | c42127 | c38273 | c40223,1.0,1
germanquad,q36768,c36767,c36767 | c40405 | c38977 | c37263 | c37711 | c41363 | c38835 | c38601 | c37389 | c40462,1.0,1
germanquad,q36789,c36789,c36789 | c38125 | c36774 | c36541 | c37667 | c37018 | c37777 | c40467 | c36764 | c45624,1.0,1
germanquad,q36790,c36789,c36789 | c37247 | c38125 | c37667 | c36812 | c41033 | c41734 | c37195 | c44122 | c38552,1.0,1
germanquad,q36798,c36789,c36789 | c41599 | c36558 | c36423 | c38467 | c38314 | c38482 | c37871 | c42095 | c44008,1.0,1
germanquad,q36799,c36789,c36789 | c41734 | c38977 | c37437 | c37667 | c38125 | c41205 | c37018 | c40467 | c37247,1.0,1
germanquad,q36800,c36789,c36789 | c38125 | c44008 | c37495 | c42095 | c38467 | c37209 | c37517 | c41734 | c41111,1.0,1
germanquad,q36801,c36789,c36789 | c41536 | c38125 | c38631 | c36598 | c37055 | c40315 | c40219 | c38482 | c37272,1.0,1
germanquad,q36802,c36789,c36789 | c44019 | c41734 | c37398 | c38125 | c41161 | c38467 | c41111 | c42095 | c38314,1.0,1
germanquad,q41037,c41037,c41037 | c41536 | c40224 | c38835 | c36598 | c41188 | c37659 | c37756 | c37272 | c38601,1.0,1
germanquad,q41044,c41037,c41037 | c38601 | c37237 | c38073 | c38470 | c38560 | c41442 | c41138 | c36548 | c37659,1.0,1
germanquad,q37175,c37175,c37175 | c38590 | c40372 | c38320 | c36774 | c41033 | c37055 | c42123 | c38297 | c40520,1.0,1
germanquad,q41049,c41049,c41049 | c41611 | c41211 | c38475 | c41731 | c41153 | c44138 | c37247 | c37428 | c38045,1.0,1
germanquad,q41047,c41049,c41049 | c41611 | c41211 | c38326 | c37365 | c37298 | c41734 | c37419 | c38467 | c44008,1.0,1
germanquad,q41051,c41049,c37680 | c38836 | c37446 | c41115 | c38552 | c37035 | c41606 | c41142 | c44045 | c37018,,219
germanquad,q41052,c41049,c38189 | c41599 | c37055 | c36816 | c38552 | c41412 | c37403 | c38475 | c37018 | c41309,,59
germanquad,q41053,c41049,c41049 | c41611 | c41211 | c37680 | c41193 | c41523 | c37403 | c44019 | c38798 | c37361,1.0,1
germanquad,q41054,c41049,c41049 | c41611 | c38077 | c41211 | c37247 | c37502 | c40315 | c41266 | c42107 | c41517,1.0,1
germanquad,q41055,c41049,c41049 | c41611 | c41211 | c37357 | c37484 | c38553 | c37055 | c38482 | c36558 | c36752,1.0,1
germanquad,q41056,c41056,c37618 | c41056 | c37357 | c37615 | c38783 | c38122 | c37207 | c37426 | c38206 | c41403,2.0,2
germanquad,q41046,c41056,c37357 | c41056 | c37618 | c37615 | c37426 | c40540 | c42123 | c38590 | c38210 | c37270,2.0,2
germanquad,q41057,c41056,c41056 | c37426 | c37618 | c37615 | c38189 | c41239 | c37099 | c37357 | c41468 | c37756,1.0,1
germanquad,q41067,c41067,c41067 | c37210 | c37403 | c44115 | c41366 | c41138 | c41512 | c37495 | c41339 | c37208,1.0,1
germanquad,q41105,c41105,c41105 | c41360 | c37361 | c37324 | c38168 | c41369 | c38381 | c38258 | c38125 | c40376,1.0,1
germanquad,q41107,c41105,c41105 | c41360 | c40219 | c38168 | c37520 | c36789 | c41369 | c37667 | c41192 | c41156,1.0,1
germanquad,q41111,c41111,c41111 | c41401 | c37326 | c37357 | c38613 | c37390 | c41266 | c38482 | c37529 | c37192,1.0,1
germanquad,q41115,c41115,c41115 | c37502 | c37208 | c37390 | c37688 | c37644 | c38281 | c41165 | c40389 | c36860,1.0,1
germanquad,q41116,c41115,c41115 | c38241 | c37495 | c40483 | c38590 | c38194 | c41606 | c36727 | c37407 | c36674,1.0,1
germanquad,q41117,c41115,c41115 | c38241 | c37615 | c36699 | c37390 | c38609 | c37869 | c37495 | c41360 | c40579,1.0,1
germanquad,q41118,c41115,c41115 | c42123 | c41391 | c40397 | c37517 | c40436 | c36602 | c37252 | c38273 | c41165,1.0,1
germanquad,q41119,c41119,c41119 | c38024 | c37383 | c38297 | c41277 | c45635 | c36754 | c41296 | c37624 | c42127,1.0,1
germanquad,q41122,c41119,c41119 | c38024 | c41152 | c37624 | c41296 | c41731 | c37319 | c41527 | c41231 | c37383,1.0,1
germanquad,q41123,c41119,c41119 | c45635 | c41152 | c37390 | c36611 | c37644 | c41451 | c38219 | c37353 | c37217,1.0,1
germanquad,q41124,c41119,c41119 | c45635 | c41059 | c41349 | c38189 | c38482 | c40579 | c41171 | c41186 | c38290,1.0,1
germanquad,q41133,c41133,c41133 | c41366 | c37264 | c37871 | c40535 | c40411 | c38344 | c37217 | c36860 | c36736,1.0,1
germanquad,q41134,c41133,c41133 | c37324 | c40236 | c38037 | c41366 | c36572 | c36674 | c40543 | c41347 | c37871,1.0,1
germanquad,q41135,c41133,c41133 | c38546 | c38467 | c37365 | c40448 | c37207 | c37419 | c36428 | c41347 | c36709,1.0,1
germanquad,q41136,c41133,c41133 | c40483 | c38087 | c38546 | c36688 | c40236 | c37237 | c37871 | c41037 | c40423,1.0,1
germanquad,q41137,c41133,c41133 | c38037 | c37324 | c36674 | c41347 | c41366 | c37264 | c41478 | c36572 | c41356,1.0,1
germanquad,q41131,c41133,c41133 | c38467 | c41478 | c36596 | c38475 | c41468 | c41356 | c40236 | c37264 | c38344,1.0,1
germanquad,q41132,c41133,c41133 | c36736 | c37871 | c38281 | c40411 | c41366 | c41599 | c40236 | c41090 | c41468,1.0,1
germanquad,q41186,c41186,c41186 | c40427 | c40389 | c41153 | c38297 | c37392 | c38273 | c37419 | c41277 | c37576,1.0,1
germanquad,q41187,c41186,c37034 | c36984 | c41144 | c36423 | c41186 | c37330 | c38156 | c38590 | c41153 | c38194,5.0,5
germanquad,q41192,c41192,c40389 | c36704 | c36674 | c41468 | c37383 | c36693 | c37558 | c41192 | c41363 | c37319,8.0,8
germanquad,q41205,c41205,c41205 | c40579 | c37379 | c37862 | c38520 | c38467 | c41156 | c36847 | c38305 | c40219,1.0,1
germanquad,q41202,c41205,c41205 | c37869 | c36762 | c38131 | c44026 | c36572 | c38268 | c37644 | c38590 | c38545,1.0,1
germanquad,q41203,c41205,c41205 | c40579 | c37379 | c42109 | c41239 | c37862 | c41766 | c40380 | c38520 | c38835,1.0,1
germanquad,q41204,c41205,c41205 | c40579 | c37379 | c38520 | c37256 | c37862 | c37319 | c38835 | c36847 | c41766,1.0,1
germanquad,q41211,c41211,c41611 | c41211 | c41049 | c36774 | c36541 | c38156 | c45624 | c38168 | c36553 | c41517,2.0,2
germanquad,q41214,c41211,c41611 | c41049 | c41105 | c41211 | c37324 | c38194 | c37207 | c38077 | c38073 | c41517,4.0,4
germanquad,q41213,c41211,c41142 | c38482 | c41125 | c37192 | c36764 | c37268 | c41138 | c38762 | c36736 | c41290,,23
germanquad,q41215,c41211,c41211 | c41611 | c41049 | c37247 | c37667 | c37207 | c41142 | c37324 | c36812 | c37361,1.0,1
germanquad,q41219,c41219,c41219 | c44097 | c41364 | c41594 | c38063 | c41528 | c40520 | c41382 | c36848 | c41033,1.0,1
germanquad,q41220,c41219,c41219 | c36848 | c44097 | c41364 | c40372 | c41401 | c40511 | c36598 | c40427 | c41161,1.0,1
germanquad,q41221,c41219,c41219 | c44097 | c36848 | c42127 | c41364 | c45635 | c40315 | c41186 | c38251 | c37383,1.0,1
germanquad,q41222,c41219,c41219 | c44097 | c41364 | c42127 | c37383 | c45635 | c41067 | c38537 | c41465 | c38469,1.0,1
germanquad,q41223,c41219,c41219 | c44097 | c36848 | c41766 | c41403 | c38122 | c41344 | c38783 | c41401 | c37442,1.0,1
germanquad,q41224,c41219,c41219 | c44097 | c38131 | c41512 | c37282 | c41193 | c41364 | c38194 | c37659 | c37084,1.0,1
germanquad,q41225,c41225,c41225 | c41391 | c40389 | c42127 | c36699 | c37084 | c45635 | c41153 | c38297 | c38553,1.0,1
germanquad,q41226,c41225,c41225 | c41391 | c37541 | c38344 | c37671 | c37268 | c41056 | c41142 | c41231 | c42127,1.0,1
germanquad,q41228,c41225,c41225 | c41391 | c37596 | c36853 | c37624 | c37618 | c44138 | c41033 | c38480 | c41309,1.0,1
germanquad,q41229,c41225,c41225 | c41391 | c38474 | c36981 | c41176 | c38242 | c36749 | c41219 | c36602 | c38332,1.0,1
germanquad,q41227,c41225,c41225 | c41391 | c40537 | c38061 | c37727 | c38474 | c36981 | c41176 | c38242 | c41219,1.0,1
germanquad,q41230,c41225,c41225 | c41391 | c37596 | c36853 | c37624 | c37618 | c44138 | c41033 | c38480 | c41309,1.0,1
germanquad,q41279,c41279,c41279 | c40407 | c37407 | c38281 | c40411 | c37576 | c41468 | c38474 | c36558 | c41165,1.0,1
germanquad,q41280,c41279,c41279 | c37298 | c40407 | c38189 | c45264 | c41267 | c38560 | c36848 | c40511 | c37035,1.0,1
germanquad,q41282,c41279,c37298 | c41279 | c38189 | c45264 | c40407 | c37488 | c40389 | c45661 | c41188 | c37099,2.0,2
germanquad,q41283,c41279,c41279 | c41468 | c40407 | c38281 | c37576 | c37407 | c40411 | c38474 | c42112 | c36665,1.0,1
germanquad,q41284,c41279,c41279 | c38474 | c37407 | c40407 | c37576 | c38281 | c40411 | c41211 | c41165 | c41468,1.0,1
germanquad,q41285,c41279,c41279 | c40407 | c41468 | c37407 | c38281 | c41211 | c38474 | c40411 | c37576 | c44127,1.0,1
germanquad,q41288,c41279,c41279 | c40407 | c37407 | c38281 | c41468 | c41125 | c36572 | c44127 | c40411 | c41176,1.0,1
germanquad,q41290,c41290,c41290 | c37357 | c38553 | c36752 | c38482 | c40312 | c36699 | c41413 | c41322 | c36541,1.0,1
germanquad,q41291,c41290,c37357 | c41447 | c38553 | c36752 | c38482 | c37659 | c41290 | c40312 | c36699 | c41413,7.0,7
germanquad,q41292,c41290,c41290 | c38206 | c38194 | c37756 | c38590 | c36752 | c36699 | c41153 | c41322 | c41364,1.0,1
germanquad,q41293,c41290,c41290 | c38268 | c37084 | c41555 | c37403 | c36699 | c44110 | c38273 | c38326 | c41517,1.0,1
germanquad,q41294,c41290,c41290 | c37403 | c38206 | c38194 | c41401 | c36789 | c37270 | c37756 | c38590 | c36709,1.0,1
germanquad,q41295,c41290,c41290 | c41536 | c41056 | c41152 | c38288 | c40380 | c37014 | c41474 | c38061 | c41296,1.0,1
germanquad,q41296,c41296,c41296 | c38189 | c37680 | c38247 | c36693 | c36558 | c36847 | c37248 | c37520 | c37618,1.0,1
germanquad,q41297,c41296,c41296 | c36981 | c37869 | c38837 | c36774 | c37100 | c40532 | c36733 | c40519 | c41062,1.0,1
germanquad,q41299,c41296,c41296 | c37869 | c41108 | c36774 | c36981 | c36733 | c37348 | c37100 | c40532 | c38513,1.0,1
germanquad,q41301,c41296,c41296 | c41401 | c37357 | c41394 | c38553 | c36752 | c38482 | c41290 | c40312 | c36699,1.0,1
germanquad,q41349,c41349,c41349 | c40520 | c37346 | c37413 | c40423 | c38552 | c44019 | c37671 | c38613 | c36538,1.0,1
germanquad,q41350,c41349,c41349 | c40498 | c38806 | c38470 | c36642 | c37886 | c44123 | c37756 | c37185 | c38290,1.0,1
germanquad,q41364,c41364,c41364 | c41219 | c44097 | c38073 | c37390 | c41606 | c37270 | c41406 | c36811 | c41153,1.0,1
germanquad,q41366,c41366,c41366 | c37878 | c36594 | c41266 | c40311 | c36572 | c41363 | c41606 | c41108 | c40571,1.0,1
germanquad,q41367,c41366,c37878 | c41366 | c36594 | c44008 | c36551 | c37192 | c40311 | c36816 | c36572 | c41192,2.0,2
germanquad,q41368,c41366,c41366 | c37878 | c36594 | c41160 | c38631 | c38579 | c36736 | c38310 | c45624 | c37495,1.0,1
germanquad,q41369,c41369,c41369 | c37869 | c36794 | c40236 | c38156 | c38004 | c38552 | c36591 | c40470 | c41606,1.0,1
germanquad,q41370,c41369,c41369 | c37109 | c37493 | c37862 | c37348 | c38089 | c41211 | c40223 | c37106 | c38049,1.0,1
germanquad,q41371,c41369,c41369 | c37109 | c38188 | c37348 | c40471 | c38513 | c41500 | c38520 | c37862 | c38281,1.0,1
germanquad,q41372,c41369,c41369 | c38168 | c40471 | c42127 | c37869 | c37280 | c37475 | c38073 | c38049 | c37862,1.0,1
germanquad,q41373,c41369,c41369 | c40462 | c38188 | c36760 | c41056 | c38590 | c41448 | c37618 | c41153 | c40236,1.0,1
germanquad,q41374,c41369,c41369 | c36784 | c40427 | c40540 | c36774 | c37195 | c40537 | c41219 | c41235 | c38631,1.0,1
germanquad,q41375,c41369,c41369 | c40312 | c37264 | c41266 | c37197 | c41413 | c41062 | c37192 | c38482 | c41468,1.0,1
germanquad,q41376,c41369,c41369 | c38168 | c41105 | c38073 | c37688 | c41606 | c37324 | c41322 | c38194 | c37207,1.0,1
germanquad,q41377,c41369,c41369 | c38168 | c37688 | c41606 | c41322 | c40579 | c40389 | c37264 | c41219 | c38560,1.0,1
germanquad,q41378,c41369,c41369 | c37493 | c41062 | c40397 | c41351 | c37688 | c38590 | c36581 | c41153 | c41448,1.0,1
germanquad,q41379,c41369,c41369 | c37493 | c38842 | c41344 | c37442 | c41193 | c40471 | c38194 | c38206 | c38188,1.0,1
germanquad,q41380,c41369,c41369 | c37667 | c37357 | c41266 | c38482 | c41105 | c41059 | c36553 | c38168 | c37529,1.0,1
germanquad,q41391,c41391,c37256 | c41391 | c36784 | c38219 | c37442 | c36419 | c37659 | c41205 | c41584 | c41344,2.0,2
germanquad,q41392,c41391,c41391 | c40369 | c36736 | c38004 | c40462 | c36749 | c38268 | c41090 | c41186 | c41169,1.0,1
germanquad,q41393,c41391,c41391 | c41225 | c38467 | c38520 | c38131 | c41382 | c37869 | c37084 | c38470 | c41304,1.0,1
germanquad,q38513,c38513,c38513 | c40480 | c36794 | c36704 | c37192 | c38156 | c41192 | c36693 | c41496 | c36674,1.0,1
germanquad,q38514,c38513,c38513 | c40480 | c38073 | c36794 | c41161 | c37862 | c36598 | c41606 | c41205 | c37197,1.0,1
germanquad,q38515,c38513,c38513 | c40480 | c36749 | c37493 | c41369 | c38842 | c41413 | c41152 | c37580 | c40427,1.0,1
germanquad,q38516,c38513,c38513 | c40480 | c36553 | c36794 | c38004 | c40369 | c41156 | c41606 | c40571 | c41108,1.0,1
germanquad,q38517,c38513,c40480 | c38513 | c40315 | c37247 | c42107 | c41555 | c41148 | c36722 | c37263 | c36602,2.0,2
germanquad,q38518,c38513,c38842 | c40480 | c38513 | c41369 | c40471 | c37493 | c40315 | c37247 | c37596 | c41148,3.0,3
germanquad,q38519,c38513,c38513 | c44038 | c41161 | c40543 | c37437 | c41205 | c36598 | c37197 | c40236 | c38194,1.0,1
germanquad,q41413,c41413,c41413 | c36769 | c38122 | c37247 | c36602 | c44115 | c41404 | c37871 | c41108 | c37263,1.0,1
germanquad,q41415,c41413,c36718 | c37252 | c38520 | c41413 | c41153 | c37392 | c37475 | c36749 | c37383 | c42127,4.0,4
germanquad,q41417,c41413,c41413 | c38297 | c41363 | c36769 | c40483 | c38552 | c41404 | c38842 | c41152 | c38590,1.0,1
germanquad,q41419,c41413,c41413 | c36638 | c41133 | c41478 | c38194 | c41108 | c40380 | c37313 | c45624 | c40372,1.0,1
germanquad,q38624,c38624,c38624 | c37256 | c36812 | c37175 | c41119 | c36541 | c41290 | c37237 | c36699 | c37357,1.0,1
germanquad,q38625,c38624,c38624 | c41394 | c37034 | c37624 | c38247 | c37383 | c37319 | c37025 | c41489 | c36769,1.0,1
germanquad,q38626,c38624,c38624 | c37383 | c38247 | c37034 | c37319 | c41394 | c41451 | c41177 | c41364 | c37624,1.0,1
germanquad,q38627,c38624,c38624 | c37383 | c41394 | c37624 | c37034 | c37319 | c38247 | c38268 | c41205 | c36749,1.0,1
germanquad,q41435,c41435,c41435 | c37756 | c37886 | c38305 | c36803 | c36693 | c40477 | c37680 | c42123 | c44123,1.0,1
germanquad,q41436,c41435,c41435 | c37756 | c37886 | c40315 | c41037 | c38305 | c44123 | c38579 | c41105 | c40223,1.0,1
germanquad,q41437,c41435,c41435 | c44123 | c37756 | c37886 | c41349 | c41037 | c40498 | c37248 | c36642 | c40315,1.0,1
germanquad,q41438,c41435,c41435 | c37886 | c37756 | c41037 | c40315 | c44123 | c38305 | c41349 | c38579 | c41105,1.0,1
germanquad,q41439,c41435,c41435 | c37756 | c37886 | c41125 | c41105 | c44123 | c41037 | c40389 | c41153 | c41156,1.0,1
germanquad,q41440,c41435,c41435 | c37886 | c37756 | c41349 | c44123 | c41037 | c40498 | c36642 | c37248 | c40315,1.0,1
germanquad,q41441,c41435,c41435 | c37886 | c37756 | c38305 | c40315 | c41401 | c38579 | c38806 | c41349 | c41037,1.0,1
germanquad,q41448,c41448,c41448 | c36699 | c37224 | c36727 | c41152 | c37034 | c41290 | c36812 | c40532 | c36774,1.0,1
germanquad,q41449,c41448,c41448 | c36699 | c37224 | c38219 | c41111 | c40427 | c38590 | c41153 | c40407 | c37035,1.0,1
germanquad,q41531,c41531,c41531 | c38816 | c37034 | c37330 | c40395 | c41465 | c41403 | c41062 | c41536 | c44122,1.0,1
germanquad,q41532,c41531,c41531 | c45657 | c36602 | c41105 | c36728 | c37256 | c37084 | c40389 | c38122 | c38307,1.0,1
germanquad,q41536,c41536,c41536 | c36754 | c41347 | c42112 | c37365 | c41734 | c38467 | c38482 | c36736 | c36764,1.0,1
germanquad,q41537,c41536,c41536 | c41153 | c37268 | c38097 | c40397 | c41049 | c41406 | c38590 | c38293 | c37185,1.0,1
germanquad,q41538,c41536,c41536 | c37475 | c41731 | c38297 | c37419 | c41153 | c42127 | c41105 | c36602 | c41523,1.0,1
germanquad,q41539,c41536,c41536 | c36794 | c38305 | c40407 | c37407 | c40236 | c38045 | c38024 | c37210 | c41144,1.0,1
germanquad,q41540,c41540,c41033 | c38560 | c41037 | c38263 | c41540 | c36541 | c36553 | c40532 | c41188 | c41403,5.0,5
germanquad,q41541,c41540,c41540 | c41033 | c41188 | c36553 | c41037 | c38263 | c40532 | c41401 | c41138 | c37389,1.0,1
germanquad,q41542,c41540,c41033 | c37247 | c37667 | c36812 | c40532 | c38206 | c38263 | c37018 | c36860 | c37580,,48
germanquad,q41543,c41540,c41540 | c41033 | c38560 | c38263 | c41037 | c37247 | c37667 | c41188 | c44122 | c36812,1.0,1
germanquad,q41599,c41599,c37484 | c41599 | c37170 | c41165 | c41156 | c36749 | c38344 | c36642 | c37407 | c37871,2.0,2
germanquad,q41600,c41599,c38273 | c37248 | c38475 | c38467 | c38227 | c38326 | c41599 | c40423 | c37298 | c37365,7.0,7
germanquad,q41601,c41599,c41599 | c38189 | c40467 | c36736 | c37170 | c41536 | c41179 | c41165 | c37407 | c45264,1.0,1
germanquad,q41602,c41599,c41599 | c36859 | c37192 | c38273 | c41193 | c40571 | c38314 | c38290 | c37346 | c36754,1.0,1
germanquad,q41603,c41599,c41599 | c36816 | c38475 | c41347 | c41165 | c37407 | c44038 | c37170 | c36428 | c41536,1.0,1
germanquad,q41604,c41599,c41599 | c38057 | c36553 | c40311 | c41309 | c41363 | c41211 | c41153 | c41108 | c41160,1.0,1
germanquad,q41606,c41606,c41606 | c38049 | c36674 | c37192 | c38590 | c38210 | c38305 | c41435 | c41205 | c42123,1.0,1
germanquad,q41607,c41606,c36674 | c41606 | c38049 | c37335 | c38320 | c37192 | c38305 | c37558 | c41435 | c38189,2.0,2
germanquad,q41608,c41606,c41606 | c38049 | c36674 | c41489 | c40579 | c41205 | c41435 | c38073 | c38305 | c37667,1.0,1
germanquad,q41609,c41606,c41606 | c36674 | c38049 | c36749 | c38073 | c37192 | c38305 | c40579 | c41435 | c37330,1.0,1
germanquad,q41610,c41606,c38049 | c41606 | c36674 | c38061 | c41080 | c41435 | c41468 | c38791 | c38188 | c38305,2.0,2
germanquad,q41611,c41611,c41611 | c41049 | c37033 | c41211 | c37365 | c38189 | c37272 | c36762 | c41266 | c37509,1.0,1
germanquad,q41613,c41611,c41611 | c41211 | c36860 | c41049 | c40411 | c38835 | c40397 | c36674 | c38786 | c41363,1.0,1
germanquad,q41614,c41611,c41611 | c37277 | c41211 | c41349 | c37209 | c41266 | c41049 | c37394 | c38307 | c37175,1.0,1
germanquad,q41615,c41611,c41611 | c41211 | c41049 | c36791 | c41403 | c41125 | c40540 | c40407 | c36796 | c41465,1.0,1
germanquad,q41616,c41611,c41611 | c41049 | c41211 | c38189 | c40467 | c37671 | c38842 | c41517 | c36796 | c36642,1.0,1
germanquad,q41617,c41611,c41611 | c41211 | c41049 | c41447 | c37498 | c37346 | c36811 | c37484 | c37393 | c37596,1.0,1
germanquad,q38628,c38628,c38628 | c41351 | c37195 | c38240 | c36794 | c41556 | c41115 | c38242 | c41734 | c40369,1.0,1
germanquad,q38629,c38628,c41351 | c37195 | c38045 | c36558 | c38628 | c37659 | c38835 | c36794 | c38590 | c45624,5.0,5
germanquad,q38630,c38628,c38628 | c41351 | c37195 | c36762 | c41192 | c38835 | c38240 | c45264 | c41766 | c41556,1.0,1
germanquad,q38546,c38546,c38467 | c37282 | c38546 | c41267 | c38258 | c40498 | c37596 | c36794 | c38077 | c41500,3.0,3
germanquad,q38550,c38546,c38546 | c40223 | c44127 | c38284 | c41517 | c38534 | c38478 | c36581 | c41422 | c37403,1.0,1
germanquad,q38973,c38546,c38546 | c44127 | c38284 | c41517 | c38534 | c40223 | c38478 | c41422 | c38537 | c36581,1.0,1
germanquad,q38060,c38060,c38060 | c40312 | c38061 | c41734 | c41125 | c37365 | c38251 | c37419 | c37394 | c37484,1.0,1
germanquad,q42109,c42109,c37175 | c36774 | c42109 | c36541 | c36760 | c37667 | c36764 | c45624 | c36674 | c37437,3.0,3
germanquad,q42110,c42109,c42109 | c38467 | c38470 | c38049 | c37175 | c38073 | c41133 | c36760 | c37209 | c42107,1.0,1
germanquad,q42111,c42109,c42109 | c36760 | c37175 | c38381 | c36764 | c44097 | c38122 | c38097 | c37197 | c36774,1.0,1
germanquad,q38177,c38177,c38177 | c36572 | c41468 | c36674 | c36784 | c38146 | c36816 | c41304 | c37264 | c41447,1.0,1
germanquad,q38206,c38206,c38206 | c41468 | c37493 | c37484 | c37237 | c41309 | c37419 | c38537 | c45648 | c38087,1.0,1
germanquad,q38207,c38206,c38206 | c37484 | c41468 | c37493 | c38537 | c37232 | c37264 | c37324 | c37237 | c42109,1.0,1
germanquad,q38251,c38251,c38251 | c42127 | c41731 | c37419 | c37475 | c41153 | c41105 | c38297 | c41523 | c36602,1.0,1
germanquad,q38252,c38251,c38251 | c36551 | c40462 | c38466 | c41231 | c41119 | c36974 | c40470 | c41153 | c38568,1.0,1
germanquad,q38253,c38251,c36718 | c37419 | c37475 | c42127 | c37618 | c41523 | c41153 | c38297 | c36602 | c37484,,38
germanquad,q38255,c38251,c38251 | c41448 | c37493 | c38131 | c37731 | c36860 | c38281 | c38798 | c41766 | c37282,1.0,1
germanquad,q38256,c38251,c38251 | c38241 | c36767 | c37383 | c38712 | c36754 | c37624 | c41296 | c38482 | c38297,1.0,1
germanquad,q38293,c38293,c38293 | c36419 | c38842 | c38089 | c37046 | c41401 | c37756 | c41413 | c38242 | c38060,1.0,1
germanquad,q45264,c45264,c38273 | c45264 | c40571 | c37192 | c36736 | c41386 | c37428 | c38281 | c37871 | c38057,2.0,2
germanquad,q45268,c45264,c38273 | c45264 | c41267 | c37192 | c41386 | c40571 | c41734 | c41422 | c38057 | c38482,2.0,2
germanquad,q45276,c45264,c37428 | c45264 | c41386 | c38273 | c41267 | c44127 | c41169 | c37398 | c44045 | c38836,2.0,2
germanquad,q45278,c45264,c41386 | c37871 | c38273 | c36784 | c45264 | c36736 | c36853 | c41267 | c38712 | c38077,5.0,5
germanquad,q45281,c45264,c38273 | c45264 | c40571 | c38057 | c37192 | c41386 | c38282 | c37428 | c37247 | c36974,2.0,2
germanquad,q45298,c45264,c38273 | c41386 | c45264 | c41523 | c40571 | c37498 | c37407 | c41161 | c44127 | c36784,3.0,3
germanquad,q45326,c45264,c38273 | c40512 | c45264 | c41386 | c41169 | c41556 | c41161 | c37192 | c37346 | c41734,3.0,3
germanquad,q45331,c45264,c45264 | c37313 | c41386 | c41169 | c38273 | c38552 | c36981 | c38842 | c41267 | c38475,1.0,1
germanquad,q45363,c45264,c45264 | c38273 | c38057 | c41386 | c40571 | c37731 | c41125 | c36724 | c44127 | c41169,1.0,1
germanquad,q45364,c45264,c38273 | c40511 | c36736 | c40571 | c41386 | c38281 | c41267 | c41133 | c37871 | c41144,,27
germanquad,q45366,c45264,c38273 | c45264 | c40571 | c41386 | c41523 | c37192 | c38057 | c38097 | c41142 | c36784,2.0,2
germanquad,q45370,c45264,c38273 | c41386 | c38469 | c40571 | c41171 | c40411 | c41179 | c40537 | c41599 | c37498,,44
germanquad,q38712,c38712,c41153 | c37419 | c37379 | c38712 | c38537 | c37303 | c36423 | c42127 | c38297 | c41523,4.0,4
germanquad,q41626,c38712,c38712 | c37711 | c44115 | c41611 | c36423 | c38381 | c38344 | c37379 | c38332 | c37270,1.0,1
germanquad,q41627,c38712,c38712 | c37383 | c37379 | c41364 | c38482 | c36767 | c36754 | c36423 | c38073 | c40236,1.0,1
germanquad,q37224,c37224,c37224 | c41448 | c36699 | c37392 | c40312 | c40423 | c41165 | c37475 | c42123 | c41731,1.0,1
germanquad,q37225,c37224,c37224 | c36803 | c41448 | c40369 | c36699 | c41161 | c40511 | c40236 | c41205 | c37615,1.0,1
germanquad,q37226,c37224,c37224 | c41033 | c41067 | c44097 | c41448 | c36699 | c41133 | c42127 | c41451 | c40369,1.0,1
germanquad,q37383,c37383,c37383 | c38624 | c41394 | c37034 | c38247 | c40504 | c41153 | c36638 | c37319 | c36784,1.0,1
germanquad,q37388,c37383,c37383 | c38624 | c41394 | c38247 | c37034 | c36638 | c41448 | c40504 | c40380 | c41364,1.0,1
germanquad,q37370,c37383,c37383 | c41394 | c38624 | c38247 | c38268 | c37034 | c37624 | c36642 | c40380 | c36638,1.0,1
germanquad,q37372,c37383,c37383 | c41394 | c38624 | c38247 | c36803 | c37034 | c40504 | c40380 | c37624 | c38189,1.0,1
germanquad,q37373,c37383,c37383 | c37034 | c38482 | c38624 | c41394 | c38247 | c41156 | c37624 | c38045 | c41058,1.0,1
germanquad,q37375,c37383,c37383 | c38624 | c41394 | c38247 | c37034 | c40380 | c37624 | c37252 | c36638 | c37282,1.0,1
germanquad,q37377,c37383,c37383 | c37034 | c38624 | c41394 | c38247 | c38590 | c41401 | c37624 | c44110 | c44115,1.0,1
germanquad,q37520,c37520,c37520 | c38189 | c40467 | c40477 | c37680 | c37407 | c37618 | c36602 | c36693 | c41611,1.0,1
germanquad,q37521,c37520,c37520 | c38202 | c42095 | c41468 | c37680 | c37618 | c40311 | c37576 | c36693 | c41279,1.0,1
germanquad,q37522,c37520,c37520 | c38202 | c40219 | c36553 | c36642 | c41468 | c37407 | c40448 | c37886 | c44097,1.0,1
germanquad,q37523,c37520,c37520 | c38798 | c37407 | c41165 | c44038 | c41496 | c37209 | c37170 | c37576 | c40448,1.0,1
germanquad,q37524,c37520,c37520 | c40219 | c41067 | c37502 | c40448 | c38297 | c41142 | c36642 | c41062 | c36553,1.0,1
germanquad,q40571,c40571,c40571 | c38273 | c41386 | c41267 | c38326 | c45264 | c37365 | c41347 | c37393 | c36784,1.0,1
germanquad,q40572,c40571,c40571 | c38273 | c45264 | c41386 | c37192 | c41356 | c36428 | c41267 | c36784 | c38057,1.0,1
germanquad,q40573,c40571,c40571 | c38273 | c45264 | c41386 | c37192 | c41267 | c37379 | c38282 | c38057 | c38097,1.0,1
germanquad,q40574,c40571,c40571 | c38273 | c45264 | c41386 | c38057 | c40512 | c41267 | c36727 | c38168 | c37398,1.0,1
germanquad,q40576,c40571,c40571 | c45264 | c38273 | c38057 | c41267 | c42123 | c38210 | c40477 | c44045 | c38836,1.0,1
germanquad,q40575,c40571,c40571 | c38273 | c38057 | c38061 | c41386 | c36419 | c36784 | c37046 | c41108 | c45264,1.0,1
germanquad,q40577,c40571,c38189 | c38168 | c37207 | c40571 | c41523 | c45264 | c36796 | c37517 | c36642 | c36572,4.0,4
germanquad,q40578,c40571,c40571 | c41267 | c38273 | c41386 | c45264 | c37385 | c41115 | c37319 | c40512 | c36784,1.0,1
germanquad,q40570,c40571,c40571 | c38273 | c45264 | c38057 | c41386 | c37192 | c38189 | c40512 | c41267 | c37346,1.0,1
germanquad,q36674,c36674,c36674 | c38471 | c38293 | c37419 | c38242 | c38273 | c37484 | c41523 | c40389 | c41406,1.0,1
germanquad,q36676,c36674,c36674 | c38049 | c41606 | c36796 | c38381 | c37207 | c36423 | c41067 | c40483 | c41422,1.0,1
germanquad,q36679,c36674,c36674 | c38049 | c41606 | c36419 | c38219 | c37264 | c37280 | c37498 | c41396 | c41496,1.0,1
germanquad,q36680,c36674,c36674 | c41734 | c40512 | c38125 | c38613 | c37282 | c38467 | c41401 | c37346 | c37671,1.0,1
germanquad,q36681,c36674,c36674 | c38049 | c41496 | c41606 | c41366 | c38258 | c38513 | c38579 | c41540 | c38480,1.0,1
germanquad,q36683,c36674,c36674 | c36602 | c41105 | c38474 | c38835 | c42123 | c38049 | c40477 | c36428 | c41468,1.0,1
germanquad,q36686,c36674,c36602 | c36674 | c38049 | c41105 | c41606 | c41468 | c42123 | c38156 | c36428 | c38835,2.0,2
germanquad,q36690,c36674,c36674 | c40579 | c38049 | c41606 | c41382 | c41153 | c41422 | c38242 | c40511 | c38210,1.0,1
germanquad,q36691,c36674,c36674 | c38049 | c41606 | c36693 | c36596 | c41152 | c38631 | c41197 | c41296 | c41533,1.0,1
germanquad,q36697,c36674,c36674 | c38049 | c41606 | c38219 | c36553 | c38273 | c38381 | c41133 | c38297 | c37324,1.0,1
germanquad,q36698,c36674,c36674 | c38049 | c38305 | c41606 | c41523 | c38467 | c36752 | c37379 | c44123 | c42112,1.0,1
germanquad,q37192,c37192,c37192 | c38467 | c38480 | c37365 | c38326 | c37393 | c41347 | c41734 | c41343 | c38273,1.0,1
germanquad,q37196,c37192,c37192 | c36794 | c38156 | c37055 | c38004 | c38194 | c36699 | c36704 | c36774 | c36674,1.0,1
germanquad,q36706,c37192,c37192 | c36794 | c36704 | c38156 | c41192 | c36693 | c41496 | c36674 | c38004 | c40369,1.0,1
germanquad,q36707,c37192,c37192 | c38537 | c37659 | c38073 | c41142 | c41171 | c41138 | c36764 | c36816 | c38045,1.0,1
germanquad,q36708,c37192,c37192 | c38188 | c38297 | c38338 | c41369 | c38273 | c41105 | c40389 | c41339 | c36602,1.0,1
germanquad,q40579,c40579,c40579 | c40480 | c41406 | c36847 | c38189 | c37569 | c40315 | c36674 | c42109 | c41474,1.0,1
germanquad,q40580,c40579,c40579 | c38189 | c37777 | c45264 | c40407 | c38097 | c36596 | c41142 | c37407 | c41496,1.0,1
germanquad,q40581,c40579,c40579 | c37777 | c37018 | c36816 | c40480 | c38156 | c41142 | c36774 | c36847 | c38125,1.0,1
germanquad,q40582,c40579,c40579 | c40389 | c37475 | c41731 | c42127 | c38297 | c36718 | c41105 | c37419 | c36602,1.0,1
germanquad,q41024,c40579,c40579 | c41153 | c36674 | c41606 | c41536 | c37688 | c38210 | c37264 | c38560 | c38297,1.0,1
germanquad,q41025,c40579,c40579 | c40480 | c41406 | c41528 | c36847 | c41314 | c40498 | c38189 | c37569 | c41239,1.0,1
germanquad,q41026,c40579,c41161 | c40579 | c36693 | c36596 | c40477 | c37680 | c36803 | c38798 | c41611 | c38305,2.0,2
germanquad,q41027,c40579,c40579 | c41474 | c36816 | c37777 | c38156 | c37270 | c41160 | c41171 | c41351 | c41347,1.0,1
germanquad,q41028,c40579,c40579 | c41239 | c41153 | c38816 | c40219 | c37084 | c38553 | c41033 | c38242 | c41474,1.0,1
germanquad,q41029,c40579,c40579 | c41205 | c37379 | c36538 | c37862 | c41356 | c36847 | c38520 | c41766 | c37389,1.0,1
germanquad,q41031,c40579,c40579 | c41766 | c41205 | c37379 | c41156 | c37671 | c37389 | c41037 | c37277 | c40315,1.0,1
germanquad,q41032,c40579,c40579 | c41205 | c37379 | c37862 | c41766 | c38520 | c36847 | c37353 | c37389 | c41156,1.0,1
germanquad,q36428,c36428,c38590 | c41058 | c41231 | c41235 | c38210 | c37270 | c40543 | c38835 | c41413 | c37310,,17
germanquad,q36429,c36428,c36428 | c36693 | c41192 | c41500 | c36596 | c37680 | c36803 | c41161 | c38305 | c38189,1.0,1
germanquad,q36430,c36428,c36428 | c40483 | c38087 | c41037 | c41314 | c41179 | c38835 | c41205 | c37437 | c37197,1.0,1
germanquad,q36431,c36428,c36428 | c42095 | c38247 | c37379 | c36602 | c41523 | c41474 | c36811 | c41386 | c41277,1.0,1
germanquad,q36432,c36428,c41401 | c41451 | c37055 | c41343 | c45624 | c36428 | c38077 | c37338 | c41356 | c45264,6.0,6
germanquad,q36433,c36428,c38077 | c37680 | c42112 | c38122 | c40223 | c41766 | c36428 | c38546 | c41403 | c37517,7.0,7
germanquad,q36434,c36428,c38004 | c38467 | c38281 | c36428 | c41142 | c41468 | c38125 | c42109 | c40407 | c36796,4.0,4
germanquad,q36435,c36428,c36428 | c36423 | c42095 | c42112 | c37871 | c38381 | c36736 | c41734 | c37003 | c41447,1.0,1
germanquad,q36436,c36428,c36428 | c36423 | c42112 | c37003 | c40236 | c41125 | c38381 | c36796 | c36665 | c37731,1.0,1
germanquad,q36437,c36428,c37365 | c38326 | c37419 | c38467 | c37263 | c37393 | c41734 | c44138 | c36733 | c36729,,14
germanquad,q36438,c36428,c37419 | c36428 | c38467 | c37407 | c37365 | c36848 | c38326 | c37393 | c41347 | c41734,2.0,2
germanquad,q36439,c36428,c36428 | c37324 | c41422 | c40498 | c40477 | c36709 | c37618 | c41517 | c41179 | c37756,1.0,1
germanquad,q36440,c36428,c37324 | c38122 | c37493 | c41403 | c38146 | c36428 | c36848 | c38290 | c37442 | c41766,6.0,6
germanquad,q36441,c36428,c37365 | c41133 | c36428 | c38467 | c41347 | c41179 | c40448 | c37419 | c41734 | c38045,3.0,3
germanquad,q36442,c36428,c36428 | c41142 | c38835 | c36602 | c38836 | c38006 | c41138 | c40477 | c38156 | c41344,1.0,1
germanquad,q36443,c36428,c36428 | c37324 | c37871 | c38478 | c37379 | c41156 | c37446 | c41599 | c37313 | c41556,1.0,1
germanquad,q36444,c36428,c36428 | c37303 | c36860 | c40427 | c36727 | c41152 | c37756 | c44097 | c41239 | c41279,1.0,1
germanquad,q37210,c37210,c38545 | c37210 | c38002 | c38000 | c41138 | c41594 | c38783 | c41304 | c41037 | c41382,2.0,2
germanquad,q37213,c37210,c37210 | c37496 | c41396 | c38073 | c41219 | c37170 | c37498 | c38061 | c41517 | c37195,1.0,1
germanquad,q37214,c37210,c37210 | c37496 | c41347 | c37227 | c40512 | c38141 | c37365 | c38469 | c40389 | c37392,1.0,1
germanquad,q37215,c37210,c37496 | c37210 | c41555 | c36419 | c38471 | c41344 | c37618 | c38004 | c41148 | c36811,2.0,2
germanquad,q37216,c37210,c37210 | c37496 | c41153 | c42107 | c41445 | c38467 | c44026 | c36548 | c40407 | c38004,1.0,1
germanquad,q37232,c37232,c36638 | c37270 | c37232 | c42123 | c37330 | c38590 | c37175 | c41231 | c38210 | c38156,3.0,3
germanquad,q37233,c37232,c37232 | c36638 | c41304 | c37175 | c38156 | c37272 | c38189 | c38553 | c37655 | c38073,1.0,1
germanquad,q37234,c37232,c36638 | c38332 | c38156 | c37232 | c41396 | c41594 | c41304 | c37175 | c41403 | c40436,4.0,4
germanquad,q37235,c37232,c37232 | c36638 | c37175 | c38189 | c36848 | c41304 | c40315 | c38156 | c41403 | c44097,1.0,1
germanquad,q37365,c37365,c37722 | c38189 | c36974 | c38332 | c45642 | c38560 | c41160 | c41193 | c41448 | c37192,,340
germanquad,q37366,c37365,c38189 | c36974 | c37033 | c37722 | c37365 | c45653 | c36728 | c37357 | c36812 | c37237,5.0,5
germanquad,q37367,c37365,c37310 | c37365 | c36598 | c44045 | c38467 | c41413 | c40376 | c37615 | c36749 | c37319,2.0,2
germanquad,q37368,c37365,c36598 | c41445 | c40462 | c37033 | c38467 | c41049 | c38077 | c40219 | c38381 | c37277,,201
germanquad,q37529,c37529,c37529 | c38601 | c37237 | c38073 | c41153 | c38063 | c38560 | c37365 | c36811 | c37756,1.0,1
germanquad,q37530,c37529,c37529 | c38073 | c38601 | c37237 | c38835 | c41037 | c38560 | c38537 | c37659 | c36794,1.0,1
germanquad,q37531,c37529,c37529 | c38073 | c38601 | c37237 | c38045 | c41037 | c38560 | c41322 | c41266 | c37264,1.0,1
germanquad,q37537,c37529,c37529 | c37237 | c38601 | c38073 | c41037 | c36548 | c37659 | c38835 | c40389 | c38560,1.0,1
germanquad,q37539,c37529,c37529 | c38063 | c41382 | c38601 | c37237 | c41219 | c41594 | c36548 | c38073 | c38560,1.0,1
germanquad,q37596,c37596,c37596 | c40389 | c37475 | c41731 | c42127 | c41105 | c36718 | c38297 | c37419 | c36602,1.0,1
germanquad,q37598,c37596,c37596 | c37209 | c37034 | c38537 | c37353 | c37264 | c37520 | c41153 | c37217 | c38590,1.0,1
germanquad,q37777,c37777,c37777 | c37018 | c41125 | c41169 | c38290 | c37346 | c41766 | c40224 | c41403 | c38122,1.0,1
germanquad,q37778,c37777,c37777 | c37018 | c37495 | c38469 | c38553 | c37615 | c36812 | c40219 | c37389 | c36762,1.0,1
germanquad,q37779,c37777,c37777 | c37018 | c38537 | c36423 | c37722 | c36602 | c38631 | c41219 | c37014 | c41523,1.0,1
germanquad,q37780,c37777,c37777 | c41125 | c37018 | c41169 | c37346 | c40389 | c41445 | c37268 | c38762 | c38467,1.0,1
germanquad,q37781,c37777,c37777 | c41169 | c37018 | c41125 | c37346 | c37185 | c38467 | c38194 | c40411 | c38470,1.0,1
germanquad,q37787,c37777,c37777 | c38146 | c40498 | c37018 | c36860 | c38835 | c37871 | c41678 | c41528 | c36572,1.0,1
germanquad,q37789,c37777,c37777 | c44008 | c37018 | c37348 | c36541 | c36791 | c36816 | c37403 | c41528 | c41523,1.0,1
germanquad,q37794,c37777,c37777 | c37389 | c37185 | c40532 | c41517 | c40543 | c41161 | c36553 | c41125 | c36774,1.0,1
germanquad,q38344,c38344,c38344 | c41160 | c38786 | c41156 | c37475 | c37209 | c37419 | c41523 | c41125 | c40389,1.0,1
germanquad,q38345,c38344,c38344 | c41169 | c40389 | c37475 | c42127 | c41731 | c36674 | c40224 | c37419 | c38247,1.0,1
germanquad,q38346,c38344,c38344 | c41279 | c41347 | c38263 | c37389 | c41474 | c36736 | c37884 | c37247 | c37248,1.0,1
germanquad,q38347,c38344,c38344 | c41478 | c37576 | c36709 | c41344 | c36665 | c36794 | c37353 | c41133 | c36674,1.0,1
germanquad,q38545,c38545,c38545 | c37084 | c37210 | c37208 | c37185 | c40389 | c37475 | c41731 | c42127 | c41105,1.0,1
germanquad,q38547,c38545,c38545 | c44138 | c44115 | c36794 | c37208 | c37210 | c45653 | c38590 | c37203 | c38552,1.0,1
germanquad,q38548,c38545,c38545 | c38467 | c41266 | c37203 | c44138 | c41606 | c36572 | c38045 | c41366 | c37419,1.0,1
germanquad,q38549,c38545,c37210 | c37496 | c38545 | c37034 | c38332 | c41153 | c40376 | c41176 | c36811 | c37383,3.0,3
germanquad,q38560,c38560,c38560 | c41205 | c37884 | c37615 | c41447 | c36794 | c40236 | c41090 | c41594 | c38381,1.0,1
germanquad,q38561,c38560,c38560 | c40480 | c38073 | c44019 | c37659 | c38194 | c38305 | c38601 | c37379 | c41211,1.0,1
germanquad,q38563,c38560,c38560 | c40480 | c41406 | c41474 | c37659 | c42112 | c36642 | c41382 | c37298 | c41142,1.0,1
germanquad,q38564,c38560,c38560 | c37322 | c40579 | c37659 | c38601 | c38189 | c38194 | c38297 | c36428 | c38073,1.0,1
germanquad,q38565,c38560,c38560 | c37322 | c41148 | c37659 | c36811 | c38835 | c38073 | c41049 | c41153 | c38590,1.0,1
germanquad,q38566,c38560,c38560 | c38077 | c41037 | c38601 | c38073 | c37237 | c38762 | c38590 | c36548 | c37529,1.0,1
germanquad,q38567,c38560,c38560 | c37419 | c41474 | c41119 | c41239 | c40389 | c37475 | c41731 | c42127 | c38297,1.0,1
germanquad,q41033,c41033,c41033 | c41540 | c38263 | c41037 | c42109 | c36860 | c38590 | c41403 | c40520 | c41188,1.0,1
germanquad,q41034,c41033,c41033 | c38263 | c41193 | c41540 | c40520 | c36602 | c40219 | c38049 | c38560 | c36541,1.0,1
germanquad,q41040,c41033,c41033 | c38263 | c40520 | c38560 | c41188 | c41037 | c41540 | c42095 | c36553 | c37379,1.0,1
germanquad,q41041,c41033,c41033 | c41037 | c40520 | c38263 | c38560 | c41188 | c38073 | c36860 | c37237 | c38601,1.0,1
germanquad,q41042,c41033,c41033 | c38263 | c36553 | c41540 | c41037 | c41188 | c38560 | c40520 | c37379 | c36722,1.0,1
germanquad,q41043,c41033,c41033 | c41188 | c41540 | c38263 | c41037 | c38560 | c42127 | c38297 | c41523 | c41731,1.0,1
germanquad,q41045,c41033,c41033 | c38263 | c41037 | c41540 | c38560 | c41188 | c38189 | c36812 | c36553 | c38474,1.0,1
germanquad,q41090,c41090,c41090 | c41347 | c41594 | c41138 | c37338 | c38712 | c36419 | c36749 | c36718 | c36602,1.0,1
germanquad,q41091,c41090,c41594 | c41090 | c38332 | c36718 | c36749 | c38189 | c41366 | c38310 | c41536 | c38712,2.0,2
germanquad,q41093,c41090,c41090 | c42107 | c38480 | c37711 | c41403 | c41115 | c41512 | c41766 | c37084 | c37346,1.0,1
germanquad,q41092,c41090,c41594 | c41090 | c38332 | c37035 | c36749 | c40395 | c41153 | c41528 | c41535 | c38141,2.0,2
germanquad,q41094,c41090,c41090 | c41594 | c38332 | c36749 | c37084 | c41528 | c38141 | c41277 | c37403 | c37541,1.0,1
germanquad,q41095,c41090,c41090 | c40369 | c40571 | c36794 | c41108 | c38073 | c38004 | c36811 | c38381 | c41339,1.0,1
germanquad,q41096,c41090,c41594 | c36718 | c41090 | c41448 | c37392 | c37393 | c41153 | c41403 | c38783 | c37224,3.0,3
germanquad,q41097,c41090,c41090 | c36749 | c37210 | c41584 | c41594 | c38141 | c38467 | c41536 | c41528 | c41347,1.0,1
germanquad,q41098,c41090,c41090 | c36749 | c36423 | c37227 | c37711 | c44019 | c41142 | c36774 | c37055 | c38284,1.0,1
germanquad,q41099,c41090,c41090 | c40405 | c38326 | c37365 | c38467 | c40315 | c37393 | c41403 | c41347 | c41734,1.0,1
germanquad,q41100,c41090,c41090 | c40477 | c41594 | c36749 | c41528 | c40467 | c44138 | c41153 | c41078 | c37541,1.0,1
germanquad,q41101,c41090,c41090 | c38545 | c41360 | c38310 | c36749 | c38590 | c42123 | c37237 | c36848 | c38210,1.0,1
germanquad,q41102,c41090,c36749 | c41090 | c41594 | c37322 | c41528 | c40411 | c42107 | c38004 | c36794 | c38263,2.0,2
germanquad,q41103,c41090,c41360 | c41090 | c38545 | c37393 | c36749 | c37618 | c38798 | c40477 | c38210 | c37475,2.0,2
germanquad,q41104,c41090,c36848 | c37407 | c41594 | c41090 | c41584 | c38783 | c37210 | c38006 | c37403 | c36749,4.0,4
germanquad,q41216,c41090,c41090 | c36749 | c37326 | c38467 | c37393 | c41347 | c37419 | c37365 | c41734 | c41161,1.0,1
germanquad,q41217,c41090,c37419 | c41523 | c41090 | c41678 | c37541 | c41734 | c41403 | c38467 | c37330 | c45624,3.0,3
germanquad,q41218,c41090,c41090 | c40467 | c37207 | c37484 | c38798 | c41347 | c36558 | c36758 | c41611 | c37209,1.0,1
germanquad,q41239,c41239,c41239 | c36538 | c40543 | c36674 | c38467 | c37197 | c40236 | c38194 | c38534 | c37016,1.0,1
germanquad,q41240,c41239,c41239 | c41153 | c40511 | c36674 | c36860 | c38836 | c40520 | c40369 | c38156 | c38284,1.0,1
germanquad,q41251,c41239,c41239 | c40236 | c36974 | c45624 | c36791 | c38210 | c38310 | c38590 | c41153 | c41555,1.0,1
germanquad,q41256,c41239,c41239 | c41734 | c38297 | c36674 | c38381 | c41205 | c41403 | c38842 | c40372 | c40571,1.0,1
germanquad,q41261,c41239,c41239 | c36538 | c38590 | c38320 | c36774 | c41033 | c38297 | c37055 | c42123 | c40520,1.0,1
germanquad,q41309,c41309,c41309 | c36665 | c41403 | c38631 | c38783 | c41413 | c37361 | c38122 | c38284 | c38835,1.0,1
germanquad,q41310,c41309,c36665 | c41309 | c38631 | c38189 | c40483 | c41356 | c37428 | c41037 | c41314 | c38087,2.0,2
germanquad,q41311,c41309,c41309 | c36541 | c36665 | c37407 | c38122 | c41435 | c40369 | c37442 | c41356 | c41343,1.0,1
germanquad,q41312,c41309,c41309 | c41435 | c38189 | c38631 | c41356 | c36665 | c41186 | c41296 | c36541 | c41156,1.0,1
germanquad,q41343,c41343,c41343 | c38189 | c40511 | c41148 | c37389 | c37393 | c45264 | c38381 | c38097 | c41678,1.0,1
germanquad,q41342,c41343,c41343 | c38628 | c38177 | c36423 | c41267 | c40369 | c41108 | c37407 | c37264 | c41156,1.0,1
germanquad,q41410,c41343,c41343 | c38791 | c38206 | c38314 | c37322 | c38783 | c37310 | c41512 | c36602 | c41153,1.0,1
germanquad,q41411,c41343,c41343 | c38467 | c41734 | c38326 | c37248 | c38006 | c37348 | c36811 | c37247 | c37403,1.0,1
germanquad,q41414,c41343,c41343 | c41447 | c37394 | c41360 | c41090 | c41351 | c41138 | c37392 | c36572 | c37055,1.0,1
germanquad,q41418,c41343,c41343 | c36553 | c40543 | c41138 | c37428 | c37495 | c37346 | c38590 | c38180 | c41059,1.0,1
germanquad,q41421,c41343,c41343 | c38180 | c36538 | c41239 | c41412 | c41193 | c38471 | c41386 | c38326 | c38293,1.0,1
germanquad,q41489,c41489,c36774 | c41606 | c38513 | c38156 | c37055 | c40471 | c38297 | c37862 | c37502 | c40511,,11
germanquad,q41490,c41489,c41489 | c38842 | c38297 | c41413 | c37055 | c38089 | c36774 | c41606 | c40511 | c38189,1.0,1
germanquad,q41491,c41489,c41489 | c36774 | c38049 | c37055 | c38297 | c37280 | c38073 | c38513 | c38156 | c40511,1.0,1
germanquad,q41492,c41489,c38297 | c41606 | c37055 | c36774 | c41489 | c38156 | c38513 | c37502 | c40471 | c37862,5.0,5
germanquad,q41494,c41489,c41606 | c41489 | c38073 | c38049 | c41115 | c37192 | c40579 | c41205 | c37084 | c38089,2.0,2
germanquad,q41495,c41489,c41489 | c41606 | c37502 | c41205 | c41115 | c37055 | c37680 | c36774 | c41033 | c38156,1.0,1
germanquad,q41447,c41447,c41447 | c36553 | c41211 | c40395 | c36704 | c41165 | c41161 | c44127 | c37884 | c44123,1.0,1
germanquad,q41722,c41447,c41447 | c41142 | c37419 | c41138 | c37326 | c37475 | c36428 | c41090 | c42112 | c38297,1.0,1
germanquad,q41724,c41447,c41447 | c37326 | c44127 | c42095 | c37330 | c36428 | c38326 | c44016 | c38037 | c37099,1.0,1
germanquad,q41726,c41447,c42095 | c37576 | c41447 | c41165 | c38004 | c37884 | c37393 | c37338 | c38381 | c36709,3.0,3
germanquad,q41729,c41447,c36693 | c42123 | c40477 | c36596 | c37680 | c41161 | c36803 | c37884 | c38305 | c41447,10.0,10
germanquad,q41730,c41447,c41447 | c37884 | c38326 | c41197 | c40395 | c38240 | c41478 | c38097 | c38381 | c36428,1.0,1
germanquad,q41266,c41266,c41266 | c38189 | c36974 | c36794 | c41142 | c45653 | c36722 | c38251 | c41413 | c38798,1.0,1
germanquad,q41734,c41734,c41734 | c41360 | c38467 | c37365 | c40369 | c38004 | c37618 | c37407 | c40571 | c37419,1.0,1
germanquad,q41736,c41734,c41734 | c38467 | c41037 | c38545 | c37365 | c41442 | c41594 | c38000 | c38326 | c37393,1.0,1
germanquad,q41737,c41734,c41734 | c37365 | c38467 | c38326 | c37419 | c37393 | c41347 | c38332 | c38210 | c37084,1.0,1
germanquad,q41738,c41734,c41734 | c38467 | c40512 | c37247 | c40315 | c37365 | c41401 | c42107 | c38613 | c37346,1.0,1
germanquad,q41741,c41734,c41734 | c41347 | c41401 | c37346 | c40512 | c38467 | c37365 | c38122 | c41403 | c38783,1.0,1
germanquad,q41743,c41734,c41734 | c37247 | c40315 | c42107 | c37263 | c37365 | c36722 | c38467 | c41148 | c37393,1.0,1
germanquad,q41746,c41734,c41734 | c37197 | c38467 | c37365 | c37419 | c41347 | c37878 | c38326 | c37393 | c40389,1.0,1
germanquad,q41757,c41734,c41734 | c41279 | c45624 | c41347 | c38798 | c41210 | c37756 | c44138 | c36572 | c40407,1.0,1
germanquad,q41758,c41734,c41734 | c41360 | c38467 | c42123 | c41142 | c37475 | c37393 | c36428 | c38786 | c37419,1.0,1
germanquad,q41760,c41734,c41734 | c38467 | c37393 | c41347 | c37365 | c38326 | c37379 | c36548 | c37419 | c36428,1.0,1
germanquad,q41764,c41734,c41734 | c38467 | c37393 | c37365 | c38326 | c41347 | c37379 | c37270 | c37419 | c36814,1.0,1
germanquad,q44038,c44038,c37170 | c41192 | c44138 | c41403 | c37326 | c38478 | c44038 | c37509 | c36423 | c38590,7.0,7
germanquad,q44039,c44038,c44038 | c37346 | c38189 | c36541 | c36791 | c37319 | c38284 | c37393 | c41193 | c38227,1.0,1
germanquad,q44040,c44038,c44038 | c37777 | c37256 | c37014 | c41356 | c38471 | c37393 | c41734 | c37270 | c40543,1.0,1
germanquad,q44043,c44038,c44038 | c38004 | c37264 | c37711 | c41360 | c41344 | c36688 | c40436 | c37493 | c37407,1.0,1
germanquad,q44044,c44038,c44038 | c37247 | c38284 | c42107 | c37170 | c37502 | c36722 | c37393 | c37644 | c37025,1.0,1
germanquad,q36538,c36538,c36538 | c38288 | c41239 | c38060 | c38242 | c41176 | c41267 | c38552 | c38273 | c41148,1.0,1
germanquad,q36539,c36538,c36538 | c38288 | c36749 | c41239 | c37862 | c37383 | c37319 | c36674 | c41523 | c37170,1.0,1
germanquad,q36540,c36538,c36538 | c38288 | c41239 | c37862 | c36541 | c41523 | c40236 | c38060 | c38177 | c38242,1.0,1
germanquad,q36591,c36591,c36591 | c42123 | c41363 | c36722 | c41364 | c36754 | c36847 | c41142 | c37403 | c42107,1.0,1
germanquad,q36592,c36591,c36591 | c41364 | c44122 | c38466 | c41133 | c41067 | c42127 | c38798 | c36812 | c36848,1.0,1
germanquad,q36593,c36591,c36591 | c37252 | c40427 | c41152 | c41536 | c36699 | c38122 | c38783 | c37264 | c41290,1.0,1
germanquad,q37055,c37055,c37055 | c38631 | c40224 | c36558 | c36704 | c38534 | c38194 | c37298 | c36774 | c41266,1.0,1
germanquad,q37056,c37055,c37055 | c38631 | c36558 | c38534 | c40483 | c40224 | c36774 | c40537 | c38194 | c38077,1.0,1
germanquad,q37057,c37055,c37055 | c41451 | c37393 | c41356 | c38326 | c37338 | c37365 | c41734 | c38467 | c41347,1.0,1
germanquad,q37060,c37055,c37055 | c36774 | c38297 | c38156 | c40511 | c41489 | c40471 | c37502 | c38263 | c38513,1.0,1
germanquad,q37064,c37055,c37055 | c38297 | c36774 | c38156 | c40471 | c41489 | c41594 | c37871 | c37502 | c38037,1.0,1
germanquad,q37065,c37055,c37055 | c36774 | c37192 | c40471 | c41489 | c38297 | c38156 | c40511 | c37282 | c37502,1.0,1
germanquad,q37066,c37055,c37055 | c36774 | c38297 | c37192 | c38156 | c41489 | c38037 | c38513 | c37502 | c40471,1.0,1
germanquad,q37067,c37055,c37055 | c38297 | c36774 | c40511 | c38156 | c37502 | c38513 | c40471 | c41165 | c42112,1.0,1
germanquad,q37074,c37055,c37055 | c38297 | c36774 | c37502 | c38156 | c40471 | c40511 | c38513 | c41489 | c37393,1.0,1
germanquad,q37077,c37055,c37055 | c38297 | c36774 | c38156 | c38513 | c37502 | c40511 | c38037 | c40471 | c36642,1.0,1
germanquad,q37078,c37055,c37055 | c38297 | c36774 | c41489 | c38156 | c38513 | c37862 | c37502 | c40471 | c42112,1.0,1
germanquad,q37081,c37055,c37055 | c38202 | c45635 | c36558 | c38194 | c37756 | c45264 | c41148 | c44038 | c40224,1.0,1
germanquad,q37100,c37100,c37100 | c36553 | c37688 | c41033 | c36752 | c38131 | c38835 | c38227 | c37106 | c37203,1.0,1
germanquad,q37101,c37100,c37100 | c36553 | c37688 | c41033 | c38131 | c38227 | c38122 | c37615 | c37886 | c37106,1.0,1
germanquad,q37104,c37100,c37100 | c36553 | c37688 | c38131 | c37756 | c41033 | c45636 | c38835 | c38537 | c38320,1.0,1
germanquad,q37105,c37100,c37100 | c36553 | c37688 | c36551 | c38131 | c41033 | c38241 | c38122 | c37624 | c41489,1.0,1
germanquad,q37576,c37576,c37576 | c38240 | c41356 | c38467 | c41197 | c44127 | c37003 | c41161 | c41344 | c36796,1.0,1
germanquad,q37590,c37576,c37576 | c41125 | c40407 | c40411 | c41279 | c38281 | c38474 | c41468 | c38240 | c41115,1.0,1
germanquad,q37591,c37576,c37576 | c40407 | c40411 | c36693 | c38281 | c36423 | c37407 | c38189 | c41468 | c44127,1.0,1
germanquad,q37599,c37576,c37576 | c37393 | c41734 | c41447 | c36791 | c38210 | c38467 | c37034 | c37268 | c41369,1.0,1
germanquad,q37603,c37576,c37576 | c36572 | c36791 | c38240 | c38467 | c37393 | c41192 | c36816 | c38568 | c36811,1.0,1
germanquad,q36811,c36811,c36811 | c38467 | c41179 | c36752 | c36758 | c38470 | c38835 | c38097 | c37209 | c41165,1.0,1
germanquad,q40519,c40519,c40519 | c37496 | c38471 | c41152 | c41489 | c41309 | c37303 | c41239 | c36606 | c37207,1.0,1
germanquad,q40533,c40519,c40519 | c41448 | c38712 | c37711 | c41304 | c45657 | c37502 | c37419 | c38297 | c37475,1.0,1
germanquad,q40534,c40519,c40519 | c42123 | c37529 | c41360 | c38194 | c38268 | c44115 | c37502 | c41115 | c37711,1.0,1
germanquad,q36598,c36598,c36598 | c37217 | c38189 | c37878 | c37862 | c38842 | c37046 | c40405 | c38553 | c41211,1.0,1
germanquad,q36599,c36598,c36598 | c36791 | c37272 | c38122 | c44026 | c38579 | c38835 | c41403 | c37756 | c36572,1.0,1
germanquad,q36600,c36598,c36598 | c36704 | c36803 | c41037 | c36791 | c36811 | c38006 | c41156 | c40543 | c40311,1.0,1
germanquad,q36601,c36598,c36598 | c41536 | c37756 | c41349 | c38189 | c38290 | c41442 | c41152 | c37862 | c40498,1.0,1
germanquad,q36794,c36794,c36794 | c38189 | c41142 | c37541 | c37475 | c44038 | c38281 | c38006 | c41105 | c38227,1.0,1
germanquad,q36795,c36794,c36794 | c42123 | c41363 | c36722 | c41364 | c36754 | c36847 | c41142 | c37403 | c42107,1.0,1
germanquad,q37084,c37084,c37084 | c37248 | c37046 | c38631 | c40312 | c40519 | c36722 | c44019 | c38816 | c38783,1.0,1
germanquad,q37085,c37084,c37084 | c38073 | c40312 | c37644 | c45657 | c40372 | c38037 | c41489 | c38631 | c40315,1.0,1
germanquad,q37086,c37084,c37084 | c40312 | c37270 | c37324 | c45657 | c40380 | c41090 | c41161 | c37268 | c38816,1.0,1
germanquad,q37087,c37084,c37084 | c40312 | c37644 | c38816 | c37034 | c41465 | c37330 | c40395 | c41403 | c41062,1.0,1
germanquad,q37088,c37084,c41193 | c37084 | c37270 | c40369 | c38004 | c41108 | c40389 | c40571 | c36794 | c38381,2.0,2
germanquad,q37089,c37084,c37084 | c38241 | c37659 | c36816 | c38537 | c37192 | c40512 | c41108 | c37272 | c38073,1.0,1
germanquad,q37090,c37084,c37084 | c45264 | c37268 | c37324 | c37270 | c41153 | c41161 | c38297 | c40389 | c38816,1.0,1
germanquad,q37091,c37084,c37084 | c38241 | c37659 | c36816 | c38537 | c37192 | c41108 | c40512 | c37272 | c41188,1.0,1
germanquad,q37092,c37084,c37084 | c45264 | c40389 | c41277 | c37268 | c41153 | c38297 | c37324 | c37618 | c37270,1.0,1
germanquad,q37093,c37084,c37084 | c37248 | c41138 | c36722 | c36548 | c37046 | c40380 | c38097 | c41366 | c37210,1.0,1
germanquad,q37095,c37084,c37084 | c37248 | c41277 | c40311 | c38381 | c38631 | c38816 | c38063 | c37046 | c36749,1.0,1
germanquad,q37096,c37084,c37084 | c38545 | c36551 | c40369 | c36853 | c36572 | c40395 | c36688 | c44008 | c37731,1.0,1
germanquad,q37106,c37106,c37106 | c37569 | c40471 | c38467 | c38326 | c37365 | c38305 | c40511 | c40315 | c38609,1.0,1
germanquad,q37108,c37106,c37106 | c37313 | c41349 | c37379 | c38381 | c41080 | c38189 | c36558 | c41517 | c38049,1.0,1
germanquad,q36839,c37106,c37569 | c40471 | c37106 | c38189 | c40511 | c38305 | c37576 | c38609 | c38338 | c40315,3.0,3
germanquad,q37109,c37109,c37109 | c38488 | c41339 | c38842 | c38073 | c36794 | c41161 | c37862 | c36598 | c41606,1.0,1
germanquad,q37110,c37109,c37109 | c38488 | c41369 | c36860 | c41339 | c37348 | c38835 | c37862 | c38089 | c38049,1.0,1
germanquad,q37112,c37109,c37109 | c38488 | c41369 | c36860 | c38513 | c41339 | c37348 | c38835 | c40471 | c38842,1.0,1
germanquad,q37114,c37109,c37109 | c38488 | c40395 | c41606 | c38842 | c41296 | c41339 | c40312 | c41528 | c41062,1.0,1
germanquad,q37117,c37109,c37109 | c38488 | c38842 | c38520 | c38089 | c36764 | c41062 | c42127 | c37055 | c38297,1.0,1
germanquad,q44026,c44026,c44026 | c38045 | c38293 | c38579 | c38131 | c38227 | c41406 | c38290 | c38835 | c41160,1.0,1
germanquad,q44027,c44026,c44026 | c38579 | c38045 | c36704 | c36794 | c38293 | c36693 | c41192 | c38534 | c40369,1.0,1
germanquad,q44028,c44026,c44026 | c38579 | c41406 | c38045 | c38590 | c38293 | c38297 | c36774 | c41033 | c38210,1.0,1
germanquad,q44029,c44026,c44026 | c38297 | c37247 | c42107 | c41366 | c40315 | c41148 | c37280 | c41496 | c37502,1.0,1
germanquad,q44030,c44026,c44026 | c38579 | c37493 | c41404 | c38045 | c36548 | c38293 | c40369 | c36794 | c37862,1.0,1
germanquad,q44031,c44026,c44026 | c38579 | c41406 | c38045 | c38242 | c38590 | c41033 | c36718 | c38297 | c38293,1.0,1
germanquad,q44032,c44026,c44026 | c38579 | c38293 | c40395 | c38045 | c41606 | c41296 | c41406 | c40312 | c38227,1.0,1
germanquad,q44033,c44026,c44026 | c38045 | c38293 | c38087 | c38579 | c38480 | c38242 | c38189 | c38783 | c38482,1.0,1
germanquad,q44034,c44026,c44026 | c38045 | c38579 | c37659 | c38482 | c41406 | c38553 | c38227 | c38290 | c37357,1.0,1
germanquad,q44035,c44026,c38045 | c44026 | c38579 | c37277 | c37529 | c37659 | c38194 | c38073 | c36794 | c37264,2.0,2
germanquad,q44036,c44026,c44026 | c38579 | c38241 | c38045 | c38293 | c37247 | c37398 | c38227 | c38290 | c41369,1.0,1
germanquad,q44037,c44026,c38579 | c44026 | c41296 | c41179 | c38290 | c40483 | c41536 | c41037 | c40315 | c38189,2.0,2
germanquad,q41144,c41144,c41144 | c36789 | c37667 | c40498 | c37777 | c38835 | c38482 | c36709 | c36594 | c40571,1.0,1
germanquad,q41145,c41144,c41144 | c41160 | c41200 | c41366 | c40236 | c41059 | c38762 | c36762 | c36591 | c36816,1.0,1
germanquad,q41146,c41144,c41059 | c41144 | c41160 | c40236 | c41366 | c41200 | c38613 | c41133 | c38381 | c36736,2.0,2
germanquad,q41153,c41153,c41153 | c36718 | c38202 | c37252 | c40532 | c38520 | c38002 | c40511 | c38467 | c36602,1.0,1
germanquad,q41154,c41153,c41153 | c38467 | c36848 | c38590 | c37185 | c38202 | c40462 | c44127 | c38552 | c40236,1.0,1
germanquad,q41155,c41153,c36718 | c41153 | c37252 | c38520 | c36794 | c38077 | c36602 | c41366 | c37495 | c37392,2.0,2
germanquad,q38837,c38837,c41523 | c42127 | c37403 | c41536 | c37419 | c38061 | c38816 | c40448 | c40498 | c41401,,50
germanquad,q38838,c38837,c38061 | c38837 | c36781 | c41161 | c36853 | c44045 | c41536 | c41056 | c37247 | c37644,2.0,2
germanquad,q38839,c38837,c38837 | c36781 | c41067 | c41133 | c41364 | c36812 | c44115 | c41448 | c37034 | c37428,1.0,1
germanquad,q38840,c38837,c38837 | c36781 | c37025 | c38061 | c41448 | c38467 | c38977 | c41152 | c37615 | c41161,1.0,1
germanquad,q38841,c38837,c38837 | c36781 | c37353 | c44115 | c37025 | c37034 | c41161 | c36724 | c36853 | c38061,1.0,1
germanquad,q41169,c41169,c37018 | c37777 | c41125 | c41169 | c41197 | c40423 | c41067 | c37346 | c41133 | c37475,4.0,4
germanquad,q41168,c41169,c41169 | c37777 | c37346 | c41125 | c37756 | c41403 | c37018 | c36791 | c36722 | c40483,1.0,1
germanquad,q41170,c41169,c41169 | c41125 | c37018 | c37777 | c37428 | c37346 | c41205 | c40236 | c41161 | c37437,1.0,1
germanquad,q38791,c38791,c38791 | c37185 | c41062 | c41478 | c37256 | c41105 | c38467 | c41343 | c40380 | c38189,1.0,1
germanquad,q38794,c38791,c38791 | c41478 | c41062 | c40236 | c41366 | c36423 | c38467 | c40380 | c38006 | c38842,1.0,1
germanquad,q38796,c38791,c38791 | c38467 | c37185 | c41478 | c40380 | c40223 | c41062 | c37419 | c41366 | c38004,1.0,1
germanquad,q41171,c41171,c40511 | c41125 | c38467 | c38326 | c37419 | c41734 | c41347 | c37365 | c37393 | c41309,,96
germanquad,q41172,c41171,c38534 | c37264 | c41413 | c41156 | c38381 | c38601 | c40498 | c38835 | c38552 | c44127,,67
germanquad,q41173,c41171,c41171 | c36803 | c41401 | c37319 | c41343 | c37379 | c45624 | c37326 | c41435 | c37722,1.0,1
germanquad,q41174,c41171,c41171 | c38202 | c37326 | c37270 | c41356 | c40498 | c36860 | c37398 | c37264 | c36727,1.0,1
germanquad,q41175,c41171,c41171 | c41314 | c36642 | c37319 | c45624 | c42123 | c38467 | c38482 | c37496 | c38297,1.0,1
germanquad,q44115,c44115,c44115 | c38553 | c44045 | c38189 | c41153 | c37084 | c37711 | c40312 | c36724 | c41678,1.0,1
germanquad,q44113,c44115,c44115 | c41360 | c38251 | c41142 | c41205 | c38247 | c41062 | c41731 | c42127 | c41078,1.0,1
germanquad,q44114,c44115,c44115 | c38791 | c36812 | c41344 | c42127 | c40389 | c36722 | c44097 | c38783 | c37046,1.0,1
germanquad,q44118,c44115,c44115 | c42127 | c41445 | c41193 | c37084 | c41523 | c38297 | c41277 | c41153 | c37541,1.0,1
germanquad,q44120,c44115,c44115 | c41080 | c38188 | c44045 | c38061 | c38049 | c36581 | c36784 | c41176 | c40236,1.0,1
germanquad,q40395,c40395,c41403 | c40395 | c38837 | c38122 | c38783 | c41766 | c37442 | c38381 | c37263 | c41056,2.0,2
germanquad,q40396,c40395,c40436 | c40395 | c36638 | c38469 | c41267 | c37207 | c38624 | c36781 | c41527 | c37644,2.0,2
germanquad,q40427,c40427,c38590 | c41536 | c40462 | c40427 | c36847 | c41231 | c41322 | c40372 | c41364 | c38210,4.0,4
germanquad,q40428,c40427,c40427 | c37252 | c36591 | c37446 | c41152 | c41396 | c36762 | c41369 | c41528 | c37484,1.0,1
germanquad,q40429,c40427,c40427 | c37252 | c36591 | c41152 | c40504 | c41606 | c38073 | c36699 | c38381 | c38332,1.0,1
germanquad,q40430,c40427,c40427 | c37252 | c36591 | c37263 | c41152 | c36794 | c40372 | c36419 | c37247 | c42127,1.0,1
germanquad,q40431,c40427,c40427 | c37252 | c36591 | c37263 | c41152 | c41606 | c40504 | c38073 | c36699 | c38381,1.0,1
germanquad,q40433,c40427,c40427 | c37252 | c36591 | c36699 | c42127 | c41556 | c41152 | c38816 | c37208 | c41523,1.0,1
germanquad,q40434,c40427,c40427 | c40504 | c37252 | c36591 | c36699 | c41152 | c41606 | c38073 | c36781 | c45635,1.0,1
germanquad,q40435,c40427,c40427 | c36699 | c37252 | c36591 | c41067 | c41360 | c38077 | c41366 | c41142 | c37475,1.0,1
germanquad,q38836,c38836,c38836 | c41266 | c37517 | c40312 | c36704 | c37268 | c38835 | c38310 | c41512 | c38189,1.0,1
germanquad,q41188,c41188,c40380 | c38097 | c40397 | c41138 | c41188 | c36774 | c40537 | c41235 | c36764 | c36541,5.0,5
germanquad,q41189,c41188,c41188 | c41033 | c41037 | c41290 | c41540 | c38263 | c41536 | c40389 | c38560 | c41105,1.0,1
germanquad,q41190,c41188,c40389 | c41188 | c37475 | c36718 | c41153 | c37618 | c41523 | c36602 | c42127 | c38297,2.0,2
germanquad,q40405,c40405,c40405 | c41188 | c41391 | c37711 | c38326 | c41351 | c37644 | c44097 | c42127 | c36581,1.0,1
germanquad,q40471,c40471,c40471 | c37569 | c40511 | c37106 | c38338 | c36774 | c37502 | c38305 | c38073 | c36794,1.0,1
germanquad,q40472,c40471,c40471 | c37569 | c37109 | c40511 | c41369 | c37106 | c36774 | c37862 | c42127 | c37419,1.0,1
germanquad,q40473,c40471,c40471 | c37569 | c37109 | c40511 | c41369 | c36774 | c38338 | c37106 | c41062 | c37862,1.0,1
germanquad,q40474,c40471,c40471 | c37569 | c40511 | c38609 | c38305 | c41304 | c37106 | c36774 | c38131 | c38063,1.0,1
germanquad,q40475,c40471,c37569 | c40471 | c38168 | c41369 | c37688 | c41606 | c40511 | c41322 | c37264 | c38560,2.0,2
germanquad,q40476,c40471,c40471 | c37569 | c40511 | c38842 | c41528 | c38783 | c38122 | c41369 | c37106 | c41058,1.0,1
germanquad,q41193,c41193,c41193 | c37541 | c40483 | c38227 | c41731 | c36784 | c41267 | c37475 | c37569 | c38297,1.0,1
germanquad,q41194,c41193,c41193 | c37346 | c37319 | c38189 | c41445 | c40532 | c38131 | c38146 | c37659 | c38227,1.0,1
germanquad,q41195,c41193,c41193 | c37541 | c38227 | c36784 | c41496 | c38314 | c40535 | c36674 | c37569 | c41277,1.0,1
germanquad,q41196,c41193,c41193 | c41161 | c36572 | c37203 | c38590 | c41277 | c44138 | c38467 | c40543 | c36784,1.0,1
germanquad,q41351,c41351,c41351 | c38467 | c37195 | c38628 | c37517 | c42123 | c41344 | c37035 | c38240 | c36674,1.0,1
germanquad,q41352,c41351,c41351 | c38783 | c45624 | c45642 | c38628 | c37195 | c41555 | c38609 | c36794 | c37886,1.0,1
germanquad,q41353,c41351,c41351 | c37195 | c41160 | c36848 | c38783 | c45642 | c37217 | c41364 | c38240 | c38590,1.0,1
germanquad,q41354,c41351,c41351 | c37195 | c37517 | c41447 | c38628 | c41125 | c40579 | c41144 | c38240 | c40223,1.0,1
germanquad,q41355,c41351,c41351 | c37475 | c38240 | c41125 | c38057 | c41192 | c45264 | c37361 | c38320 | c44127,1.0,1
germanquad,q41360,c41360,c41360 | c41105 | c41734 | c36674 | c38125 | c40407 | c40543 | c41555 | c37272 | c41386,1.0,1
germanquad,q41361,c41360,c41360 | c41105 | c41734 | c41125 | c41369 | c36860 | c36699 | c37393 | c41594 | c38478,1.0,1
germanquad,q41362,c41360,c41360 | c41105 | c40369 | c41193 | c37569 | c41219 | c37280 | c41160 | c40571 | c44110,1.0,1
germanquad,q42095,c42095,c42095 | c44045 | c38189 | c45264 | c40483 | c37569 | c38478 | c40389 | c41062 | c40312,1.0,1
germanquad,q42096,c42095,c42095 | c41360 | c41197 | c37326 | c37394 | c44016 | c41447 | c40448 | c36674 | c36428,1.0,1
germanquad,q42098,c42095,c42095 | c36791 | c37596 | c41447 | c36548 | c37394 | c38077 | c40389 | c44016 | c38307,1.0,1
germanquad,q42100,c42095,c42095 | c40311 | c41161 | c38381 | c37580 | c36736 | c36796 | c40411 | c40448 | c41343,1.0,1
germanquad,q42101,c42095,c42095 | c36428 | c36423 | c36553 | c41678 | c41442 | c38467 | c40477 | c36736 | c41188,1.0,1
germanquad,q42102,c42095,c41533 | c42095 | c41478 | c37338 | c37576 | c37871 | c40311 | c36709 | c36665 | c36722,2.0,2
germanquad,q42103,c42095,c42095 | c37871 | c40219 | c41290 | c36736 | c36423 | c41533 | c38189 | c38537 | c40311,1.0,1
germanquad,q42104,c42095,c42095 | c41192 | c38210 | c41279 | c37237 | c37419 | c41062 | c41153 | c37484 | c38381,1.0,1
germanquad,q42105,c42095,c42095 | c37576 | c40311 | c41533 | c36796 | c37871 | c38381 | c37777 | c36423 | c37003,1.0,1
germanquad,q41206,c41206,c41206 | c38553 | c36754 | c41090 | c40520 | c38467 | c38836 | c41033 | c36718 | c41144,1.0,1
germanquad,q41207,c41206,c41206 | c36859 | c37442 | c37777 | c44008 | c38590 | c41279 | c41465 | c38836 | c41364,1.0,1
germanquad,q41394,c41394,c37624 | c41394 | c38624 | c37383 | c37034 | c38024 | c37319 | c38247 | c41231 | c41090,2.0,2
germanquad,q41404,c41404,c41404 | c42109 | c42123 | c37493 | c41468 | c37884 | c41165 | c37419 | c40223 | c41279,1.0,1
germanquad,q41405,c41404,c40477 | c41404 | c36674 | c40389 | c38273 | c40224 | c38268 | c37392 | c38284 | c38783,2.0,2
germanquad,q44008,c44008,c44008 | c40407 | c36602 | c36541 | c36791 | c45624 | c37403 | c38310 | c41528 | c37580,1.0,1
germanquad,q44009,c44008,c44008 | c40407 | c36791 | c36541 | c38786 | c37403 | c38310 | c38467 | c41528 | c41396,1.0,1
germanquad,q44010,c44008,c44008 | c36541 | c40407 | c36791 | c38537 | c40389 | c37484 | c41528 | c38002 | c37569,1.0,1
germanquad,q44011,c44008,c44008 | c40407 | c36541 | c38786 | c41344 | c40540 | c36791 | c37484 | c37403 | c40389,1.0,1
germanquad,q41210,c41210,c41210 | c37217 | c38609 | c40471 | c40223 | c38546 | c38073 | c37272 | c41105 | c37084,1.0,1
germanquad,q41209,c41210,c41210 | c37217 | c38816 | c37659 | c37475 | c36981 | c41153 | c38297 | c36602 | c41142,1.0,1
germanquad,q41396,c41396,c41396 | c38977 | c41403 | c40436 | c37247 | c38332 | c41186 | c37756 | c38045 | c41153,1.0,1
germanquad,q41397,c41396,c41396 | c37232 | c38122 | c37442 | c38816 | c45624 | c36752 | c45653 | c38783 | c36860,1.0,1
germanquad,q41398,c41396,c41396 | c38156 | c41152 | c37385 | c41290 | c36803 | c36722 | c45653 | c38467 | c41160,1.0,1
germanquad,q44097,c44097,c41535 | c38251 | c44110 | c40477 | c38466 | c41111 | c41161 | c37437 | c40511 | c37667,,12
germanquad,q44098,c44097,c44097 | c41535 | c38189 | c41067 | c41133 | c37727 | c37224 | c42127 | c38002 | c38063,1.0,1
germanquad,q44100,c44097,c44097 | c38467 | c40436 | c36812 | c41067 | c42127 | c37878 | c38002 | c41133 | c41205,1.0,1
germanquad,q44102,c44097,c37569 | c38467 | c41105 | c40511 | c44097 | c40579 | c37379 | c38470 | c37209 | c38097,5.0,5
germanquad,q44104,c44104,c44104 | c41391 | c40470 | c36638 | c38467 | c36541 | c41413 | c41219 | c37529 | c37389,1.0,1
germanquad,q40504,c40504,c40504 | c42127 | c41731 | c37419 | c37475 | c41153 | c41105 | c38297 | c41523 | c36602,1.0,1
germanquad,q40505,c40504,c40504 | c38471 | c37263 | c42107 | c41413 | c38842 | c41465 | c41062 | c40376 | c36749,1.0,1
germanquad,q40508,c40504,c36754 | c41153 | c38624 | c37100 | c41445 | c42127 | c37495 | c37268 | c41343 | c41296,,384
germanquad,q36704,c36704,c36704 | c41138 | c38077 | c41067 | c36558 | c37495 | c37207 | c40224 | c36551 | c38125,1.0,1
germanquad,q36705,c36704,c41138 | c36704 | c37495 | c36553 | c41059 | c36541 | c37324 | c41366 | c41304 | c41105,2.0,2
germanquad,q37203,c37203,c37203 | c38227 | c37100 | c36553 | c37688 | c38122 | c37569 | c40436 | c41033 | c37185,1.0,1
germanquad,q37206,c37203,c37203 | c38227 | c38122 | c37502 | c37280 | c41403 | c41193 | c41090 | c36754 | c37379,1.0,1
germanquad,q38579,c38579,c38579 | c38045 | c38293 | c44026 | c41406 | c41205 | c38227 | c36598 | c38290 | c38194,1.0,1
germanquad,q38581,c38579,c38579 | c38590 | c41153 | c36860 | c41536 | c44026 | c38194 | c41468 | c41179 | c36853,1.0,1
germanquad,q38583,c38579,c38579 | c38045 | c41125 | c38293 | c36860 | c44026 | c38227 | c41406 | c38290 | c38628,1.0,1
germanquad,q38584,c38579,c38579 | c38045 | c37277 | c37659 | c38194 | c37175 | c37303 | c37348 | c38307 | c41049,1.0,1
germanquad,q38585,c38579,c38579 | c37756 | c41435 | c38305 | c40315 | c37886 | c41037 | c36752 | c40389 | c42127,1.0,1
germanquad,q38586,c38579,c38579 | c44026 | c41322 | c41296 | c38290 | c41179 | c41536 | c41406 | c38783 | c37192,1.0,1
germanquad,q38587,c38579,c38579 | c37569 | c36860 | c37659 | c38045 | c37003 | c41059 | c41152 | c41406 | c38227,1.0,1
germanquad,q38588,c38579,c38579 | c37046 | c38284 | c38786 | c41527 | c38045 | c38097 | c38227 | c40511 | c41447,1.0,1
germanquad,q38589,c38579,c38579 | c36816 | c37303 | c41161 | c37385 | c36541 | c38045 | c36704 | c37298 | c41304,1.0,1
germanquad,q40532,c40532,c40532 | c37272 | c38466 | c38467 | c38293 | c41528 | c41153 | c37580 | c40389 | c37475,1.0,1
germanquad,q37390,c37390,c41231 | c38482 | c37390 | c41296 | c38024 | c44019 | c38613 | c37624 | c41394 | c37084,3.0,3
germanquad,q37515,c37390,c37390 | c38482 | c37319 | c41205 | c40376 | c38180 | c41090 | c37034 | c42107 | c41119,1.0,1
germanquad,q37516,c37390,c37390 | c42123 | c38482 | c41363 | c36722 | c41364 | c36754 | c36847 | c41142 | c37403,1.0,1
germanquad,q37541,c37541,c41176 | c44138 | c41153 | c37541 | c41277 | c37442 | c41364 | c38310 | c40520 | c38552,4.0,4
germanquad,q37544,c37541,c37541 | c41277 | c41451 | c41090 | c42123 | c45624 | c41611 | c38314 | c37419 | c41413,1.0,1
germanquad,q37548,c37541,c41176 | c37541 | c40504 | c41090 | c41277 | c37484 | c36816 | c41468 | c44097 | c44038,2.0,2
germanquad,q37618,c37618,c37618 | c41594 | c40312 | c36791 | c38094 | c37084 | c41142 | c41153 | c41403 | c36847,1.0,1
germanquad,q37621,c37618,c37618 | c41056 | c40389 | c42127 | c41105 | c37475 | c38297 | c37419 | c36718 | c36602,1.0,1
germanquad,q37632,c37618,c37618 | c37615 | c37426 | c41056 | c40389 | c37357 | c42127 | c41105 | c37475 | c38297,1.0,1
germanquad,q37634,c37618,c37618 | c37426 | c41056 | c38247 | c38482 | c38467 | c37615 | c37484 | c36693 | c41523,1.0,1
germanquad,q37637,c37618,c37618 | c36709 | c41200 | c41599 | c37711 | c36419 | c38475 | c36789 | c41179 | c36674,1.0,1
germanquad,q37640,c37618,c37618 | c40389 | c42127 | c41105 | c37475 | c38297 | c37419 | c36718 | c36602 | c41731,1.0,1
germanquad,q37606,c37618,c37618 | c40389 | c42127 | c41105 | c37475 | c38297 | c37419 | c36718 | c36602 | c41731,1.0,1
germanquad,q37609,c37618,c40540 | c37615 | c38480 | c38189 | c41478 | c37618 | c37520 | c37862 | c37596 | c37446,6.0,6
germanquad,q37610,c37618,c37596 | c40504 | c41478 | c36794 | c36598 | c38097 | c41161 | c37618 | c40511 | c38194,8.0,8
germanquad,q37613,c37618,c37618 | c41056 | c40389 | c42127 | c41105 | c37475 | c38297 | c37419 | c36718 | c36602,1.0,1
germanquad,q37614,c37618,c37618 | c41606 | c41296 | c40395 | c40312 | c41062 | c37084 | c36581 | c41391 | c41528,1.0,1
germanquad,q37722,c37722,c37722 | c36974 | c41584 | c36674 | c41153 | c36811 | c41290 | c41523 | c38297 | c38131,1.0,1
germanquad,q37723,c37722,c37722 | c38189 | c36974 | c37207 | c38307 | c37541 | c37886 | c41344 | c38624 | c38188,1.0,1
germanquad,q37724,c37722,c37722 | c38189 | c36974 | c44138 | c38977 | c38553 | c40389 | c42127 | c37624 | c41219,1.0,1
germanquad,q37725,c37722,c37722 | c40372 | c45657 | c38131 | c41169 | c41422 | c38263 | c38290 | c38798 | c36591,1.0,1
germanquad,q38381,c38381,c38381 | c42112 | c37313 | c36419 | c37419 | c37517 | c36796 | c41160 | c37003 | c38470,1.0,1
germanquad,q38384,c38381,c38381 | c38227 | c41528 | c42109 | c41296 | c41062 | c41584 | c41606 | c36774 | c40395,1.0,1
germanquad,q38490,c38381,c38601 | c41153 | c42107 | c36419 | c36674 | c41142 | c36722 | c41160 | c36602 | c41536,,13
germanquad,q38491,c38381,c42109 | c38381 | c36541 | c38482 | c37197 | c41142 | c41156 | c37419 | c38284 | c40312,2.0,2
germanquad,q38492,c38381,c38381 | c38467 | c38156 | c37365 | c38326 | c37393 | c41347 | c41734 | c37419 | c40462,1.0,1
germanquad,q38493,c38381,c41133 | c41366 | c38381 | c41200 | c41144 | c36736 | c37576 | c41161 | c38482 | c37871,3.0,3
germanquad,q38494,c38381,c38381 | c37437 | c38590 | c41153 | c41138 | c38194 | c38314 | c37379 | c38045 | c37034,1.0,1
germanquad,q38495,c38381,c38381 | c41731 | c41478 | c42127 | c36709 | c37475 | c38297 | c37419 | c36718 | c37270,1.0,1
germanquad,q38498,c38381,c37558 | c38631 | c37046 | c41267 | c37084 | c41517 | c44019 | c37248 | c41556 | c41734,,21
germanquad,q38499,c38381,c38381 | c38712 | c41156 | c37667 | c40448 | c41401 | c37871 | c40311 | c40236 | c41153,1.0,1
germanquad,q38500,c38381,c38381 | c36758 | c41138 | c36774 | c37185 | c38314 | c38189 | c41523 | c41062 | c45624,1.0,1
germanquad,q38501,c38381,c38381 | c37495 | c38712 | c44115 | c41156 | c36724 | c36553 | c37871 | c38314 | c41115,1.0,1
germanquad,q38502,c38381,c38381 | c36541 | c37313 | c40380 | c40397 | c36860 | c36774 | c36419 | c40219 | c41211,1.0,1
germanquad,q38503,c38381,c40236 | c37871 | c38381 | c37003 | c38177 | c36594 | c36428 | c38189 | c40411 | c38240,3.0,3
germanquad,q38504,c38381,c38482 | c36591 | c38553 | c36558 | c40312 | c37357 | c45642 | c41144 | c41266 | c41171,,12
germanquad,q38505,c38381,c38189 | c45264 | c40564 | c37046 | c38836 | c37517 | c37195 | c41556 | c37722 | c41108,,33
germanquad,q38506,c38381,c38381 | c37313 | c38281 | c41734 | c37419 | c38344 | c37106 | c41422 | c37209 | c36674,1.0,1
germanquad,q38508,c38381,c40423 | c38189 | c37338 | c38381 | c45264 | c40224 | c37393 | c36642 | c36816 | c41678,4.0,4
germanquad,q38509,c38381,c38381 | c38344 | c42109 | c36860 | c42095 | c41144 | c38601 | c41606 | c37197 | c37886,1.0,1
germanquad,q38553,c38553,c37475 | c41731 | c38297 | c37419 | c41153 | c42127 | c41105 | c36602 | c41523 | c37484,,30
germanquad,q38554,c38553,c44122 | c38553 | c37558 | c37403 | c38049 | c41445 | c38332 | c41731 | c37644 | c41033,2.0,2
germanquad,q38556,c38553,c38553 | c38590 | c37558 | c44122 | c37175 | c38977 | c41535 | c37624 | c42127 | c37035,1.0,1
germanquad,q38557,c38553,c38553 | c37558 | c41090 | c44122 | c38241 | c41206 | c37224 | c38024 | c37175 | c38836,1.0,1
germanquad,q40480,c40480,c40480 | c41406 | c40520 | c41606 | c38156 | c40511 | c41536 | c37502 | c38590 | c41033,1.0,1
germanquad,q37393,c37393,c37247 | c36602 | c37509 | c37393 | c40315 | c37596 | c42107 | c41555 | c41351 | c44115,4.0,4
germanquad,q37396,c37393,c37580 | c37871 | c37393 | c36811 | c37338 | c41401 | c41448 | c41171 | c37756 | c37268,3.0,3
germanquad,q37397,c37393,c37393 | c38470 | c38537 | c42095 | c37338 | c37580 | c41611 | c36558 | c38281 | c36811,1.0,1
germanquad,q37399,c37393,c37393 | c41478 | c40224 | c38467 | c38480 | c37338 | c37361 | c41401 | c42095 | c38206,1.0,1
germanquad,q37401,c37393,c44038 | c37393 | c41347 | c37303 | c45624 | c38310 | c36728 | c37338 | c41309 | c41090,2.0,2
germanquad,q37558,c37558,c37558 | c38553 | c44122 | c42127 | c40389 | c41523 | c38297 | c36602 | c36718 | c37541,1.0,1
germanquad,q37560,c37558,c38553 | c37558 | c44122 | c41062 | c41152 | c41523 | c41403 | c37419 | c41584 | c37615,2.0,2
germanquad,q37566,c37558,c37232 | c37558 | c38553 | c38836 | c44122 | c41090 | c41219 | c37175 | c37252 | c38624,2.0,2
germanquad,q37567,c37558,c37558 | c40389 | c37475 | c41731 | c42127 | c41105 | c36718 | c38297 | c37419 | c36602,1.0,1
germanquad,q37568,c37558,c37558 | c44122 | c38553 | c41382 | c37175 | c41090 | c40389 | c36638 | c37624 | c37025,1.0,1
germanquad,q37644,c37644,c37644 | c40389 | c42127 | c41105 | c37475 | c38297 | c37419 | c36718 | c36602 | c41731,1.0,1
germanquad,q37645,c37644,c37644 | c38288 | c40380 | c41152 | c37035 | c38061 | c41296 | c37247 | c41056 | c37014,1.0,1
germanquad,q37646,c37644,c37247 | c37644 | c36781 | c37667 | c37655 | c36419 | c38712 | c38471 | c41344 | c37618,2.0,2
germanquad,q37656,c37644,c37644 | c37035 | c40389 | c42127 | c41105 | c37475 | c38297 | c37419 | c36718 | c36602,1.0,1
germanquad,q37727,c37727,c38206 | c38194 | c41153 | c38045 | c41058 | c37756 | c41448 | c36752 | c38590 | c37357,,302
germanquad,q37728,c37727,c38206 | c38194 | c41153 | c38045 | c41058 | c37756 | c41448 | c36752 | c38590 | c37357,,302
germanquad,q37729,c37727,c37727 | c36767 | c37383 | c38712 | c36754 | c41296 | c41161 | c41205 | c40236 | c40511,1.0,1
germanquad,q37659,c37659,c37365 | c38520 | c41347 | c38467 | c37035 | c41179 | c41142 | c37419 | c38045 | c37393,,19
germanquad,q37662,c37659,c37659 | c38560 | c41188 | c38601 | c36754 | c44026 | c38579 | c38467 | c37365 | c38326,1.0,1
germanquad,q37664,c37659,c37659 | c38045 | c37237 | c38601 | c38579 | c38073 | c41037 | c37529 | c36548 | c38835,1.0,1
germanquad,q37665,c37659,c38089 | c37711 | c37615 | c38842 | c41734 | c38049 | c37731 | c41090 | c41413 | c41447,,41
germanquad,q37731,c37731,c37731 | c41192 | c37361 | c37475 | c37392 | c37558 | c40389 | c37348 | c37313 | c36749,1.0,1
germanquad,q37732,c37731,c37731 | c37361 | c38836 | c41527 | c41606 | c38210 | c38590 | c37576 | c41447 | c37252,1.0,1
germanquad,q37733,c37731,c37731 | c37862 | c40389 | c41369 | c42127 | c41105 | c37495 | c37475 | c38297 | c37419,1.0,1
germanquad,q37734,c37731,c37731 | c41369 | c37862 | c37419 | c41153 | c38537 | c37303 | c38297 | c42127 | c38470,1.0,1
germanquad,q37735,c37731,c37731 | c37442 | c38006 | c36774 | c44138 | c40312 | c36811 | c36794 | c38783 | c38590,1.0,1
germanquad,q37737,c37731,c41296 | c37731 | c36724 | c38002 | c36754 | c38219 | c36860 | c37383 | c37303 | c37624,2.0,2
germanquad,q37738,c37731,c37731 | c41153 | c37084 | c36724 | c42107 | c38284 | c36548 | c37207 | c36572 | c36722,1.0,1
germanquad,q37739,c37731,c38189 | c38131 | c36581 | c36602 | c38290 | c37596 | c41347 | c41382 | c38263 | c36784,,44
germanquad,q37744,c37731,c37731 | c41171 | c41448 | c41193 | c36724 | c36811 | c40477 | c41584 | c37667 | c38482,1.0,1
germanquad,q37749,c37731,c37731 | c37330 | c36984 | c38482 | c36724 | c41067 | c38712 | c42127 | c36581 | c36767,1.0,1
germanquad,q38332,c38332,c41594 | c36848 | c37407 | c38332 | c41584 | c37365 | c38467 | c37210 | c38006 | c37403,4.0,4
germanquad,q38333,c38332,c41594 | c38332 | c36718 | c41090 | c40436 | c41142 | c41731 | c41396 | c41536 | c36704,2.0,2
germanquad,q38334,c38332,c38332 | c40571 | c37671 | c36602 | c41108 | c38004 | c38263 | c40543 | c38273 | c38290,1.0,1
germanquad,q38335,c38332,c38332 | c41347 | c41442 | c37393 | c37502 | c41111 | c38467 | c40498 | c38470 | c40520,1.0,1
germanquad,q38336,c38332,c38332 | c37035 | c41235 | c38202 | c38609 | c41500 | c41413 | c41125 | c40369 | c44038,1.0,1
germanquad,q38337,c38332,c38332 | c36718 | c41594 | c42127 | c41731 | c37475 | c41535 | c37419 | c38297 | c41523,1.0,1
germanquad,q38520,c38520,c38520 | c42112 | c41442 | c41512 | c38835 | c40315 | c37711 | c37596 | c38590 | c38125,1.0,1
germanquad,q38521,c38520,c38520 | c42112 | c41442 | c38073 | c36794 | c41161 | c37862 | c36598 | c41606 | c41205,1.0,1
germanquad,q38529,c38520,c38520 | c36769 | c37192 | c37237 | c38798 | c37209 | c40543 | c37576 | c36791 | c36596,1.0,1
germanquad,q38531,c38520,c38520 | c41442 | c42112 | c37192 | c36596 | c37322 | c36769 | c37576 | c37569 | c37256,1.0,1
germanquad,q38533,c38520,c38520 | c42112 | c41442 | c37869 | c40471 | c38063 | c41304 | c41360 | c41391 | c41369,1.0,1
germanquad,q38568,c38568,c38568 | c38189 | c41290 | c41192 | c37529 | c36688 | c41304 | c41108 | c37509 | c38537,1.0,1
germanquad,q38569,c38568,c38568 | c41211 | c41523 | c38762 | c41108 | c37379 | c36860 | c40512 | c36733 | c41611,1.0,1
germanquad,q38571,c38568,c38568 | c41611 | c38601 | c37711 | c38122 | c37224 | c36558 | c36811 | c41366 | c40407,1.0,1
germanquad,q38572,c38568,c38568 | c41611 | c37711 | c41211 | c41523 | c38631 | c44016 | c36558 | c37509 | c37170,1.0,1
germanquad,q38573,c38568,c38568 | c37379 | c36598 | c44127 | c38146 | c41523 | c41599 | c36811 | c38475 | c38513,1.0,1
germanquad,q38574,c38568,c38568 | c41211 | c38762 | c41369 | c40407 | c44127 | c41611 | c38631 | c41540 | c36558,1.0,1
germanquad,q38575,c38568,c38568 | c41108 | c37379 | c41211 | c36733 | c41611 | c40407 | c38631 | c41049 | c41235,1.0,1
germanquad,q38576,c38568,c38568 | c37580 | c40407 | c41211 | c41165 | c37379 | c41611 | c36733 | c38590 | c41108,1.0,1
germanquad,q38577,c38568,c38568 | c41599 | c36816 | c37379 | c41611 | c40407 | c44127 | c37003 | c37055 | c37403,1.0,1
germanquad,q38613,c38613,c41111 | c38613 | c41401 | c41339 | c38282 | c41267 | c41161 | c41766 | c36598 | c41205,2.0,2
germanquad,q38614,c38613,c38613 | c41111 | c41401 | c38189 | c41422 | c45264 | c41678 | c41197 | c36803 | c41267,1.0,1
germanquad,q38615,c38613,c41401 | c38613 | c41111 | c40389 | c37475 | c41731 | c42127 | c41105 | c36718 | c38297,2.0,2
germanquad,q38616,c38613,c38613 | c41111 | c41401 | c41339 | c38189 | c38282 | c41267 | c41766 | c45264 | c41678,1.0,1
germanquad,q38618,c38613,c41401 | c41111 | c41156 | c37084 | c38613 | c41160 | c38247 | c41142 | c45635 | c38332,5.0,5
germanquad,q37671,c37671,c37671 | c37488 | c37346 | c38189 | c41500 | c36558 | c36548 | c36572 | c41205 | c36736,1.0,1
germanquad,q37672,c37671,c37671 | c37346 | c37488 | c41386 | c37777 | c40483 | c41500 | c40389 | c41205 | c36572,1.0,1
germanquad,q37673,c37671,c37671 | c37319 | c37346 | c37488 | c41527 | c36423 | c37659 | c36974 | c38263 | c36860,1.0,1
germanquad,q37675,c37671,c37671 | c37247 | c36602 | c40315 | c37596 | c42107 | c41555 | c41351 | c44115 | c37502,1.0,1
germanquad,q37678,c37671,c37671 | c37488 | c37346 | c41500 | c41205 | c41386 | c40540 | c41599 | c37777 | c41153,1.0,1
germanquad,q37682,c37671,c37671 | c37488 | c37346 | c37247 | c41369 | c36548 | c42107 | c41382 | c40315 | c37596,1.0,1
germanquad,q37683,c37671,c37671 | c41193 | c41386 | c38180 | c41412 | c41401 | c38471 | c41343 | c45264 | c38293,1.0,1
germanquad,q37686,c37671,c37671 | c41193 | c41401 | c41412 | c38471 | c37419 | c41343 | c41386 | c37170 | c38273,1.0,1
germanquad,q37691,c37671,c37671 | c37488 | c38798 | c37346 | c38077 | c41356 | c41343 | c37419 | c36693 | c38097,1.0,1
germanquad,q37700,c37671,c37671 | c37488 | c38210 | c37346 | c42123 | c41171 | c37270 | c41500 | c36736 | c40543,1.0,1
germanquad,q37702,c37671,c37671 | c41161 | c41356 | c41169 | c37488 | c41528 | c37197 | c37346 | c37475 | c36674,1.0,1
germanquad,q37704,c37671,c37671 | c37346 | c37488 | c40389 | c40483 | c40512 | c37618 | c36548 | c37419 | c41192,1.0,1
germanquad,q38338,c38338,c38037 | c38338 | c38073 | c36794 | c41161 | c37862 | c36598 | c41606 | c41205 | c38513,2.0,2
germanquad,q38339,c38338,c38338 | c41105 | c37324 | c36572 | c38194 | c37207 | c38077 | c38073 | c41465 | c38206,1.0,1
germanquad,q38340,c38338,c38338 | c38786 | c37247 | c36602 | c41111 | c40315 | c37596 | c42107 | c41412 | c41401,1.0,1
germanquad,q38341,c38338,c38338 | c38037 | c41369 | c36774 | c40470 | c40311 | c41156 | c37379 | c41115 | c37252,1.0,1
germanquad,q38342,c38338,c38037 | c38338 | c36774 | c36981 | c36541 | c37192 | c37667 | c41339 | c45624 | c36764,2.0,2
germanquad,q38343,c38338,c38037 | c38338 | c37357 | c41266 | c38482 | c37055 | c37393 | c37529 | c41413 | c36752,2.0,2
germanquad,q38534,c38534,c38534 | c37247 | c41049 | c38482 | c37263 | c42107 | c36722 | c41148 | c37502 | c37025,1.0,1
germanquad,q38535,c38534,c38534 | c37252 | c38836 | c37403 | c37319 | c36848 | c41115 | c38546 | c37256 | c36749,1.0,1
germanquad,q38536,c38534,c38534 | c38189 | c36699 | c41678 | c45264 | c38087 | c41062 | c37569 | c40389 | c40483,1.0,1
germanquad,q38540,c38534,c38534 | c41382 | c41435 | c38004 | c41152 | c37407 | c42107 | c37756 | c36860 | c38284,1.0,1
germanquad,q41078,c41078,c41078 | c38297 | c37446 | c36812 | c41142 | c44026 | c41138 | c36764 | c36428 | c37272,1.0,1
germanquad,q41079,c41078,c41078 | c38297 | c36812 | c36729 | c40219 | c44026 | c40395 | c41142 | c41413 | c41606,1.0,1
germanquad,q41231,c41231,c41231 | c38469 | c37390 | c37361 | c37319 | c41296 | c36729 | c37055 | c41179 | c41160,1.0,1
germanquad,q41232,c41231,c41231 | c37624 | c36665 | c40389 | c36674 | c41192 | c38297 | c38273 | c41105 | c37419,1.0,1
germanquad,q41233,c41231,c41363 | c41231 | c40369 | c41090 | c37389 | c41599 | c40219 | c37393 | c44122 | c36816,2.0,2
germanquad,q41234,c41231,c41231 | c37390 | c41153 | c38590 | c36551 | c36853 | c37035 | c41448 | c38122 | c37428,1.0,1
germanquad,q40564,c40564,c40564 | c37437 | c38273 | c37498 | c38037 | c36581 | c40223 | c38281 | c37264 | c41205,1.0,1
germanquad,q40565,c40564,c40564 | c37247 | c36602 | c40315 | c37596 | c42107 | c40223 | c41555 | c41351 | c44115,1.0,1
germanquad,q40566,c40564,c40564 | c40223 | c41133 | c38037 | c41413 | c37869 | c37437 | c41478 | c38189 | c38475,1.0,1
germanquad,q40567,c40564,c40564 | c45661 | c40223 | c38037 | c38475 | c38579 | c37437 | c38273 | c38552 | c41105,1.0,1
germanquad,q40568,c40564,c37365 | c40564 | c37777 | c44008 | c41734 | c36642 | c45264 | c38478 | c38467 | c36816,2.0,2
germanquad,q40569,c40564,c40564 | c41314 | c36428 | c38467 | c38326 | c38037 | c40223 | c40448 | c37437 | c38475,1.0,1
germanquad,q38631,c38631,c38631 | c36665 | c38189 | c40423 | c37298 | c38284 | c37671 | c37099 | c36423 | c41108,1.0,1
germanquad,q38632,c38631,c38631 | c37298 | c44127 | c38189 | c40411 | c37475 | c36665 | c37018 | c38284 | c38073,1.0,1
germanquad,q38633,c38631,c44127 | c38631 | c38284 | c36423 | c38037 | c38233 | c37419 | c37365 | c45648 | c38467,2.0,2
germanquad,q38634,c38631,c38631 | c44127 | c40411 | c38568 | c40407 | c41611 | c41523 | c37298 | c37407 | c38467,1.0,1
germanquad,q38635,c38631,c38631 | c38467 | c40411 | c44127 | c37298 | c41347 | c38314 | c37170 | c36428 | c37509,1.0,1
germanquad,q38636,c38631,c40389 | c38631 | c42127 | c41105 | c37475 | c38297 | c37419 | c36718 | c36602 | c41731,2.0,2
germanquad,q38637,c38631,c38631 | c44127 | c37298 | c40411 | c37046 | c37084 | c37558 | c38189 | c36665 | c44019,1.0,1
germanquad,q38638,c38631,c38631 | c37084 | c37248 | c40411 | c37270 | c37393 | c36558 | c44127 | c40543 | c38590,1.0,1
germanquad,q38639,c38631,c38631 | c40411 | c44127 | c37277 | c41200 | c38000 | c42123 | c36423 | c37298 | c36674,1.0,1
germanquad,q38640,c38631,c38189 | c38631 | c45264 | c36572 | c41678 | c40224 | c37393 | c36816 | c36642 | c37517,2.0,2
germanquad,q38684,c38631,c38631 | c44127 | c37428 | c40411 | c36665 | c36847 | c36572 | c37003 | c42095 | c38381,1.0,1
germanquad,q38685,c38631,c38631 | c36665 | c44127 | c40411 | c37298 | c41309 | c38189 | c38242 | c37428 | c41356,1.0,1
germanquad,q41080,c41080,c40462 | c41179 | c41080 | c36674 | c37862 | c37618 | c37252 | c38189 | c41171 | c40389,3.0,3
germanquad,q41081,c41080,c41080 | c37688 | c38842 | c41731 | c41360 | c38146 | c37209 | c44097 | c40470 | c36602,1.0,1
germanquad,q41083,c41080,c41080 | c37688 | c38146 | c38471 | c40376 | c38122 | c37263 | c41766 | c38842 | c41403,1.0,1
germanquad,q41084,c41080,c38842 | c36606 | c38004 | c40571 | c40470 | c38520 | c41108 | c36774 | c44097 | c38024,,41
germanquad,q41085,c41080,c41080 | c37756 | c38242 | c37442 | c41536 | c36722 | c41468 | c38590 | c38320 | c44045,1.0,1
germanquad,q41086,c41080,c41080 | c37667 | c41062 | c41171 | c37688 | c41468 | c37756 | c41364 | c41606 | c36774,1.0,1
germanquad,q41088,c41080,c38798 | c38590 | c37313 | c40219 | c40372 | c36548 | c38305 | c40397 | c40380 | c38258,,164
germanquad,q41089,c41080,c38590 | c37106 | c38210 | c38258 | c37756 | c36594 | c36699 | c38835 | c41734 | c42107,,22
germanquad,q41235,c41235,c41555 | c41235 | c37517 | c40380 | c38467 | c41344 | c41611 | c37615 | c40483 | c38762,2.0,2
germanquad,q41236,c41235,c41555 | c41235 | c41142 | c37580 | c41611 | c36774 | c41413 | c36541 | c45624 | c38568,2.0,2
germanquad,q41237,c41235,c41235 | c40380 | c41555 | c40483 | c37517 | c36774 | c38631 | c38467 | c41611 | c41344,1.0,1
germanquad,q41238,c41235,c41235 | c40483 | c41555 | c36749 | c41394 | c36860 | c37484 | c40380 | c41540 | c38194,1.0,1
germanquad,q41422,c41422,c38783 | c45624 | c38177 | c38320 | c45642 | c38227 | c37517 | c37046 | c41555 | c41351,,22
germanquad,q41423,c41422,c37394 | c41193 | c41138 | c41422 | c41090 | c41360 | c41351 | c38469 | c45264 | c38210,4.0,4
germanquad,q41424,c41422,c41422 | c37884 | c38628 | c41344 | c41447 | c37338 | c37100 | c41343 | c41279 | c36665,1.0,1
germanquad,q41425,c41422,c37407 | c37576 | c41138 | c41165 | c44127 | c41422 | c38474 | c37517 | c36541 | c42112,6.0,6
germanquad,q41426,c41422,c41422 | c44127 | c37517 | c38590 | c41160 | c42123 | c37195 | c41556 | c38210 | c38240,1.0,1
germanquad,q41427,c41422,c41422 | c44127 | c40312 | c41277 | c37270 | c41138 | c38590 | c42123 | c37576 | c40543,1.0,1
germanquad,q41428,c41422,c41422 | c44127 | c41138 | c41535 | c38467 | c40223 | c41279 | c40407 | c37576 | c36796,1.0,1
germanquad,q41429,c41422,c41422 | c37517 | c44127 | c41138 | c41165 | c38467 | c38189 | c41468 | c40223 | c45642,1.0,1
germanquad,q41430,c41422,c41422 | c44127 | c41138 | c38284 | c37407 | c41165 | c41347 | c38281 | c40407 | c41235,1.0,1
germanquad,q41431,c41422,c41422 | c44127 | c41496 | c40223 | c38590 | c42095 | c41356 | c37270 | c41489 | c36736,1.0,1
germanquad,q41433,c41422,c41422 | c44127 | c36814 | c38546 | c38284 | c37446 | c38478 | c40223 | c41356 | c37403,1.0,1
germanquad,q41434,c41422,c41422 | c41734 | c37517 | c41447 | c41448 | c44127 | c40223 | c41523 | c38613 | c41160,1.0,1
germanquad,q41474,c41474,c41474 | c37322 | c36596 | c37680 | c42095 | c38273 | c41058 | c41179 | c40543 | c38590,1.0,1
germanquad,q41475,c41474,c41474 | c36596 | c41090 | c38273 | c37322 | c41179 | c37303 | c41058 | c41153 | c37419,1.0,1
germanquad,q41476,c41474,c37322 | c41474 | c36596 | c41058 | c37680 | c41179 | c38273 | c38189 | c42095 | c38478,2.0,2
germanquad,q41481,c41474,c41474 | c41058 | c36596 | c37322 | c41413 | c41179 | c41404 | c38202 | c38273 | c38590,1.0,1
germanquad,q41483,c41474,c41474 | c37322 | c40520 | c38552 | c41349 | c37680 | c41161 | c36596 | c41058 | c37502,1.0,1
germanquad,q41484,c41474,c41474 | c37322 | c40511 | c36596 | c37680 | c41584 | c41058 | c41125 | c38273 | c42095,1.0,1
germanquad,q41485,c41474,c41474 | c38273 | c36596 | c41179 | c41058 | c37322 | c36704 | c37680 | c42095 | c40579,1.0,1
germanquad,q41486,c41474,c37680 | c37322 | c41474 | c40236 | c41179 | c41058 | c41171 | c36591 | c41059 | c41404,3.0,3
germanquad,q41555,c41555,c37437 | c41555 | c38467 | c40543 | c36674 | c41351 | c41205 | c36704 | c37197 | c40236,2.0,2
germanquad,q41551,c41555,c41555 | c37517 | c42123 | c41363 | c36722 | c41364 | c41351 | c36754 | c36847 | c41142,1.0,1
germanquad,q41553,c41555,c41555 | c45624 | c41142 | c38783 | c38094 | c41351 | c36674 | c41360 | c45264 | c41523,1.0,1
germanquad,q41554,c41555,c41555 | c37437 | c41351 | c41360 | c41125 | c44045 | c36984 | c41142 | c41339 | c36774,1.0,1
germanquad,q41277,c41277,c41090 | c41451 | c42123 | c41193 | c41611 | c41277 | c41584 | c44138 | c37541 | c38552,6.0,6
germanquad,q41278,c41277,c41277 | c41090 | c36754 | c37541 | c41062 | c37659 | c41474 | c41584 | c41523 | c40389,1.0,1
germanquad,q41628,c41277,c38227 | c41142 | c37033 | c38122 | c38297 | c37203 | c37442 | c36853 | c38000 | c41176,,404
germanquad,q41629,c41277,c38004 | c41277 | c38227 | c38297 | c37475 | c41731 | c37419 | c36428 | c41153 | c41142,2.0,2
germanquad,q41630,c41277,c38188 | c41277 | c38590 | c38842 | c36764 | c41474 | c44138 | c38210 | c40376 | c41536,2.0,2
germanquad,q41631,c41277,c41277 | c38202 | c37419 | c37335 | c37282 | c37475 | c40389 | c40224 | c36674 | c41731,1.0,1
germanquad,q41632,c41277,c42127 | c41731 | c37419 | c37475 | c41153 | c41105 | c38297 | c41523 | c36602 | c37541,,11
germanquad,q41678,c41678,c41678 | c36796 | c38475 | c36816 | c36764 | c36791 | c36642 | c44016 | c40407 | c37264,1.0,1
germanquad,q41685,c41678,c41678 | c38475 | c42095 | c41200 | c37361 | c41133 | c37389 | c36796 | c41364 | c36642,1.0,1
germanquad,q41687,c41678,c41678 | c40311 | c36674 | c41192 | c41133 | c41540 | c36811 | c37209 | c38063 | c42112,1.0,1
germanquad,q41692,c41678,c41678 | c36796 | c40407 | c38475 | c41200 | c36709 | c36791 | c36811 | c36764 | c37509,1.0,1
germanquad,q41693,c41678,c41678 | c41478 | c38467 | c42095 | c38475 | c41611 | c38297 | c36423 | c37389 | c37475,1.0,1
germanquad,q41696,c41678,c41678 | c37419 | c38534 | c36602 | c41133 | c41142 | c38475 | c40311 | c38381 | c42095,1.0,1
germanquad,q41700,c41678,c41678 | c42095 | c38475 | c40423 | c36665 | c37475 | c36428 | c38290 | c38467 | c38206,1.0,1
germanquad,q41707,c41678,c41678 | c37884 | c38189 | c41290 | c36796 | c37326 | c36709 | c41179 | c41111 | c41200,1.0,1
germanquad,q41712,c41678,c41678 | c41360 | c36699 | c38471 | c36728 | c37264 | c37392 | c41133 | c37383 | c40407,1.0,1
germanquad,q41715,c41678,c41678 | c38475 | c36572 | c41200 | c36796 | c41192 | c37361 | c36709 | c37248 | c37475,1.0,1
germanquad,q41718,c41678,c41678 | c37203 | c38475 | c36728 | c37248 | c41766 | c41344 | c40498 | c42095 | c38332,1.0,1
germanquad,q41719,c41678,c41678 | c41192 | c37475 | c37361 | c37596 | c37392 | c37389 | c41119 | c42095 | c40311,1.0,1
germanquad,q41720,c41678,c41165 | c38314 | c38475 | c36796 | c40467 | c42112 | c42095 | c41678 | c40411 | c37407,8.0,8
germanquad,q41731,c41731,c41731 | c42123 | c41148 | c37517 | c40389 | c38297 | c38284 | c41527 | c41142 | c38467,1.0,1
germanquad,q41732,c41731,c42123 | c41731 | c41148 | c38590 | c41474 | c38836 | c41536 | c41527 | c40543 | c41192,2.0,2
germanquad,q41733,c41731,c41731 | c41148 | c37659 | c38122 | c38835 | c36794 | c38061 | c38273 | c42123 | c38601,1.0,1
germanquad,q42123,c42123,c42123 | c41179 | c37488 | c38469 | c38189 | c41517 | c40511 | c38263 | c41171 | c40223,1.0,1
germanquad,q42124,c42123,c42123 | c41138 | c37035 | c38470 | c36718 | c41153 | c36602 | c37541 | c38712 | c38297,1.0,1
germanquad,q41267,c41267,c41267 | c38273 | c40512 | c41153 | c38156 | c38628 | c38520 | c36428 | c41465 | c40579,1.0,1
germanquad,q41268,c41267,c41267 | c37569 | c40511 | c38189 | c45264 | c41105 | c40579 | c37379 | c40571 | c41343,1.0,1
germanquad,q41269,c41267,c41267 | c38467 | c38326 | c45264 | c41309 | c36848 | c40571 | c41347 | c41343 | c37365,1.0,1
germanquad,q41271,c41267,c41267 | c38273 | c40512 | c41474 | c40579 | c38037 | c41153 | c38189 | c37024 | c41422,1.0,1
germanquad,q41272,c41267,c41267 | c38273 | c40512 | c41153 | c41347 | c37393 | c41171 | c36674 | c40369 | c37055,1.0,1
germanquad,q41273,c41267,c41267 | c37024 | c38590 | c38478 | c41115 | c40571 | c38037 | c40543 | c37270 | c38273,1.0,1
germanquad,q41274,c41267,c41267 | c38273 | c37035 | c41153 | c45264 | c44138 | c42123 | c41138 | c40512 | c41351,1.0,1
germanquad,q41275,c41267,c41267 | c38273 | c40512 | c38590 | c36423 | c45264 | c40498 | c41386 | c40543 | c38210,1.0,1
germanquad,q41276,c41267,c41267 | c36423 | c40512 | c41119 | c37379 | c37170 | c41161 | c38273 | c41474 | c42095,1.0,1
germanquad,q41304,c41304,c37498 | c41304 | c36752 | c36860 | c37475 | c37671 | c37209 | c38210 | c41528 | c41611,2.0,2
germanquad,q41305,c41304,c36752 | c37175 | c41304 | c36784 | c38194 | c38206 | c38045 | c41153 | c41058 | c37756,3.0,3
germanquad,q41306,c41304,c41304 | c41290 | c38189 | c38537 | c40579 | c37731 | c45264 | c36736 | c40498 | c41422,1.0,1
germanquad,q41308,c41304,c41304 | c36752 | c41062 | c41205 | c38297 | c38194 | c40543 | c40236 | c41404 | c38146,1.0,1
germanquad,q41339,c41339,c37264 | c41339 | c40483 | c38631 | c38146 | c41156 | c40380 | c38206 | c41766 | c36774,2.0,2
germanquad,q41340,c41339,c37109 | c37264 | c38089 | c41369 | c38146 | c41339 | c36860 | c40483 | c37348 | c38835,6.0,6
germanquad,q41341,c41339,c41339 | c40483 | c37264 | c38146 | c36764 | c41205 | c38089 | c36789 | c36674 | c38194,1.0,1
germanquad,q41445,c41445,c41445 | c38188 | c38590 | c38545 | c37208 | c37407 | c41413 | c38125 | c38480 | c38210,1.0,1
germanquad,q41314,c41314,c41314 | c41523 | c41153 | c37777 | c37392 | c41133 | c41447 | c41386 | c41062 | c41500,1.0,1
germanquad,q41315,c41314,c41314 | c40448 | c41133 | c36428 | c41489 | c37025 | c41540 | c36709 | c36769 | c37488,1.0,1
germanquad,q41316,c41314,c41314 | c38189 | c41267 | c41304 | c38552 | c45264 | c41678 | c41197 | c36803 | c37346,1.0,1
germanquad,q41317,c41314,c41314 | c36419 | c36423 | c36428 | c36538 | c36541 | c36548 | c36551 | c36553 | c36558,1.0,1
germanquad,q41319,c41314,c41314 | c37379 | c36860 | c41239 | c36727 | c41363 | c41152 | c37303 | c42109 | c36606,1.0,1
germanquad,q41318,c41314,c37247 | c42107 | c40315 | c37596 | c36591 | c44115 | c41314 | c41555 | c36758 | c41266,7.0,7
germanquad,q41320,c41314,c41314 | c38189 | c40483 | c41037 | c38087 | c38835 | c41179 | c40498 | c37272 | c38077,1.0,1
germanquad,q41321,c41314,c41314 | c40448 | c41171 | c40543 | c37569 | c36423 | c41133 | c36428 | c41364 | c37055,1.0,1
germanquad,q41451,c41451,c41451 | c41177 | c38624 | c37319 | c41394 | c38247 | c40511 | c41125 | c37498 | c38326,1.0,1
germanquad,q41453,c41451,c41451 | c41177 | c38624 | c37319 | c41394 | c38210 | c38590 | c41536 | c41153 | c38073,1.0,1
germanquad,q41496,c41496,c41496 | c36693 | c38798 | c44026 | c37197 | c37237 | c38189 | c36541 | c40571 | c36688,1.0,1
germanquad,q41498,c41496,c41496 | c37569 | c41090 | c36974 | c37197 | c41343 | c37055 | c41347 | c36674 | c41062,1.0,1
germanquad,q41499,c41496,c41496 | c37197 | c36693 | c38798 | c37237 | c38194 | c44026 | c41403 | c37268 | c36774,1.0,1
germanquad,q41501,c41496,c41496 | c36693 | c44026 | c38798 | c37237 | c41403 | c37197 | c37195 | c38241 | c41386,1.0,1
germanquad,q41502,c41496,c41496 | c44026 | c41401 | c41386 | c37270 | c36722 | c37263 | c36811 | c41366 | c40236,1.0,1
germanquad,q41504,c41496,c41496 | c37777 | c41734 | c40543 | c41401 | c38590 | c37248 | c41447 | c36796 | c37398,1.0,1
germanquad,q41506,c41496,c41496 | c37237 | c36693 | c37197 | c38798 | c44026 | c38189 | c37365 | c38537 | c41108,1.0,1
germanquad,q41507,c41496,c41496 | c37197 | c38798 | c37237 | c44026 | c41304 | c36674 | c36794 | c37192 | c38631,1.0,1
germanquad,q41556,c41556,c41556 | c38189 | c37407 | c38006 | c40564 | c41165 | c37203 | c44104 | c45264 | c37106,1.0,1
germanquad,q41557,c41556,c41556 | c40236 | c36596 | c36769 | c38520 | c41171 | c41160 | c41422 | c40543 | c36791,1.0,1
germanquad,q41558,c41556,c41556 | c41115 | c38835 | c41442 | c36754 | c41382 | c37446 | c38284 | c41584 | c36860,1.0,1
germanquad,q41560,c41556,c41556 | c41138 | c38284 | c41153 | c38590 | c38836 | c40236 | c37442 | c41059 | c41171,1.0,1
germanquad,q41561,c41556,c41556 | c38284 | c38791 | c41731 | c41160 | c40470 | c40236 | c36674 | c37618 | c42123,1.0,1
germanquad,q41562,c41556,c41556 | c41171 | c38836 | c37203 | c38590 | c37185 | c41059 | c41404 | c40236 | c38552,1.0,1
germanquad,q41563,c41556,c41556 | c37185 | c37084 | c37403 | c37046 | c37099 | c37203 | c38631 | c38791 | c37558,1.0,1
germanquad,q41564,c41556,c41556 | c41448 | c41179 | c41171 | c41133 | c44127 | c41447 | c40564 | c41165 | c37407,1.0,1
germanquad,q41565,c41556,c41556 | c41179 | c37407 | c40543 | c41386 | c41347 | c40407 | c41165 | c37393 | c41171,1.0,1
germanquad,q41566,c41556,c41556 | c42127 | c40236 | c37475 | c41105 | c37419 | c41160 | c41153 | c41523 | c38297,1.0,1
germanquad,q41567,c41556,c41556 | c41171 | c37272 | c36816 | c38488 | c36764 | c41133 | c41179 | c36598 | c41349,1.0,1
germanquad,q41568,c41556,c41556 | c41448 | c37282 | c36591 | c41731 | c41171 | c37731 | c41179 | c37618 | c41156,1.0,1
germanquad,q41569,c41556,c41133 | c36811 | c37195 | c40236 | c41556 | c40223 | c36736 | c42095 | c37003 | c41678,5.0,5
germanquad,q41570,c41556,c41556 | c38590 | c42095 | c40543 | c40311 | c38210 | c44123 | c37003 | c38281 | c38478,1.0,1
germanquad,q44016,c44016,c42095 | c36423 | c37576 | c36796 | c44016 | c37777 | c41678 | c37003 | c36736 | c37394,5.0,5
germanquad,q44017,c44016,c42095 | c44016 | c36428 | c36736 | c36423 | c37871 | c38475 | c37348 | c37394 | c37576,2.0,2
germanquad,q44018,c44016,c44016 | c42095 | c41153 | c36423 | c40411 | c41478 | c41279 | c36736 | c37338 | c38045,1.0,1
germanquad,q41322,c41322,c41322 | c41536 | c37756 | c37346 | c38305 | c37488 | c41105 | c37426 | c36859 | c38290,1.0,1
germanquad,q41323,c41322,c41322 | c41536 | c37756 | c36859 | c40462 | c38305 | c37346 | c37488 | c42127 | c38290,1.0,1
germanquad,q41324,c41322,c41322 | c41536 | c37756 | c38305 | c42127 | c38290 | c37475 | c41105 | c37419 | c41153,1.0,1
germanquad,q41325,c41322,c41322 | c38305 | c37756 | c41536 | c37357 | c44123 | c38553 | c40312 | c38290 | c38482,1.0,1
germanquad,q41326,c41322,c41322 | c41536 | c38305 | c36859 | c37756 | c37264 | c40462 | c38037 | c38097 | c44123,1.0,1
germanquad,q41327,c41322,c41322 | c41536 | c38290 | c36859 | c40315 | c37644 | c40462 | c37756 | c36642 | c38305,1.0,1
germanquad,q41329,c41322,c41322 | c41536 | c40462 | c36859 | c37756 | c37615 | c38290 | c40543 | c41161 | c36781,1.0,1
germanquad,q41330,c41322,c41322 | c41536 | c36859 | c40462 | c41369 | c38168 | c37756 | c38290 | c36642 | c37644,1.0,1
germanquad,q41331,c41322,c41322 | c41536 | c36859 | c40462 | c38189 | c38305 | c37711 | c38290 | c38835 | c37756,1.0,1
germanquad,q41442,c41442,c41442 | c41037 | c38520 | c42112 | c38002 | c41349 | c38590 | c38545 | c37756 | c38000,1.0,1
germanquad,q41443,c41442,c41442 | c38520 | c42112 | c37247 | c42107 | c36722 | c37263 | c40315 | c41148 | c41555,1.0,1
germanquad,q41444,c41442,c41442 | c38520 | c42112 | c38189 | c44123 | c38806 | c36611 | c40543 | c38290 | c41152,1.0,1
germanquad,q41465,c41465,c41465 | c37282 | c37197 | c38189 | c41169 | c37777 | c36816 | c37346 | c36541 | c36847,1.0,1
germanquad,q41454,c41465,c37282 | c38189 | c37025 | c36847 | c38268 | c36816 | c36638 | c38579 | c36594 | c41366,,42
germanquad,q41455,c41465,c37282 | c44008 | c41153 | c37330 | c40369 | c40423 | c41349 | c41219 | c37379 | c37878,,58
germanquad,q41460,c41465,c41465 | c37282 | c37272 | c38073 | c38601 | c37446 | c41037 | c36791 | c38189 | c38310,1.0,1
germanquad,q41461,c41465,c41465 | c38590 | c41296 | c37034 | c40405 | c38180 | c36847 | c41080 | c40236 | c36860,1.0,1
germanquad,q41462,c41465,c41153 | c37419 | c41465 | c38537 | c37303 | c42127 | c38297 | c41523 | c37484 | c38470,3.0,3
germanquad,q41463,c41465,c37099 | c41465 | c38466 | c40397 | c41489 | c36551 | c41447 | c40504 | c41606 | c41231,2.0,2
germanquad,q41464,c41465,c41465 | c36611 | c40376 | c38141 | c36812 | c41528 | c41344 | c41403 | c42127 | c37268,1.0,1
germanquad,q41466,c41465,c41465 | c37282 | c37197 | c41169 | c36816 | c37270 | c45657 | c37025 | c38537 | c41496,1.0,1
germanquad,q41467,c41465,c37197 | c37282 | c38631 | c41465 | c41496 | c37346 | c41169 | c38783 | c38049 | c38786,4.0,4
germanquad,q41517,c41517,c41517 | c44127 | c38284 | c40223 | c38534 | c38546 | c41422 | c36752 | c37403 | c38478,1.0,1
germanquad,q41509,c41517,c41517 | c45648 | c38189 | c37731 | c45264 | c37498 | c38546 | c41171 | c40498 | c37502,1.0,1
germanquad,q41510,c41517,c41517 | c45648 | c37731 | c37034 | c38381 | c41422 | c38482 | c41447 | c38122 | c37046,1.0,1
germanquad,q41511,c41517,c38210 | c36611 | c37407 | c38590 | c37338 | c42123 | c41606 | c37256 | c36553 | c40498,,37
germanquad,q41518,c41517,c41517 | c41153 | c37659 | c37442 | c38590 | c45648 | c36860 | c40535 | c37731 | c38537,1.0,1
germanquad,q41513,c41517,c41517 | c37731 | c45648 | c41267 | c40511 | c37502 | c36774 | c38552 | c37615 | c41364,1.0,1
germanquad,q41515,c41517,c44008 | c38344 | c36860 | c38156 | c37310 | c38131 | c45642 | c41211 | c36859 | c37282,,21
germanquad,q41516,c41517,c41517 | c45648 | c37475 | c40389 | c40224 | c36674 | c42127 | c41731 | c37419 | c41192,1.0,1
germanquad,q41514,c41517,c38836 | c41153 | c41142 | c36602 | c38816 | c36774 | c37442 | c37407 | c36811 | c38206,,145
germanquad,q41519,c41517,c41517 | c41403 | c38783 | c38122 | c38381 | c41766 | c37442 | c38307 | c41369 | c37862,1.0,1
germanquad,q41520,c41517,c41517 | c41138 | c36762 | c40519 | c40389 | c37884 | c41165 | c36704 | c41142 | c36674,1.0,1
germanquad,q41522,c41517,c41517 | c41153 | c37442 | c37224 | c37659 | c37208 | c40369 | c44019 | c37644 | c37353,1.0,1
germanquad,q41594,c41594,c41594 | c38332 | c38189 | c41584 | c41090 | c45264 | c41678 | c41406 | c41058 | c41033,1.0,1
germanquad,q41592,c41594,c41594 | c38332 | c37475 | c41731 | c38297 | c37419 | c41153 | c42127 | c41105 | c36602,1.0,1
germanquad,q41593,c41594,c41594 | c38332 | c36718 | c41584 | c36419 | c41090 | c36428 | c37393 | c37379 | c38783,1.0,1
germanquad,q41595,c41594,c41594 | c38332 | c37209 | c41535 | c36848 | c38310 | c37237 | c37303 | c36860 | c41152,1.0,1
germanquad,q41596,c41594,c41594 | c38332 | c41090 | c41422 | c38513 | c37596 | c38122 | c41171 | c40219 | c41413,1.0,1
germanquad,q41597,c41594,c41594 | c38332 | c41584 | c36419 | c40477 | c41090 | c37313 | c36674 | c38381 | c41193,1.0,1
germanquad,q44019,c44019,c44019 | c38263 | c40571 | c41161 | c41090 | c37324 | c41734 | c41386 | c45264 | c37398,1.0,1
germanquad,q44020,c44019,c44019 | c36816 | c41347 | c38247 | c41734 | c37365 | c37403 | c38326 | c37303 | c37393,1.0,1
germanquad,q44021,c44019,c44019 | c38247 | c41347 | c37680 | c41468 | c37495 | c37361 | c38469 | c37389 | c45661,1.0,1
germanquad,q44022,c44019,c44019 | c38560 | c38247 | c45661 | c38467 | c37419 | c38326 | c41347 | c41734 | c37393,1.0,1
germanquad,q44023,c44019,c44019 | c41160 | c40397 | c41447 | c38837 | c37655 | c41435 | c36548 | c40224 | c36642,1.0,1
germanquad,q44024,c44019,c44019 | c37361 | c40369 | c38475 | c38247 | c41210 | c40219 | c38004 | c40511 | c37046,1.0,1
germanquad,q44025,c44019,c44019 | c38247 | c37680 | c37509 | c36803 | c38180 | c37003 | c36428 | c41611 | c41523,1.0,1
germanquad,q44127,c44127,c44127 | c38546 | c38284 | c40223 | c41517 | c38478 | c40411 | c38534 | c41422 | c37403,1.0,1
germanquad,q44128,c44127,c44127 | c38546 | c38284 | c40223 | c41517 | c38478 | c40411 | c38534 | c41422 | c38631,1.0,1
germanquad,q44129,c44127,c44127 | c37348 | c40407 | c37303 | c38281 | c41351 | c37392 | c37517 | c38240 | c37248,1.0,1
germanquad,q44130,c44127,c37348 | c37428 | c38189 | c44127 | c41351 | c37392 | c40448 | c41169 | c40512 | c41161,4.0,4
germanquad,q44132,c44127,c44127 | c38631 | c40411 | c38284 | c36665 | c41474 | c41165 | c41161 | c37298 | c40223,1.0,1
germanquad,q44134,c44127,c44127 | c40411 | c38631 | c36789 | c41447 | c36553 | c36665 | c37018 | c37379 | c38836,1.0,1
germanquad,q44136,c44127,c44127 | c40411 | c37517 | c40407 | c37298 | c36665 | c38281 | c41138 | c38189 | c38284,1.0,1
germanquad,q44135,c44127,c44127 | c37393 | c38631 | c40411 | c37298 | c36665 | c38037 | c36693 | c38798 | c41037,1.0,1
germanquad,q44137,c44127,c44127 | c40471 | c37517 | c38281 | c38189 | c37576 | c40223 | c38546 | c41165 | c37407,1.0,1
germanquad,q44140,c44127,c44127 | c38284 | c41138 | c42112 | c40411 | c36764 | c41369 | c41165 | c36733 | c37475,1.0,1
germanquad,q44141,c44127,c44127 | c37392 | c38552 | c41356 | c37446 | c38537 | c38762 | c36596 | c40483 | c38282,1.0,1
germanquad,q44142,c44127,c44127 | c41356 | c37446 | c37392 | c36814 | c41165 | c41422 | c41347 | c38326 | c37393,1.0,1
germanquad,q41468,c41468,c37484 | c38206 | c41468 | c38482 | c37493 | c37237 | c36591 | c37419 | c38537 | c38553,3.0,3
germanquad,q41469,c41468,c41468 | c36674 | c36796 | c36428 | c38006 | c41611 | c41599 | c37248 | c40511 | c38537,1.0,1
germanquad,q41470,c41468,c40411 | c38326 | c41468 | c37379 | c37484 | c41211 | c37493 | c36665 | c38206 | c38006,3.0,3
germanquad,q41471,c41468,c41468 | c37237 | c38537 | c41211 | c37493 | c37484 | c44123 | c38156 | c41442 | c41339,1.0,1
germanquad,q41472,c41468,c41468 | c38202 | c37498 | c37493 | c41360 | c36428 | c36859 | c37217 | c36674 | c41523,1.0,1
germanquad,q41473,c41468,c41138 | c41142 | c38006 | c36541 | c41401 | c45624 | c38537 | c36674 | c36704 | c36774,,19
germanquad,q41523,c41523,c38241 | c37398 | c41523 | c41386 | c41766 | c41156 | c37777 | c38314 | c41343 | c37419,3.0,3
germanquad,q41524,c41523,c41386 | c41523 | c38273 | c41267 | c36784 | c40389 | c42127 | c38297 | c37475 | c37419,2.0,2
germanquad,q41525,c41523,c41386 | c41523 | c38241 | c41296 | c37777 | c44123 | c36642 | c41267 | c36784 | c38273,2.0,2
germanquad,q41544,c41523,c41523 | c41386 | c37385 | c40512 | c42095 | c38057 | c38273 | c45264 | c38284 | c37046,1.0,1
germanquad,q41545,c41523,c41523 | c41386 | c40512 | c38241 | c38057 | c37385 | c42095 | c37862 | c38233 | c41536,1.0,1
germanquad,q41546,c41523,c41523 | c44026 | c40389 | c37475 | c41731 | c42127 | c38297 | c36718 | c41105 | c37419,1.0,1
germanquad,q41547,c41523,c41523 | c42095 | c37018 | c41179 | c40571 | c42109 | c36794 | c40423 | c41356 | c38381,1.0,1
germanquad,q41548,c41523,c41523 | c41386 | c42095 | c38057 | c40512 | c37385 | c41356 | c36428 | c36642 | c36606,1.0,1
germanquad,q41549,c41523,c41386 | c41267 | c41556 | c41523 | c41037 | c38122 | c37346 | c41447 | c41403 | c36642,4.0,4
germanquad,q41550,c41523,c41523 | c41386 | c38057 | c41161 | c40448 | c41192 | c37385 | c41356 | c36428 | c40512,1.0,1
germanquad,q41584,c41584,c41584 | c40389 | c37475 | c41731 | c40579 | c42127 | c38297 | c36718 | c41105 | c37419,1.0,1
germanquad,q41571,c41584,c41584 | c41309 | c36665 | c40532 | c38475 | c37475 | c38631 | c40389 | c41731 | c42127,1.0,1
germanquad,q41572,c41584,c41584 | c36784 | c37365 | c38467 | c41599 | c36749 | c41734 | c38060 | c38783 | c38552,1.0,1
germanquad,q41573,c41584,c37247 | c41599 | c36581 | c36781 | c41766 | c38381 | c38783 | c41584 | c41403 | c37442,8.0,8
germanquad,q41574,c41584,c41584 | c41599 | c36674 | c40389 | c36718 | c37419 | c38273 | c41523 | c38297 | c37475,1.0,1
germanquad,q41575,c41584,c41584 | c44138 | c44115 | c37711 | c38560 | c38004 | c36709 | c42107 | c41193 | c36572,1.0,1
germanquad,q41576,c41584,c41584 | c36709 | c40369 | c42107 | c41594 | c36665 | c37475 | c38560 | c38273 | c36674,1.0,1
germanquad,q41578,c41584,c41584 | c41523 | c44123 | c41296 | c40477 | c37777 | c36642 | c37379 | c41599 | c38273,1.0,1
germanquad,q41580,c41584,c41584 | c36704 | c38189 | c41731 | c37541 | c38310 | c41225 | c41142 | c38273 | c37671,1.0,1
germanquad,q41581,c41584,c41584 | c41536 | c38590 | c37210 | c42123 | c37403 | c37270 | c41138 | c37495 | c41366,1.0,1
germanquad,q41582,c41584,c41584 | c36602 | c41594 | c41142 | c41344 | c44115 | c41468 | c38835 | c41062 | c40477,1.0,1
germanquad,q41583,c41584,c41584 | c38553 | c36558 | c37365 | c41500 | c41211 | c40448 | c41734 | c41347 | c38467,1.0,1
germanquad,q41586,c41584,c41584 | c38552 | c37035 | c38590 | c38206 | c38314 | c41153 | c41176 | c41448 | c38194,1.0,1
germanquad,q41587,c41584,c38553 | c41584 | c38297 | c42123 | c38552 | c38314 | c37871 | c40405 | c44019 | c36816,2.0,2
germanquad,q41588,c41584,c41584 | c40477 | c41447 | c38002 | c41108 | c38631 | c45264 | c40579 | c41678 | c38189,1.0,1
germanquad,q41589,c41584,c41584 | c41171 | c36548 | c37886 | c41447 | c37428 | c38180 | c44019 | c38320 | c38122,1.0,1
germanquad,q41591,c41584,c41584 | c41179 | c37426 | c38189 | c40483 | c38281 | c37018 | c38087 | c41037 | c36699,1.0,1
germanquad,q44122,c44122,c37558 | c44122 | c38553 | c37175 | c38816 | c38836 | c37496 | c37389 | c40520 | c41090,2.0,2
germanquad,q44121,c44122,c44122 | c37558 | c38471 | c40376 | c38273 | c41062 | c37263 | c36781 | c42107 | c37644,1.0,1
germanquad,q44124,c44122,c44122 | c38553 | c37558 | c38590 | c41277 | c38210 | c36754 | c41465 | c41296 | c41447,1.0,1
germanquad,q44125,c44122,c44122 | c38553 | c37558 | c37383 | c37722 | c38482 | c37175 | c38122 | c40436 | c38590,1.0,1
germanquad,q41766,c41766,c41766 | c40543 | c40224 | c36762 | c41266 | c41192 | c41540 | c37298 | c37509 | c37488,1.0,1
germanquad,q41770,c41766,c41766 | c38537 | c36816 | c36572 | c41267 | c38125 | c41161 | c37170 | c41049 | c38077,1.0,1
germanquad,q41772,c41766,c41766 | c40543 | c38786 | c37330 | c41171 | c40311 | c37777 | c36816 | c37003 | c38125,1.0,1
germanquad,q41774,c41766,c41766 | c40543 | c38798 | c38467 | c41678 | c41188 | c40224 | c38480 | c38206 | c37197,1.0,1
germanquad,q41779,c41766,c41766 | c40543 | c41678 | c37055 | c38219 | c38006 | c38210 | c37502 | c37671 | c38467,1.0,1
germanquad,q41782,c41766,c41766 | c40543 | c41386 | c40236 | c41343 | c41193 | c38314 | c38471 | c38206 | c37035,1.0,1
germanquad,q41787,c41766,c41766 | c38590 | c37175 | c40372 | c41412 | c41193 | c41343 | c42123 | c38471 | c38241,1.0,1
germanquad,q44015,c41766,c41766 | c40543 | c36803 | c38206 | c41442 | c41349 | c41171 | c41211 | c41339 | c37035,1.0,1
germanquad,q36611,c36611,c36611 | c38553 | c40436 | c40540 | c41349 | c37756 | c41152 | c41442 | c36984 | c41678,1.0,1
germanquad,q36612,c36611,c36611 | c40219 | c37175 | c38307 | c37520 | c37722 | c41219 | c37419 | c38122 | c38613,1.0,1
germanquad,q36613,c36611,c36611 | c40219 | c36591 | c38307 | c44097 | c44104 | c41067 | c36860 | c37282 | c41125,1.0,1
germanquad,q36608,c36611,c36611 | c38590 | c40219 | c41067 | c36718 | c42127 | c38206 | c36581 | c41584 | c41153,1.0,1
germanquad,q36609,c36611,c36611 | c40219 | c42127 | c41304 | c36581 | c41731 | c38482 | c37392 | c36674 | c37475,1.0,1
germanquad,q36610,c36611,c36611 | c37175 | c40540 | c38553 | c38590 | c42123 | c37270 | c38210 | c40543 | c41536,1.0,1
germanquad,q36796,c36796,c36796 | c41678 | c37248 | c41138 | c37878 | c37270 | c37393 | c45636 | c36709 | c36423,1.0,1
germanquad,q36797,c36796,c41678 | c36709 | c36796 | c36423 | c41401 | c37777 | c37270 | c37576 | c41496 | c42095,3.0,3
germanquad,q36578,c36796,c36796 | c37326 | c38189 | c40311 | c41111 | c41478 | c38273 | c40411 | c42095 | c41678,1.0,1
germanquad,q36579,c36796,c36796 | c42112 | c41165 | c37576 | c42095 | c36423 | c41138 | c38281 | c36736 | c41533,1.0,1
germanquad,q36580,c36796,c36796 | c41678 | c41138 | c42112 | c41468 | c37248 | c38281 | c41192 | c36709 | c41165,1.0,1
germanquad,q37024,c37024,c37024 | c41500 | c38063 | c41523 | c41078 | c41382 | c36848 | c40389 | c41153 | c38798,1.0,1
germanquad,q37027,c37024,c37024 | c41500 | c40511 | c37303 | c37502 | c41474 | c38156 | c44026 | c41406 | c37277,1.0,1
germanquad,q37030,c37024,c37024 | c40369 | c37313 | c41267 | c36596 | c38281 | c40389 | c40407 | c41445 | c41090,1.0,1
germanquad,q37099,c37099,c37099 | c40512 | c38006 | c37348 | c36736 | c41138 | c38579 | c38590 | c41142 | c38546,1.0,1
germanquad,q38146,c38146,c36774 | c40537 | c41235 | c37264 | c36581 | c36860 | c36764 | c38146 | c41339 | c40540,8.0,8
germanquad,q38147,c38146,c38146 | c40483 | c37264 | c38089 | c41339 | c40389 | c41105 | c38297 | c36718 | c36602,1.0,1
germanquad,q38148,c38146,c38146 | c37264 | c40483 | c37394 | c38089 | c41360 | c41339 | c41138 | c40389 | c36860,1.0,1
germanquad,q38150,c38146,c38146 | c40483 | c41339 | c37264 | c36704 | c36860 | c41304 | c38089 | c37280 | c38131,1.0,1
germanquad,q38152,c38146,c40483 | c38146 | c37264 | c41339 | c38089 | c38210 | c41171 | c36674 | c44138 | c37252,2.0,2
germanquad,q38155,c38146,c38146 | c38089 | c40483 | c37264 | c41339 | c38842 | c38045 | c41413 | c41540 | c38534,1.0,1
germanquad,q44045,c44045,c44045 | c37475 | c36718 | c37419 | c40389 | c42127 | c37618 | c41523 | c38297 | c41153,1.0,1
germanquad,q44046,c44045,c44045 | c42123 | c41363 | c36722 | c41364 | c36754 | c36847 | c41142 | c37403 | c42107,1.0,1
germanquad,q44099,c44045,c42127 | c38297 | c41523 | c41731 | c37419 | c41153 | c36602 | c36718 | c37475 | c41105,,177
germanquad,q44101,c44045,c36754 | c41391 | c44045 | c37711 | c42127 | c37644 | c36581 | c40543 | c36860 | c38798,3.0,3
germanquad,q44103,c44045,c44045 | c38470 | c38189 | c45264 | c41165 | c41413 | c37324 | c41535 | c38037 | c38263,1.0,1
germanquad,q44105,c44045,c44045 | c38553 | c38836 | c41206 | c41090 | c37353 | c38977 | c37100 | c41606 | c37711,1.0,1
germanquad,q44106,c44045,c44045 | c40219 | c37270 | c42123 | c41474 | c37502 | c38816 | c37520 | c37869 | c38590,1.0,1
germanquad,q44107,c44045,c44045 | c37100 | c41584 | c41606 | c41115 | c41090 | c37353 | c37711 | c37326 | c40470,1.0,1
germanquad,q44108,c44045,c44045 | c41090 | c38836 | c36718 | c37878 | c41396 | c38553 | c40579 | c38077 | c41115,1.0,1
germanquad,q44109,c44045,c44045 | c37209 | c36718 | c38061 | c38188 | c36794 | c38568 | c37383 | c41153 | c41105,1.0,1
germanquad,q44112,c44045,c44045 | c37270 | c42123 | c38590 | c38210 | c38816 | c41277 | c41049 | c38836 | c41406,1.0,1
germanquad,q44116,c44045,c44045 | c41080 | c38188 | c38061 | c36581 | c41176 | c41478 | c36784 | c41448 | c41153,1.0,1
germanquad,q44117,c44045,c37319 | c38836 | c37252 | c41115 | c44045 | c37403 | c36853 | c38546 | c37227 | c40389,5.0,5
germanquad,q44119,c44045,c38189 | c44045 | c37475 | c40389 | c41731 | c42127 | c36674 | c40224 | c38247 | c37419,2.0,2
germanquad,q36594,c36594,c36594 | c41366 | c37878 | c40236 | c41059 | c41363 | c37871 | c38381 | c37003 | c36558,1.0,1
germanquad,q36595,c36594,c36594 | c37003 | c40311 | c36693 | c41200 | c37209 | c38467 | c37878 | c41179 | c41161,1.0,1
germanquad,q36816,c36816,c36816 | c36551 | c41412 | c38189 | c40483 | c42109 | c38087 | c41037 | c41314 | c41179,1.0,1
germanquad,q36821,c36816,c36816 | c36551 | c41412 | c38467 | c37055 | c37393 | c42109 | c37338 | c41356 | c38326,1.0,1
germanquad,q36822,c36816,c36816 | c36551 | c41412 | c40483 | c42109 | c38087 | c38835 | c41179 | c41037 | c41314,1.0,1
germanquad,q36823,c36816,c36816 | c36551 | c41412 | c44019 | c37393 | c38467 | c41347 | c37303 | c42109 | c38326,1.0,1
germanquad,q36824,c36816,c36816 | c41412 | c38467 | c36551 | c41734 | c37197 | c40512 | c38836 | c38326 | c38281,1.0,1
germanquad,q36825,c36816,c36816 | c41412 | c38241 | c36551 | c40512 | c37659 | c37192 | c41108 | c38537 | c41599,1.0,1
germanquad,q36826,c36816,c36816 | c36551 | c41412 | c42109 | c38189 | c41138 | c37207 | c37106 | c41528 | c41366,1.0,1
germanquad,q36828,c36816,c36816 | c41412 | c41161 | c36551 | c38097 | c38125 | c41734 | c37197 | c38189 | c36674,1.0,1
germanquad,q36829,c36816,c36816 | c38125 | c37298 | c36551 | c38488 | c36769 | c38579 | c37385 | c41412 | c37393,1.0,1
germanquad,q36830,c36816,c36816 | c41611 | c36551 | c36674 | c44123 | c40448 | c37777 | c37419 | c38227 | c41401,1.0,1
germanquad,q36831,c36816,c36816 | c36551 | c41412 | c37303 | c42109 | c38467 | c38242 | c41611 | c38470 | c36423,1.0,1
germanquad,q36832,c36816,c36816 | c36551 | c38806 | c41412 | c41496 | c41343 | c41599 | c38467 | c37303 | c41161,1.0,1
germanquad,q36833,c36816,c36816 | c41412 | c36551 | c37558 | c42109 | c38189 | c40520 | c36736 | c41535 | c38210,1.0,1
germanquad,q36834,c36816,c36816 | c41412 | c38467 | c36551 | c40389 | c41496 | c36538 | c37303 | c37346 | c41556,1.0,1
germanquad,q36835,c36816,c36816 | c38125 | c38326 | c38488 | c36551 | c41766 | c37488 | c38467 | c37680 | c38786,1.0,1
germanquad,q36836,c36816,c36816 | c41599 | c37055 | c41314 | c44038 | c41277 | c37272 | c38475 | c37277 | c37484,1.0,1
germanquad,q36837,c36816,c36816 | c38467 | c38579 | c38000 | c37393 | c41468 | c36688 | c41556 | c37361 | c41349,1.0,1
germanquad,q36838,c36816,c36816 | c36551 | c41412 | c38057 | c42109 | c37280 | c38467 | c44104 | c37365 | c38326,1.0,1
germanquad,q37034,c37034,c37034 | c37383 | c38247 | c38624 | c41394 | c37361 | c37624 | c36754 | c41296 | c37319,1.0,1
germanquad,q37036,c37034,c37034 | c41394 | c37383 | c38624 | c37624 | c38247 | c41153 | c37319 | c36853 | c38590,1.0,1
germanquad,q37039,c37034,c37034 | c38624 | c37383 | c41394 | c38247 | c36984 | c37624 | c37330 | c41062 | c41403,1.0,1
germanquad,q37041,c37034,c37034 | c41078 | c38045 | c45657 | c41142 | c38344 | c38469 | c40504 | c44115 | c38624,1.0,1
germanquad,q37044,c37034,c37034 | c37357 | c41304 | c38470 | c37209 | c38097 | c38467 | c38284 | c41279 | c38332,1.0,1
germanquad,q37045,c37034,c37034 | c37365 | c41078 | c38326 | c41527 | c37419 | c41153 | c37338 | c37484 | c40579,1.0,1
germanquad,q37046,c37046,c37338 | c36794 | c37326 | c45624 | c41153 | c40543 | c37170 | c37046 | c40462 | c38783,8.0,8
germanquad,q37047,c37046,c37046 | c37338 | c37326 | c36602 | c38467 | c37170 | c41133 | c41584 | c41169 | c37268,1.0,1
germanquad,q37048,c37046,c37046 | c36602 | c41171 | c38097 | c41142 | c42123 | c36553 | c38482 | c36428 | c37871,1.0,1
germanquad,q37049,c37046,c37046 | c44138 | c37338 | c37326 | c37541 | c37330 | c37185 | c38791 | c37496 | c37170,1.0,1
germanquad,q37050,c37046,c37046 | c37326 | c38131 | c37338 | c45624 | c41478 | c37170 | c41766 | c36674 | c37442,1.0,1
germanquad,q37052,c37046,c37046 | c41179 | c38631 | c37084 | c41211 | c40236 | c36811 | c37185 | c38045 | c37248,1.0,1
germanquad,q37655,c37655,c37655 | c37667 | c38783 | c37227 | c40312 | c37247 | c37282 | c40519 | c36722 | c38816,1.0,1
germanquad,q37657,c37655,c37655 | c37256 | c38590 | c38268 | c38210 | c41138 | c41536 | c41277 | c38835 | c37270,1.0,1
germanquad,q37658,c37655,c37655 | c41105 | c45642 | c37361 | c41403 | c37407 | c36541 | c36789 | c37442 | c41386,1.0,1
germanquad,q37660,c37655,c37655 | c37667 | c45642 | c38122 | c36541 | c37361 | c41403 | c37407 | c36859 | c37442,1.0,1
germanquad,q37663,c37655,c37655 | c41339 | c38590 | c41058 | c41555 | c42123 | c37280 | c37869 | c37688 | c38470,1.0,1
germanquad,q38087,c38087,c38087 | c41179 | c41517 | c38579 | c37442 | c45624 | c40236 | c41734 | c38552 | c38210,1.0,1
germanquad,q38088,c38087,c38087 | c41179 | c42123 | c37272 | c41037 | c37756 | c37256 | c40315 | c40389 | c38131,1.0,1
germanquad,q37721,c38087,c38087 | c41179 | c37569 | c38478 | c37310 | c37197 | c37484 | c38194 | c41152 | c37437,1.0,1
germanquad,q38141,c38141,c38141 | c36606 | c40376 | c41528 | c36812 | c41344 | c37475 | c36611 | c42127 | c36674,1.0,1
germanquad,q38273,c38273,c38189 | c38273 | c36758 | c36423 | c40389 | c37170 | c41474 | c38552 | c41192 | c36428,2.0,2
germanquad,q38274,c38273,c38273 | c45264 | c37192 | c40571 | c40236 | c37326 | c38568 | c41197 | c38057 | c37498,1.0,1
germanquad,q38275,c38273,c38273 | c45264 | c37192 | c40571 | c38057 | c40448 | c36789 | c40512 | c37437 | c41344,1.0,1
germanquad,q38276,c38273,c38273 | c45264 | c40571 | c38326 | c37192 | c41401 | c38478 | c38057 | c41474 | c36704,1.0,1
germanquad,q38278,c38273,c38273 | c45264 | c40571 | c38057 | c37192 | c44045 | c38189 | c38332 | c38210 | c37256,1.0,1
germanquad,q38279,c38273,c38273 | c38057 | c40571 | c45264 | c37192 | c36596 | c36693 | c38381 | c37324 | c40477,1.0,1
germanquad,q38280,c38273,c45264 | c38273 | c37192 | c40571 | c38469 | c37016 | c38131 | c36794 | c40236 | c36847,2.0,2
germanquad,q38783,c38783,c38783 | c45624 | c41555 | c45642 | c37330 | c38310 | c37034 | c38467 | c37618 | c37237,1.0,1
germanquad,q38785,c38783,c38783 | c41555 | c45642 | c41351 | c41517 | c45624 | c37442 | c37217 | c38381 | c37252,1.0,1
germanquad,q38077,c38077,c38077 | c36688 | c41403 | c41413 | c41090 | c36796 | c38004 | c38842 | c37310 | c41049,1.0,1
germanquad,q38078,c38077,c38077 | c38326 | c37475 | c36674 | c41192 | c37419 | c36718 | c40427 | c42123 | c40389,1.0,1
germanquad,q38079,c38077,c37268 | c38546 | c36749 | c41403 | c41192 | c38077 | c38045 | c37437 | c41033 | c41176,6.0,6
germanquad,q38080,c38077,c40483 | c41314 | c41133 | c38077 | c41165 | c42112 | c36428 | c41037 | c40498 | c37272,4.0,4
germanquad,q38081,c38077,c38590 | c41235 | c41144 | c37475 | c37326 | c37667 | c41556 | c42123 | c37170 | c38004,,92
germanquad,q38082,c38077,c38077 | c40483 | c38087 | c38467 | c41037 | c37365 | c38534 | c41179 | c37272 | c40223,1.0,1
germanquad,q38083,c38077,c38077 | c38326 | c37475 | c36674 | c41192 | c37419 | c36718 | c40427 | c42123 | c40389,1.0,1
germanquad,q38084,c38077,c37046 | c41142 | c36602 | c38791 | c41344 | c41584 | c41179 | c37209 | c40389 | c44097,,36
germanquad,q38085,c38077,c37394 | c41447 | c42095 | c44016 | c36974 | c38791 | c41344 | c36548 | c38063 | c40389,,15
germanquad,q38097,c38097,c38097 | c37529 | c41536 | c38590 | c40397 | c44115 | c41277 | c42123 | c37270 | c37711,1.0,1
germanquad,q38098,c38097,c38097 | c36598 | c38470 | c40543 | c38006 | c36803 | c38189 | c40311 | c41156 | c38381,1.0,1
germanquad,q38099,c38097,c38097 | c41343 | c38284 | c37282 | c40369 | c37185 | c37711 | c40477 | c37403 | c40397,1.0,1
germanquad,q38100,c38097,c38097 | c38470 | c38326 | c40397 | c38284 | c44026 | c38467 | c41290 | c37392 | c38290,1.0,1
germanquad,q38101,c38097,c38097 | c38470 | c38189 | c41478 | c37596 | c37446 | c37310 | c38601 | c36718 | c38480,1.0,1
germanquad,q38102,c38097,c38097 | c38470 | c37185 | c38552 | c37711 | c37109 | c38467 | c41343 | c41468 | c40397,1.0,1
germanquad,q38103,c38097,c38097 | c38836 | c38470 | c37671 | c38189 | c38180 | c45264 | c36428 | c40498 | c37379,1.0,1
germanquad,q38104,c38097,c38097 | c38836 | c38470 | c41171 | c45635 | c41536 | c37195 | c41296 | c41153 | c37035,1.0,1
germanquad,q38105,c38097,c38097 | c38470 | c40498 | c40477 | c37667 | c42107 | c36699 | c38073 | c41090 | c37383,1.0,1
germanquad,q38106,c38097,c38097 | c41125 | c38470 | c38836 | c37393 | c40498 | c38467 | c41347 | c38326 | c36591,1.0,1
germanquad,q38107,c38097,c38097 | c38470 | c37711 | c40397 | c36984 | c41391 | c36581 | c37330 | c41536 | c37268,1.0,1
germanquad,q38108,c38097,c37106 | c44045 | c38189 | c37256 | c42095 | c37313 | c41349 | c38097 | c40498 | c45264,8.0,8
germanquad,q38109,c38097,c38470 | c38097 | c38189 | c40411 | c37862 | c38004 | c44045 | c41144 | c41225 | c37264,2.0,2
germanquad,q38110,c38097,c38097 | c37185 | c38189 | c37659 | c37365 | c38601 | c37618 | c40397 | c37025 | c41343,1.0,1
germanquad,q38111,c38097,c38097 | c36602 | c38470 | c37580 | c38381 | c41344 | c41445 | c38467 | c36749 | c41156,1.0,1
germanquad,q38112,c38097,c38097 | c38470 | c44123 | c44127 | c40543 | c41165 | c40411 | c41344 | c42123 | c45264,1.0,1
germanquad,q38113,c38097,c38097 | c36602 | c36764 | c41235 | c37580 | c40397 | c41468 | c37268 | c41290 | c37711,1.0,1
germanquad,q38114,c38097,c38097 | c36581 | c38470 | c41391 | c37264 | c40579 | c37644 | c38798 | c41422 | c37711,1.0,1
germanquad,q38115,c38097,c38097 | c38470 | c40397 | c44127 | c41536 | c41290 | c37195 | c41468 | c41138 | c36789,1.0,1
germanquad,q38116,c38097,c38189 | c38470 | c38097 | c36758 | c37272 | c38073 | c38601 | c37446 | c36791 | c41037,3.0,3
germanquad,q38117,c38097,c38097 | c38470 | c36984 | c36789 | c41422 | c41349 | c41290 | c36764 | c36581 | c37711,1.0,1
germanquad,q38118,c38097,c38097 | c38470 | c36602 | c38310 | c37437 | c36749 | c37442 | c36984 | c37099 | c41512,1.0,1
germanquad,q38119,c38097,c38097 | c36774 | c38194 | c38470 | c40380 | c41142 | c40397 | c37389 | c37558 | c38631,1.0,1
germanquad,q38120,c38097,c38097 | c38194 | c40537 | c41235 | c40380 | c38470 | c36774 | c40397 | c38631 | c40483,1.0,1
germanquad,q38121,c38097,c38097 | c41344 | c38470 | c36754 | c38560 | c38467 | c38297 | c41142 | c37419 | c41555,1.0,1
germanquad,q38281,c38281,c38281 | c41279 | c37576 | c40223 | c37407 | c40407 | c41468 | c38097 | c41165 | c38474,1.0,1
germanquad,q38284,c38284,c38284 | c36727 | c38206 | c41413 | c42109 | c41153 | c38194 | c41468 | c37365 | c41448,1.0,1
germanquad,q38285,c38284,c38284 | c37282 | c41468 | c38097 | c38470 | c41360 | c37209 | c38568 | c38467 | c41133,1.0,1
germanquad,q38286,c38284,c38284 | c41468 | c38537 | c38552 | c36784 | c37035 | c40462 | c37446 | c37217 | c41351,1.0,1
germanquad,q40407,c40407,c40407 | c38004 | c41197 | c37407 | c41344 | c41556 | c41165 | c38816 | c37264 | c37576,1.0,1
germanquad,q40408,c40407,c40407 | c38281 | c38474 | c41468 | c41279 | c40411 | c41125 | c38004 | c41108 | c37407,1.0,1
germanquad,q40411,c40411,c40411 | c37576 | c44127 | c38281 | c40407 | c41366 | c42112 | c37407 | c37106 | c36736,1.0,1
germanquad,q40413,c40411,c40407 | c37407 | c37576 | c38281 | c40411 | c41279 | c37330 | c41165 | c41211 | c44127,5.0,5
germanquad,q40415,c40411,c40411 | c37871 | c40236 | c41133 | c36665 | c38240 | c37576 | c36736 | c36594 | c41366,1.0,1
germanquad,q40416,c40411,c38631 | c38189 | c40411 | c45264 | c41678 | c41058 | c41406 | c41033 | c41267 | c38293,3.0,3
germanquad,q40417,c40411,c40411 | c40477 | c38467 | c44127 | c41165 | c36602 | c41279 | c38631 | c37280 | c45624,1.0,1
germanquad,q40418,c40411,c40411 | c37298 | c40477 | c41279 | c36428 | c41422 | c38631 | c36602 | c45624 | c42123,1.0,1
germanquad,q40419,c40411,c40411 | c41037 | c41108 | c37298 | c36848 | c44127 | c38631 | c41105 | c40369 | c37018,1.0,1
germanquad,q40421,c40411,c40411 | c38631 | c44127 | c37576 | c38281 | c41279 | c40407 | c37407 | c37298 | c37338,1.0,1
germanquad,q37688,c37688,c37100 | c36553 | c37688 | c38131 | c41033 | c38188 | c36760 | c41369 | c38227 | c37106,3.0,3
germanquad,q37689,c37688,c37688 | c37100 | c36553 | c41080 | c38146 | c37862 | c41033 | c38131 | c38122 | c45642,1.0,1
germanquad,q37690,c37688,c37688 | c37100 | c36553 | c38146 | c41080 | c37862 | c41033 | c37252 | c38131 | c37361,1.0,1
germanquad,q37692,c37688,c37688 | c37100 | c36553 | c41033 | c38131 | c37282 | c38227 | c41239 | c38122 | c38146,1.0,1
germanquad,q37693,c37688,c37688 | c41239 | c37282 | c37326 | c38168 | c36572 | c38590 | c37035 | c41153 | c40236,1.0,1
germanquad,q37694,c37688,c37100 | c37688 | c36553 | c41033 | c37365 | c37208 | c38467 | c37580 | c38122 | c38227,2.0,2
germanquad,q37695,c37688,c37688 | c37100 | c36553 | c41033 | c37644 | c38131 | c38513 | c37442 | c40470 | c37247,1.0,1
germanquad,q37696,c37688,c37688 | c37100 | c36553 | c36419 | c41033 | c37862 | c38131 | c37659 | c41205 | c36718,1.0,1
germanquad,q37698,c37688,c36553 | c37688 | c37100 | c41033 | c38131 | c37886 | c37106 | c41062 | c37203 | c37869,2.0,2
germanquad,q37699,c37688,c37688 | c36553 | c37100 | c41033 | c38131 | c38520 | c38470 | c41360 | c36752 | c41344,1.0,1
germanquad,q37701,c37688,c37688 | c36553 | c37100 | c36419 | c41033 | c38131 | c36718 | c37659 | c41205 | c37084,1.0,1
germanquad,q37703,c37688,c37100 | c36553 | c37688 | c38131 | c41033 | c37282 | c38077 | c36794 | c41115 | c38146,3.0,3
germanquad,q37705,c37688,c37688 | c36553 | c37100 | c41080 | c38146 | c38131 | c41033 | c38122 | c45642 | c38073,1.0,1
germanquad,q37706,c37688,c37688 | c38073 | c36553 | c38590 | c38520 | c38470 | c37493 | c41364 | c36860 | c38146,1.0,1
germanquad,q37707,c37688,c37688 | c37100 | c36553 | c41033 | c41731 | c38131 | c41360 | c37106 | c38842 | c38024,1.0,1
germanquad,q37708,c37688,c37688 | c36553 | c37100 | c41033 | c40471 | c38131 | c36816 | c36674 | c37106 | c37394,1.0,1
germanquad,q37709,c37688,c37688 | c37100 | c36553 | c41033 | c38131 | c38258 | c38227 | c41142 | c37484 | c38122,1.0,1
germanquad,q37713,c37688,c37688 | c38836 | c37252 | c36784 | c38049 | c41536 | c38258 | c38609 | c37055 | c37862,1.0,1
germanquad,q37714,c37688,c37688 | c37100 | c36553 | c41033 | c38131 | c38258 | c38227 | c38798 | c38122 | c36816,1.0,1
germanquad,q37716,c37688,c37688 | c36419 | c36794 | c38631 | c40389 | c37419 | c37475 | c41523 | c37618 | c37393,1.0,1
germanquad,q37718,c37688,c37688 | c38258 | c40448 | c37100 | c38057 | c38227 | c36848 | c36553 | c41033 | c38146,1.0,1
germanquad,q37720,c37688,c36553 | c37688 | c37100 | c41033 | c36860 | c38131 | c36791 | c38210 | c38842 | c41304,2.0,2
germanquad,q38131,c38131,c38791 | c36812 | c38131 | c41344 | c42127 | c36722 | c40389 | c44097 | c41512 | c38247,3.0,3
germanquad,q38132,c38131,c38131 | c36602 | c37580 | c37256 | c41344 | c36749 | c36784 | c41090 | c38063 | c38381,1.0,1
germanquad,q38133,c38131,c38131 | c37264 | c37256 | c38122 | c36974 | c38488 | c41766 | c37207 | c38783 | c41403,1.0,1
germanquad,q38134,c38131,c38131 | c38189 | c40397 | c37596 | c41382 | c41347 | c36853 | c44138 | c37256 | c37383,1.0,1
germanquad,q38135,c38131,c38131 | c38024 | c37256 | c37389 | c37403 | c41766 | c38783 | c37442 | c38122 | c41403,1.0,1
germanquad,q38136,c38131,c38131 | c38189 | c40397 | c37596 | c41382 | c41347 | c36853 | c44138 | c37256 | c37383,1.0,1
germanquad,q38137,c38131,c38131 | c38002 | c37383 | c38712 | c37256 | c36754 | c41296 | c38590 | c38297 | c41153,1.0,1
germanquad,q38138,c38131,c38131 | c41067 | c41364 | c37727 | c42127 | c36591 | c36812 | c41133 | c37256 | c36848,1.0,1
germanquad,q38139,c38131,c38131 | c36752 | c41351 | c41148 | c41153 | c37217 | c37256 | c37756 | c41304 | c42123,1.0,1
germanquad,q38140,c38131,c38131 | c41067 | c37727 | c38590 | c44097 | c41171 | c38002 | c41133 | c41382 | c40372,1.0,1
germanquad,q38219,c38219,c41206 | c38219 | c36794 | c38077 | c41148 | c37282 | c41153 | c41176 | c41211 | c36853,2.0,2
germanquad,q38221,c38219,c38219 | c38290 | c41119 | c37644 | c41153 | c41766 | c42127 | c41403 | c41731 | c37419,1.0,1
germanquad,q38223,c38219,c38219 | c38061 | c44038 | c40389 | c38835 | c37475 | c41731 | c42127 | c41105 | c38552,1.0,1
germanquad,q38241,c38241,c38241 | c41403 | c40219 | c38045 | c41142 | c36749 | c37419 | c40407 | c36811 | c40236,1.0,1
germanquad,q38243,c38241,c38241 | c37398 | c44026 | c41049 | c38293 | c41386 | c41153 | c41523 | c37170 | c38471,1.0,1
germanquad,q38244,c38241,c38241 | c38326 | c37475 | c36674 | c41192 | c37419 | c36718 | c40427 | c42123 | c40389,1.0,1
germanquad,q38245,c38241,c38241 | c37398 | c44026 | c37365 | c41386 | c38326 | c38467 | c38314 | c41523 | c41412,1.0,1
germanquad,q38246,c38241,c38241 | c37398 | c44026 | c41386 | c38314 | c41523 | c38478 | c38783 | c37419 | c41119,1.0,1
germanquad,q38314,c38314,c38314 | c37046 | c36572 | c37671 | c42127 | c41731 | c37338 | c38273 | c37392 | c36674,1.0,1
germanquad,q38315,c38314,c38314 | c40543 | c37272 | c40467 | c36791 | c38590 | c37756 | c38000 | c37869 | c41536,1.0,1
germanquad,q38316,c38314,c38314 | c38004 | c41279 | c36860 | c37207 | c36794 | c38307 | c37407 | c37862 | c37541,1.0,1
germanquad,q38317,c38314,c38314 | c37541 | c41193 | c38227 | c41731 | c37475 | c38297 | c37419 | c42127 | c41153,1.0,1
germanquad,q38318,c38314,c38314 | c37541 | c41193 | c41211 | c36774 | c38227 | c40462 | c36674 | c37475 | c37419,1.0,1
germanquad,q41148,c41148,c41148 | c41731 | c36762 | c41396 | c41445 | c37256 | c41105 | c38188 | c38609 | c41119,1.0,1
germanquad,q41149,c41148,c41148 | c38835 | c42123 | c38087 | c41731 | c38288 | c41536 | c36729 | c37756 | c41527,1.0,1
germanquad,q41156,c41156,c41156 | c40579 | c41205 | c38579 | c37379 | c37862 | c36774 | c36733 | c36847 | c38520,1.0,1
germanquad,q41157,c41156,c41156 | c36848 | c40498 | c40369 | c41037 | c38004 | c40571 | c38552 | c38073 | c41536,1.0,1
germanquad,q41158,c41156,c41156 | c41179 | c38590 | c40512 | c40236 | c37517 | c37237 | c41584 | c41161 | c37878,1.0,1
germanquad,q41159,c41156,c41156 | c38189 | c38194 | c37493 | c38482 | c36774 | c40511 | c36718 | c41219 | c38835,1.0,1
germanquad,q38094,c38094,c38094 | c41394 | c37263 | c37484 | c36762 | c41142 | c36722 | c40380 | c37475 | c37084,1.0,1
germanquad,q38095,c38094,c38094 | c37084 | c37484 | c36762 | c41394 | c40312 | c37264 | c36722 | c37263 | c41413,1.0,1
germanquad,q38156,c38156,c36774 | c37055 | c38297 | c38156 | c36581 | c41489 | c38520 | c38513 | c37502 | c38470,4.0,4
germanquad,q38157,c38156,c38156 | c36774 | c37055 | c38037 | c38297 | c40511 | c45624 | c40423 | c40471 | c41067,1.0,1
germanquad,q38159,c38156,c38156 | c37055 | c36774 | c40511 | c38037 | c38297 | c38513 | c36642 | c45624 | c41153,1.0,1
germanquad,q38160,c38156,c38156 | c36774 | c38297 | c37055 | c37502 | c38037 | c40511 | c38470 | c36642 | c38467,1.0,1
germanquad,q38163,c38156,c37055 | c36774 | c38297 | c38156 | c38520 | c40471 | c41489 | c38513 | c37502 | c37862,4.0,4
germanquad,q38165,c38156,c38297 | c37055 | c36774 | c37280 | c38156 | c40511 | c40471 | c38513 | c41489 | c37502,5.0,5
germanquad,q38166,c38156,c36774 | c38156 | c37055 | c38297 | c41396 | c38470 | c38320 | c41489 | c37502 | c38073,2.0,2
germanquad,q38180,c38180,c38180 | c38219 | c38290 | c38189 | c45264 | c37016 | c41766 | c40311 | c40448 | c37106,1.0,1
germanquad,q38181,c38180,c38180 | c41734 | c37106 | c38326 | c40311 | c37379 | c40448 | c37365 | c40579 | c41347,1.0,1
germanquad,q38182,c38180,c38180 | c41766 | c44123 | c40543 | c38122 | c40315 | c38210 | c38467 | c37055 | c37428,1.0,1
germanquad,q38240,c38240,c38240 | c40223 | c38189 | c40483 | c38478 | c38537 | c41037 | c36665 | c41314 | c41496,1.0,1
germanquad,q38258,c38258,c38258 | c38168 | c37862 | c41192 | c36794 | c38381 | c38798 | c37282 | c36541 | c41304,1.0,1
germanquad,q38259,c38258,c38258 | c37862 | c41192 | c36794 | c36674 | c41304 | c38579 | c37348 | c38798 | c41171,1.0,1
germanquad,q38261,c38258,c36752 | c37688 | c38520 | c41360 | c41678 | c41413 | c41344 | c36791 | c38470 | c36704,,193
germanquad,q38262,c38258,c38258 | c37495 | c37862 | c42107 | c36722 | c44115 | c36602 | c41555 | c41148 | c37502,1.0,1
germanquad,q38762,c38762,c38762 | c38282 | c38537 | c36596 | c40483 | c41165 | c44127 | c41279 | c38613 | c36602,1.0,1
germanquad,q38764,c38762,c38762 | c37319 | c38077 | c38381 | c38534 | c41059 | c41468 | c37252 | c41366 | c41536,1.0,1
germanquad,q38767,c38762,c38762 | c41165 | c38534 | c38189 | c38077 | c37884 | c42107 | c41369 | c36558 | c37338,1.0,1
germanquad,q38770,c38762,c38762 | c36596 | c36553 | c38835 | c41279 | c38077 | c38534 | c38552 | c38488 | c41165,1.0,1
germanquad,q38772,c38762,c36596 | c38762 | c40483 | c38552 | c38537 | c41360 | c38282 | c41442 | c38613 | c41279,2.0,2
germanquad,q38773,c38762,c38762 | c38552 | c38537 | c40483 | c41360 | c38282 | c36596 | c41442 | c38613 | c41279,1.0,1
germanquad,q38775,c38762,c38762 | c38552 | c37170 | c38537 | c40483 | c41360 | c38282 | c36596 | c41442 | c38613,1.0,1
germanquad,q38777,c38762,c38762 | c37659 | c36596 | c37272 | c38045 | c36736 | c37268 | c42112 | c41179 | c36423,1.0,1
germanquad,q38779,c38762,c38762 | c38194 | c36596 | c40483 | c37407 | c41536 | c38590 | c38089 | c37264 | c37484,1.0,1
germanquad,q38780,c38762,c36596 | c38762 | c37207 | c38601 | c38381 | c37264 | c38798 | c38122 | c41142 | c37324,2.0,2
germanquad,q41142,c41142,c41142 | c41347 | c41138 | c37268 | c41734 | c41536 | c36736 | c38467 | c42112 | c36764,1.0,1
germanquad,q41143,c41142,c38783 | c36423 | c41142 | c37034 | c45624 | c41290 | c37210 | c36699 | c36754 | c37263,3.0,3
germanquad,q38089,c38089,c38089 | c40483 | c37264 | c41339 | c38146 | c38842 | c37365 | c41413 | c41404 | c36674,1.0,1
germanquad,q38090,c38089,c40483 | c38089 | c37264 | c38146 | c38520 | c36764 | c41062 | c37109 | c42127 | c37055,2.0,2
germanquad,q38092,c38089,c40483 | c37264 | c38146 | c38049 | c37256 | c41062 | c38073 | c41171 | c37667 | c38089,10.0,10
germanquad,q38093,c38089,c38089 | c40483 | c37264 | c38146 | c41489 | c41339 | c36754 | c41219 | c41403 | c38049,1.0,1
germanquad,q38247,c38247,c38247 | c38624 | c41394 | c37383 | c37034 | c37618 | c36642 | c41078 | c40380 | c37624,1.0,1
germanquad,q38248,c38247,c38247 | c37383 | c38624 | c41394 | c41078 | c37034 | c41364 | c38590 | c37252 | c41451,1.0,1
germanquad,q38249,c38247,c38624 | c41394 | c37383 | c38247 | c37569 | c37034 | c40504 | c40380 | c38073 | c37419,4.0,4
germanquad,q38250,c38247,c38247 | c38624 | c37383 | c41394 | c37034 | c37624 | c41364 | c37330 | c37756 | c42127,1.0,1
germanquad,q40397,c40397,c40397 | c37185 | c40376 | c36727 | c37232 | c40380 | c36558 | c38842 | c38063 | c41290,1.0,1
germanquad,q40398,c40397,c40397 | c38842 | c37185 | c36558 | c36581 | c38097 | c41536 | c37529 | c40389 | c41188,1.0,1
germanquad,q40399,c40397,c40397 | c40380 | c36581 | c36541 | c38097 | c36558 | c37185 | c41138 | c42107 | c41142,1.0,1
germanquad,q40400,c40397,c40397 | c36581 | c38467 | c37232 | c38024 | c40376 | c36749 | c38077 | c37493 | c37862,1.0,1
germanquad,q40401,c40397,c40397 | c40380 | c37185 | c38842 | c36581 | c40389 | c42127 | c41105 | c37475 | c38297,1.0,1
germanquad,q40402,c40397,c40397 | c40380 | c37185 | c36727 | c41290 | c37268 | c38783 | c41188 | c38474 | c36558,1.0,1
germanquad,q40403,c40397,c40397 | c36558 | c37185 | c38842 | c41536 | c42123 | c36581 | c37270 | c38590 | c38097,1.0,1
germanquad,q40404,c40397,c40397 | c36558 | c37185 | c41188 | c38097 | c38842 | c38467 | c40423 | c37413 | c36789,1.0,1
germanquad,q38263,c38263,c38263 | c41037 | c41033 | c41540 | c41347 | c36598 | c37884 | c36803 | c40311 | c36665,1.0,1
germanquad,q38264,c38263,c38263 | c41540 | c41401 | c41033 | c38273 | c41188 | c36428 | c36674 | c41037 | c37209,1.0,1
germanquad,q38265,c38263,c38263 | c41033 | c37394 | c41037 | c40467 | c41188 | c41413 | c36774 | c41266 | c36794,1.0,1
germanquad,q38266,c38263,c38263 | c41033 | c41037 | c41540 | c37379 | c41188 | c37569 | c41474 | c41105 | c38189,1.0,1
germanquad,q38290,c38290,c38290 | c38293 | c38579 | c44026 | c41406 | c38227 | c36848 | c38242 | c38045 | c41037,1.0,1
germanquad,q38291,c38290,c38290 | c44123 | c36642 | c38806 | c37237 | c40543 | c38189 | c41133 | c41442 | c41125,1.0,1
germanquad,q38292,c38290,c38290 | c38219 | c37247 | c42107 | c37596 | c40315 | c37263 | c37502 | c36722 | c37644,1.0,1
germanquad,q38297,c38297,c37055 | c38297 | c36774 | c41489 | c38156 | c38513 | c37502 | c38077 | c40471 | c37862,2.0,2
germanquad,q38298,c38297,c38297 | c36774 | c37055 | c41489 | c40511 | c38156 | c38513 | c37502 | c38470 | c40471,1.0,1
germanquad,q38300,c38297,c38297 | c36774 | c37055 | c41489 | c38156 | c41062 | c36762 | c37502 | c38513 | c42112,1.0,1
germanquad,q38302,c38297,c38297 | c36774 | c37055 | c38156 | c40471 | c41489 | c38513 | c37862 | c37502 | c37227,1.0,1
germanquad,q38303,c38297,c38297 | c37055 | c36774 | c41489 | c38156 | c38513 | c37502 | c38077 | c38470 | c40471,1.0,1
germanquad,q38304,c38297,c37055 | c36774 | c38297 | c37862 | c38156 | c38189 | c41489 | c37502 | c38513 | c37878,3.0,3
germanquad,q38295,c38297,c38297 | c37055 | c36774 | c38156 | c37502 | c40471 | c41489 | c38513 | c37379 | c41033,1.0,1
germanquad,q38296,c38297,c38297 | c37055 | c36774 | c38156 | c37502 | c40471 | c41489 | c38513 | c37379 | c41033,1.0,1
germanquad,q41138,c41138,c36764 | c41138 | c41179 | c40389 | c41277 | c38297 | c41523 | c37475 | c36718 | c37419,2.0,2
germanquad,q41139,c41138,c45624 | c36764 | c36736 | c38835 | c41142 | c41138 | c38762 | c41366 | c40467 | c42112,6.0,6
germanquad,q41140,c41138,c41138 | c41142 | c41366 | c36764 | c36811 | c37192 | c37615 | c37248 | c41211 | c38045,1.0,1
germanquad,q41152,c41152,c41152 | c36572 | c37203 | c37756 | c36611 | c37319 | c41349 | c38590 | c37034 | c40512,1.0,1
germanquad,q41160,c41160,c42123 | c38344 | c38180 | c41160 | c37403 | c41363 | c36722 | c41364 | c41169 | c36847,4.0,4
germanquad,q38288,c38288,c38288 | c38842 | c37777 | c38089 | c41413 | c41611 | c41142 | c36665 | c37869 | c41148,1.0,1
germanquad,q38289,c38288,c38288 | c37237 | c40423 | c38194 | c41133 | c38206 | c38045 | c41153 | c38290 | c41058,1.0,1
germanquad,q38305,c38305,c38305 | c37756 | c41536 | c38242 | c41448 | c36722 | c38320 | c37442 | c38835 | c41468,1.0,1
germanquad,q38306,c38305,c38305 | c40564 | c38189 | c37502 | c36774 | c36752 | c40315 | c45264 | c37393 | c40471,1.0,1
germanquad,q38310,c38310,c38310 | c38783 | c38601 | c36602 | c37394 | c36789 | c36541 | c40407 | c37210 | c36794,1.0,1
germanquad,q38312,c38310,c38310 | c41731 | c41142 | c37475 | c42127 | c41138 | c42107 | c41165 | c36541 | c37495,1.0,1
germanquad,q38313,c38310,c38310 | c41555 | c45624 | c38783 | c45642 | c41351 | c37475 | c36541 | c41105 | c38786,1.0,1
germanquad,q38806,c38806,c38806 | c41611 | c41161 | c38467 | c41766 | c41442 | c37055 | c38060 | c37346 | c41435,1.0,1
germanquad,q38812,c38806,c38806 | c40315 | c41349 | c41435 | c44123 | c38467 | c37756 | c37886 | c40537 | c38305,1.0,1
germanquad,q38814,c38806,c38806 | c41349 | c41322 | c38305 | c40315 | c38470 | c38097 | c37756 | c44123 | c41435,1.0,1
germanquad,q41179,c41179,c41179 | c41105 | c41382 | c38087 | c37209 | c37419 | c37389 | c41125 | c37268 | c37270,1.0,1
germanquad,q41180,c41179,c41179 | c38087 | c36752 | c38045 | c38835 | c36848 | c38189 | c41142 | c41037 | c37413,1.0,1
germanquad,q41181,c41179,c41179 | c37003 | c38087 | c37084 | c36594 | c40311 | c36419 | c38293 | c40411 | c38006,1.0,1
germanquad,q41182,c41179,c41179 | c38087 | c38467 | c41142 | c37498 | c36752 | c37495 | c41188 | c41678 | c38307,1.0,1
germanquad,q41183,c41179,c41179 | c38087 | c41133 | c37756 | c38077 | c37884 | c40483 | c38045 | c36784 | c42112,1.0,1
germanquad,q41184,c41179,c41179 | c38087 | c37756 | c41037 | c38045 | c37488 | c36704 | c41349 | c36794 | c41138,1.0,1
germanquad,q41185,c41179,c41179 | c38087 | c38077 | c37282 | c37659 | c36752 | c41512 | c36794 | c38045 | c41193,1.0,1
germanquad,q41161,c41161,c41161 | c38712 | c37277 | c38073 | c41105 | c36572 | c41200 | c38631 | c36816 | c37272,1.0,1
germanquad,q41162,c41161,c41161 | c37680 | c36572 | c38189 | c41133 | c41090 | c41536 | c38073 | c38590 | c40219,1.0,1
germanquad,q41163,c41161,c41161 | c38189 | c36758 | c36572 | c37272 | c38553 | c37655 | c38073 | c41188 | c36860,1.0,1
germanquad,q41164,c41161,c41161 | c40477 | c36693 | c37680 | c37003 | c38798 | c41205 | c36803 | c38320 | c37419,1.0,1
germanquad,q41165,c41165,c37324 | c41165 | c38470 | c38467 | c41062 | c42109 | c38077 | c38381 | c38097 | c41339,2.0,2
germanquad,q41166,c41165,c41165 | c41144 | c37580 | c42095 | c37756 | c41152 | c42109 | c36811 | c38568 | c36860,1.0,1
germanquad,q41167,c41165,c41165 | c41211 | c37385 | c40395 | c41037 | c42112 | c36553 | c41364 | c36816 | c37298,1.0,1
germanquad,q38835,c38835,c38835 | c38520 | c41366 | c40540 | c38297 | c36791 | c38310 | c37484 | c45624 | c38210,1.0,1
germanquad,q38831,c38835,c38835 | c41148 | c38601 | c38474 | c37659 | c41413 | c41037 | c37256 | c41188 | c38242,1.0,1
germanquad,q38832,c38835,c38835 | c42123 | c41451 | c37256 | c41536 | c44097 | c41219 | c40389 | c37475 | c42127,1.0,1
germanquad,q38833,c38835,c38835 | c41148 | c41037 | c41279 | c37237 | c41584 | c37346 | c41344 | c37659 | c41386,1.0,1
germanquad,q38834,c38835,c38835 | c37659 | c38189 | c40483 | c41037 | c37237 | c41314 | c41179 | c38087 | c37272,1.0,1
germanquad,q40389,c40389,c40389 | c38816 | c37025 | c41364 | c38467 | c40483 | c38284 | c37437 | c38470 | c37756,1.0,1
germanquad,q40390,c40389,c37025 | c38816 | c40389 | c40312 | c37264 | c41266 | c37197 | c41413 | c41062 | c37192,3.0,3
germanquad,q40392,c40389,c40389 | c36718 | c44104 | c41090 | c38288 | c37580 | c36602 | c41304 | c42095 | c36860,1.0,1
germanquad,q40393,c40389,c40389 | c38816 | c37025 | c37256 | c41138 | c38268 | c38470 | c38467 | c41033 | c38297,1.0,1
germanquad,q40423,c40423,c40423 | c37046 | c40470 | c38786 | c36558 | c37338 | c41523 | c41279 | c40223 | c37298,1.0,1
germanquad,q40424,c40423,c40423 | c37437 | c45264 | c40470 | c38045 | c38314 | c40520 | c41349 | c44038 | c36789,1.0,1
germanquad,q40425,c40423,c40423 | c36674 | c37046 | c37264 | c38613 | c41105 | c41142 | c45264 | c37310 | c38037,1.0,1
germanquad,q40467,c40467,c40467 | c41347 | c37884 | c41474 | c38263 | c37484 | c37389 | c36736 | c41179 | c37498,1.0,1
germanquad,q41176,c41176,c41176 | c37419 | c37541 | c36718 | c44138 | c41594 | c41277 | c41536 | c41160 | c37365,1.0,1
germanquad,q41344,c41344,c41344 | c38202 | c40407 | c37326 | c37419 | c38122 | c37389 | c37777 | c41766 | c41478,1.0,1
germanquad,q41345,c41344,c41344 | c38332 | c37498 | c38122 | c37003 | c40407 | c37389 | c44097 | c41766 | c38381,1.0,1
germanquad,q41346,c41344,c41344 | c41512 | c38131 | c37084 | c41193 | c37282 | c36419 | c37659 | c38471 | c38004,1.0,1
germanquad,q41356,c41356,c41356 | c37264 | c44127 | c37403 | c36811 | c36674 | c41165 | c41536 | c36814 | c41734,1.0,1
germanquad,q41357,c41356,c41356 | c38326 | c41165 | c41386 | c37496 | c40448 | c41279 | c41176 | c38284 | c37520,1.0,1
germanquad,q41358,c41356,c41356 | c41165 | c41115 | c41169 | c38314 | c38000 | c37338 | c38060 | c40448 | c40571,1.0,1
germanquad,q41359,c41356,c41356 | c37365 | c38297 | c36718 | c37475 | c41142 | c37671 | c42107 | c36674 | c37419,1.0,1
germanquad,q40380,c40380,c40380 | c40223 | c41133 | c41366 | c40397 | c38097 | c37484 | c41413 | c41188 | c41536,1.0,1
germanquad,q40381,c40380,c40380 | c41188 | c40389 | c42127 | c41105 | c41108 | c37475 | c38297 | c37419 | c36718,1.0,1
germanquad,q40382,c40380,c40380 | c40397 | c38097 | c36774 | c37310 | c36541 | c40483 | c42107 | c37484 | c40537,1.0,1
germanquad,q40383,c40380,c40380 | c41290 | c37517 | c36789 | c37667 | c37615 | c41138 | c36774 | c38097 | c41144,1.0,1
germanquad,q40384,c40380,c40380 | c40397 | c38097 | c36774 | c37310 | c36541 | c40483 | c42107 | c37484 | c40537,1.0,1
germanquad,q40385,c40380,c40380 | c36769 | c41188 | c41108 | c41133 | c40223 | c40389 | c37192 | c41366 | c38049,1.0,1
germanquad,q40386,c40380,c40380 | c41108 | c36727 | c40397 | c41290 | c37185 | c38004 | c38381 | c38783 | c37322,1.0,1
germanquad,q40387,c40380,c40380 | c38097 | c40397 | c41531 | c38470 | c38467 | c37493 | c37227 | c38816 | c38094,1.0,1
germanquad,q40388,c40380,c40380 | c38060 | c41478 | c41413 | c41133 | c37252 | c41193 | c41290 | c41108 | c37869,1.0,1
germanquad,q41177,c41177,c41177 | c37319 | c41451 | c38624 | c40389 | c36749 | c38247 | c37232 | c40376 | c37252,1.0,1
germanquad,q41197,c41197,c41197 | c38194 | c37326 | c41611 | c37379 | c37393 | c41347 | c38467 | c37365 | c40448,1.0,1
germanquad,q41199,c41197,c38194 | c41197 | c41156 | c41179 | c41062 | c41474 | c41584 | c37264 | c37517 | c37777,2.0,2
germanquad,q41347,c41347,c41347 | c38263 | c37389 | c36736 | c37884 | c41474 | c36665 | c41279 | c41382 | c38344,1.0,1
germanquad,q41348,c41347,c41347 | c36736 | c41468 | c40407 | c41211 | c38263 | c37884 | c36553 | c38097 | c41108,1.0,1
germanquad,q41363,c41363,c41363 | c42123 | c44026 | c36722 | c41364 | c37383 | c36754 | c36847 | c41142 | c37403,1.0,1
germanquad,q41386,c41386,c41386 | c38057 | c37385 | c42095 | c41523 | c40512 | c38241 | c37407 | c38006 | c41165,1.0,1
germanquad,q41385,c41386,c41386 | c38057 | c37385 | c42095 | c40512 | c41523 | c38006 | c40462 | c38783 | c40448,1.0,1
germanquad,q41387,c41386,c38057 | c40512 | c41386 | c37385 | c42095 | c41523 | c38590 | c41144 | c38045 | c36428,3.0,3
germanquad,q41388,c41386,c41386 | c38290 | c38219 | c41523 | c38467 | c41599 | c38293 | c40311 | c41766 | c38242,1.0,1
germanquad,q41389,c41386,c41386 | c38057 | c40512 | c37385 | c41523 | c42095 | c41401 | c36428 | c41165 | c41142,1.0,1
germanquad,q41390,c41386,c41386 | c36758 | c38057 | c37385 | c40369 | c40571 | c38004 | c41108 | c38073 | c42109,1.0,1
germanquad,q41401,c41401,c41401 | c41111 | c38613 | c40498 | c38482 | c40312 | c36981 | c38553 | c41447 | c41304,1.0,1
germanquad,q41402,c41401,c41401 | c41111 | c38534 | c38613 | c45657 | c36736 | c41734 | c38189 | c38552 | c36789,1.0,1
germanquad,q41399,c41401,c41401 | c38467 | c41111 | c37272 | c38613 | c38534 | c44016 | c36423 | c42095 | c36789,1.0,1
germanquad,q41400,c41401,c41401 | c38534 | c41111 | c38613 | c45657 | c36736 | c41734 | c41678 | c38189 | c38552,1.0,1
germanquad,q41406,c41406,c41406 | c40480 | c38194 | c37869 | c36774 | c37502 | c38251 | c37580 | c38590 | c44019,1.0,1
germanquad,q41407,c41406,c41406 | c40480 | c38560 | c38194 | c38206 | c38045 | c41153 | c41058 | c37756 | c41448,1.0,1
germanquad,q41408,c41406,c41406 | c38194 | c38206 | c38045 | c37282 | c41153 | c41058 | c37756 | c41448 | c36752,1.0,1
germanquad,q41409,c41406,c41406 | c37282 | c38305 | c41343 | c36752 | c36816 | c36699 | c45264 | c38482 | c42109,1.0,1
germanquad,q45635,c45635,c45635 | c41448 | c41527 | c37100 | c41445 | c42127 | c37495 | c37268 | c41343 | c41296,1.0,1
germanquad,q41200,c41200,c41200 | c38233 | c37270 | c36709 | c38189 | c37248 | c41678 | c40236 | c36796 | c37446,1.0,1
germanquad,q41201,c41200,c41200 | c38233 | c37270 | c36709 | c37393 | c41611 | c41108 | c37509 | c41211 | c37580,1.0,1
germanquad,q41382,c41382,c41382 | c41105 | c37324 | c37207 | c41186 | c38194 | c41465 | c36419 | c38077 | c41090,1.0,1
germanquad,q41383,c41382,c41382 | c38063 | c36812 | c42127 | c42123 | c41364 | c41363 | c36754 | c41033 | c38002,1.0,1
germanquad,q41384,c41382,c41382 | c41105 | c38077 | c41142 | c38063 | c41179 | c37324 | c38194 | c37207 | c36602,1.0,1
germanquad,q44110,c44110,c44110 | c38268 | c38206 | c37207 | c42127 | c41193 | c41344 | c41512 | c41153 | c38194,1.0,1
germanquad,q44111,c44110,c38268 | c44110 | c42127 | c41056 | c45635 | c38125 | c41161 | c41347 | c36598 | c41205,2.0,2
germanquad,q45624,c45624,c45624 | c41555 | c41403 | c45642 | c38310 | c41153 | c41351 | c38590 | c38783 | c37580,1.0,1
germanquad,q41412,c41412,c41412 | c36551 | c36816 | c38293 | c41343 | c41401 | c37886 | c37484 | c38471 | c41386,1.0,1
germanquad,q41512,c41512,c41512 | c40380 | c41153 | c37644 | c36674 | c36548 | c37210 | c42107 | c40312 | c36727,1.0,1
germanquad,q42107,c42107,c42107 | c36722 | c37596 | c41153 | c41536 | c37209 | c37624 | c37475 | c40436 | c37217,1.0,1
germanquad,q42108,c42107,c42107 | c36722 | c38122 | c40369 | c37624 | c41536 | c36794 | c37210 | c37475 | c40389,1.0,1
germanquad,q42106,c42107,c42107 | c36722 | c42123 | c37210 | c36548 | c41363 | c41364 | c41161 | c37403 | c36847,1.0,1
germanquad,q42112,c42112,c42112 | c38037 | c41108 | c38004 | c36764 | c37055 | c38089 | c44127 | c38049 | c40571,1.0,1
germanquad,q42113,c42112,c42112 | c41142 | c41165 | c40411 | c41138 | c36764 | c37576 | c41523 | c41033 | c36428,1.0,1
germanquad,q42114,c42112,c38579 | c36428 | c42112 | c38045 | c36733 | c40564 | c37659 | c37277 | c36423 | c41422,3.0,3
germanquad,q42117,c42112,c42112 | c38552 | c41153 | c41678 | c36423 | c36796 | c42095 | c36736 | c41138 | c37871,1.0,1
germanquad,q41403,c41403,c41403 | c37529 | c40389 | c37268 | c38122 | c42127 | c38762 | c41105 | c38467 | c37495,1.0,1
germanquad,q44012,c41403,c41403 | c41489 | c41062 | c41606 | c41296 | c38579 | c40312 | c40395 | c36774 | c41528,1.0,1
germanquad,q44013,c41403,c41403 | c38004 | c36754 | c41090 | c40369 | c41364 | c41766 | c37170 | c41279 | c38141,1.0,1
germanquad,q44123,c44123,c36642 | c38806 | c44123 | c41349 | c38470 | c37886 | c40498 | c41296 | c38467 | c41523,3.0,3
germanquad,q44126,c44123,c44123 | c36642 | c38470 | c41349 | c38806 | c37886 | c37330 | c38273 | c37264 | c40543,1.0,1
germanquad,q44131,c44123,c44123 | c38806 | c41349 | c36642 | c38470 | c37886 | c38290 | c40498 | c41343 | c36816,1.0,1
germanquad,q44133,c44123,c44123 | c41496 | c37398 | c38467 | c41343 | c37385 | c38762 | c41267 | c41108 | c37209,1.0,1
germanquad,q44138,c44138,c36718 | c37252 | c44138 | c38520 | c41153 | c42123 | c37392 | c36602 | c38467 | c42127,3.0,3
germanquad,q44139,c44138,c44138 | c40312 | c38189 | c37084 | c41403 | c38712 | c41277 | c41142 | c42127 | c41536,1.0,1
germanquad,q41062,c41062,c41478 | c41062 | c38791 | c41528 | c41339 | c40380 | c38326 | c38141 | c37615 | c41304,2.0,2
germanquad,q41063,c41062,c41062 | c36984 | c41351 | c41105 | c38297 | c37615 | c40389 | c41153 | c37298 | c38258,1.0,1
germanquad,q41064,c41062,c41062 | c38791 | c41451 | c37324 | c37353 | c40369 | c37197 | c38077 | c38381 | c36860,1.0,1
germanquad,q41065,c41062,c41478 | c38467 | c41062 | c38791 | c37209 | c38000 | c38482 | c36591 | c38097 | c40380,3.0,3
germanquad,q41066,c41062,c41062 | c41478 | c37596 | c40380 | c38791 | c38297 | c36791 | c37208 | c38122 | c42107,1.0,1
germanquad,q41500,c41500,c41500 | c38268 | c38063 | c37383 | c41078 | c42095 | c40389 | c36674 | c41523 | c41192,1.0,1
germanquad,q41503,c41500,c41500 | c37498 | c36581 | c38281 | c37264 | c41205 | c41304 | c40511 | c37569 | c41606,1.0,1
germanquad,q41505,c41500,c41500 | c37264 | c40448 | c38482 | c37280 | c38242 | c38097 | c40223 | c41142 | c40407,1.0,1
germanquad,q41508,c41500,c41500 | c38189 | c45264 | c41678 | c41058 | c41406 | c41033 | c41267 | c38293 | c37502,1.0,1
germanquad,q41533,c41533,c41536 | c37407 | c40543 | c41678 | c41478 | c37502 | c38210 | c41447 | c37207 | c37618,,15
germanquad,q41534,c41533,c41533 | c42095 | c36860 | c41356 | c37392 | c37756 | c38835 | c41678 | c45636 | c37576,1.0,1
germanquad,q42127,c42127,c42127 | c36812 | c40372 | c44097 | c38247 | c38268 | c38063 | c41219 | c38146 | c38816,1.0,1
germanquad,q42125,c42127,c42127 | c44110 | c36591 | c36718 | c38268 | c41422 | c44104 | c41067 | c44097 | c41125,1.0,1
germanquad,q42126,c42127,c42127 | c38268 | c44110 | c36718 | c38077 | c37282 | c36538 | c38094 | c38241 | c41148,1.0,1
germanquad,q42128,c42127,c42127 | c38241 | c44110 | c38268 | c37426 | c38326 | c36727 | c41290 | c38344 | c41152,1.0,1
germanquad,q42129,c42127,c42127 | c41448 | c38268 | c41396 | c40395 | c38002 | c37319 | c36581 | c40372 | c38177,1.0,1
germanquad,q42130,c42127,c42127 | c41067 | c37727 | c44110 | c38268 | c44097 | c41133 | c38469 | c38131 | c41382,1.0,1
germanquad,q41125,c41125,c36665 | c38631 | c40407 | c38338 | c41279 | c41351 | c36811 | c36553 | c41125 | c37348,9.0,9
germanquad,q41126,c41125,c41611 | c41125 | c36760 | c38247 | c38467 | c40540 | c36791 | c37393 | c40407 | c37324,2.0,2
germanquad,q41127,c41125,c41125 | c37018 | c37777 | c41169 | c41356 | c41448 | c37346 | c37711 | c41115 | c41161,1.0,1
germanquad,q41128,c41125,c41125 | c37018 | c37777 | c41169 | c37385 | c41176 | c41356 | c36704 | c37529 | c41364,1.0,1
germanquad,q41129,c41125,c41125 | c41401 | c40498 | c41343 | c37777 | c41033 | c37379 | c45624 | c38297 | c41267,1.0,1
germanquad,q41535,c41535,c41535 | c36718 | c38281 | c37330 | c41403 | c37210 | c37493 | c36729 | c37711 | c37272,1.0,1
germanquad,q41527,c41527,c41527 | c37203 | c37319 | c41442 | c37365 | c41142 | c41062 | c40395 | c38762 | c38467,1.0,1
germanquad,q42121,c41527,c41527 | c37319 | c36602 | c41179 | c41347 | c38467 | c45624 | c41678 | c41142 | c41611,1.0,1
germanquad,q42122,c41527,c41527 | c37319 | c37322 | c38537 | c41169 | c41142 | c38131 | c41678 | c37046 | c44123,1.0,1
germanquad,q45642,c45642,c38590 | c45642 | c37437 | c38000 | c40520 | c38282 | c37263 | c41364 | c38202 | c41279,2.0,2
germanquad,q45643,c45642,c45642 | c38783 | c41555 | c45624 | c38310 | c38000 | c38590 | c37270 | c38282 | c38210,1.0,1
germanquad,q45645,c45642,c45642 | c38004 | c41344 | c37437 | c38783 | c37541 | c36602 | c41192 | c37361 | c38006,1.0,1
germanquad,q41059,c41059,c41059 | c40236 | c41161 | c36693 | c41144 | c40477 | c37680 | c36803 | c36596 | c36594,1.0,1
germanquad,q41060,c41059,c41059 | c36816 | c36594 | c41144 | c37580 | c41160 | c41290 | c36762 | c38156 | c36558,1.0,1
germanquad,q41061,c41059,c41059 | c36816 | c36594 | c40579 | c41239 | c41314 | c37886 | c38290 | c40571 | c36674,1.0,1
germanquad,q41108,c41108,c41108 | c40223 | c38057 | c36558 | c41133 | c40564 | c38546 | c36848 | c40369 | c41599,1.0,1
germanquad,q41110,c41108,c41108 | c40223 | c37862 | c36553 | c41133 | c41413 | c37389 | c40312 | c36794 | c37197,1.0,1
germanquad,q41112,c41108,c41108 | c41347 | c37338 | c36794 | c38467 | c40223 | c41478 | c37558 | c38188 | c38628,1.0,1
germanquad,q41113,c41108,c41108 | c40223 | c41366 | c36769 | c41133 | c38791 | c38189 | c38258 | c37055 | c41363,1.0,1
germanquad,q41114,c41108,c41108 | c41366 | c40223 | c38233 | c36665 | c41133 | c36428 | c36674 | c38631 | c38478,1.0,1
germanquad,q41528,c41528,c41528 | c40376 | c37580 | c37272 | c38268 | c40532 | c37383 | c36611 | c38063 | c38141,1.0,1
germanquad,q41529,c41528,c41528 | c37580 | c37272 | c41489 | c38268 | c40532 | c37383 | c44097 | c44104 | c41078,1.0,1
germanquad,q41530,c41528,c41528 | c37580 | c37272 | c40532 | c37722 | c41304 | c36541 | c37484 | c36784 | c38122,1.0,1
germanquad,q45636,c45636,c36722 | c38206 | c36794 | c38258 | c41153 | c38194 | c41369 | c37365 | c41448 | c38590,,288
germanquad,q45637,c45636,c45636 | c38141 | c37596 | c37618 | c41296 | c36853 | c38061 | c42127 | c41731 | c41142,1.0,1
germanquad,q45648,c45648,c38467 | c41105 | c37442 | c45648 | c38534 | c38125 | c38836 | c41205 | c41138 | c41517,4.0,4
germanquad,q45649,c45648,c45648 | c41517 | c38537 | c38206 | c37442 | c37237 | c41468 | c37484 | c37493 | c41115,1.0,1
germanquad,q45650,c45648,c45648 | c38004 | c38381 | c41105 | c37442 | c38467 | c40369 | c41156 | c38125 | c41517,1.0,1
germanquad,q45651,c45648,c45648 | c41517 | c37442 | c41105 | c36754 | c41115 | c38467 | c38141 | c40223 | c38125,1.0,1
germanquad,q45652,c45648,c45648 | c41517 | c37442 | c41105 | c38006 | c37407 | c38467 | c36848 | c38125 | c38836,1.0,1
germanquad,q40520,c40520,c40520 | c41033 | c36774 | c40470 | c40423 | c38478 | c41401 | c38037 | c40312 | c42112,1.0,1
germanquad,q40521,c40520,c40520 | c40470 | c41401 | c38273 | c40423 | c40411 | c36728 | c41731 | c42127 | c38609,1.0,1
germanquad,q40522,c40520,c40520 | c37393 | c40470 | c38836 | c40423 | c38552 | c38590 | c41153 | c38045 | c38314,1.0,1
germanquad,q40523,c40520,c40520 | c37393 | c38241 | c40423 | c37046 | c40470 | c36718 | c36558 | c38609 | c41540,1.0,1
germanquad,q40543,c40543,c40543 | c40512 | c41734 | c41401 | c37272 | c41171 | c38590 | c41766 | c40236 | c40436,1.0,1
germanquad,q40544,c40543,c40543 | c41766 | c36752 | c41364 | c41161 | c37688 | c37100 | c37509 | c37878 | c40236,1.0,1
germanquad,q40545,c40543,c40543 | c41766 | c40498 | c41037 | c38006 | c40315 | c38297 | c37509 | c36428 | c41090,1.0,1
germanquad,q40546,c40543,c40543 | c41766 | c37541 | c38247 | c41277 | c41447 | c36699 | c41413 | c45624 | c37509,1.0,1
germanquad,q40547,c40543,c40543 | c41766 | c38290 | c37393 | c38467 | c38314 | c37338 | c40511 | c37509 | c38326,1.0,1
germanquad,q40548,c40543,c40543 | c44123 | c37509 | c41401 | c41766 | c37731 | c41349 | c36602 | c37280 | c41235,1.0,1
germanquad,q40549,c40543,c40543 | c41766 | c36598 | c36642 | c37488 | c41156 | c38006 | c44123 | c36789 | c40311,1.0,1
germanquad,q40550,c40543,c40543 | c41766 | c38189 | c45624 | c41156 | c41090 | c36598 | c37509 | c41037 | c40315,1.0,1
germanquad,q40551,c40543,c40543 | c41536 | c38590 | c38210 | c41277 | c42123 | c41171 | c37270 | c41734 | c40312,1.0,1
germanquad,q40552,c40543,c40543 | c41766 | c44123 | c38206 | c37569 | c37488 | c37756 | c40498 | c38806 | c37365,1.0,1
germanquad,q40553,c40543,c40543 | c41766 | c36598 | c40315 | c38006 | c37272 | c36803 | c36642 | c36789 | c38189,1.0,1
germanquad,q40554,c40543,c40543 | c36811 | c37871 | c38045 | c38467 | c41447 | c36642 | c41611 | c37488 | c44123,1.0,1
germanquad,q40556,c40543,c40543 | c41766 | c40423 | c41447 | c38467 | c38284 | c40448 | c37509 | c44127 | c37488,1.0,1
germanquad,q40557,c40543,c40543 | c41766 | c37509 | c38061 | c37247 | c36727 | c36591 | c38482 | c36611 | c41176,1.0,1
germanquad,q41035,c40543,c40543 | c41766 | c36709 | c41197 | c37398 | c41611 | c41584 | c42127 | c37419 | c38624,1.0,1
germanquad,q41036,c40543,c40543 | c41766 | c38189 | c37268 | c41351 | c41678 | c37509 | c38624 | c41059 | c37777,1.0,1
germanquad,q41058,c41058,c41058 | c37322 | c38579 | c36596 | c41474 | c41179 | c38273 | c42095 | c38470 | c41403,1.0,1
germanquad,q41478,c41478,c41478 | c41062 | c41734 | c41165 | c42095 | c40380 | c40407 | c38791 | c41347 | c37100,1.0,1
germanquad,q41479,c41478,c41478 | c40512 | c41347 | c38467 | c37365 | c40571 | c37576 | c41734 | c41179 | c41279,1.0,1
germanquad,q41480,c41478,c40311 | c37018 | c37209 | c37576 | c37596 | c38273 | c41153 | c40571 | c37217 | c42095,,45
germanquad,q41482,c41478,c41478 | c40311 | c41062 | c38297 | c36594 | c42112 | c38791 | c37055 | c41033 | c36774,1.0,1
germanquad,q41487,c41478,c41478 | c37871 | c37576 | c41165 | c37170 | c37884 | c37207 | c38546 | c41386 | c41611,1.0,1
germanquad,q41493,c41478,c41478 | c41062 | c40236 | c38791 | c37569 | c41160 | c38467 | c36736 | c42095 | c40380,1.0,1
germanquad,q40483,c40483,c40389 | c42127 | c41105 | c37475 | c38297 | c37419 | c36718 | c36602 | c41731 | c41523,,100
germanquad,q40484,c40483,c38467 | c37517 | c41344 | c37484 | c40540 | c41142 | c41351 | c36762 | c41468 | c40483,10.0,10
germanquad,q40494,c40483,c40483 | c37264 | c41339 | c38089 | c38146 | c38194 | c38206 | c38045 | c41153 | c41058,1.0,1
germanquad,q40495,c40483,c40483 | c38467 | c41347 | c41606 | c38783 | c37365 | c40579 | c41386 | c41734 | c37419,1.0,1
germanquad,q40496,c40483,c37437 | c38000 | c40483 | c38537 | c37264 | c38146 | c41339 | c38089 | c41296 | c41606,3.0,3
germanquad,q40315,c40315,c40315 | c36752 | c37282 | c41148 | c38077 | c36729 | c36794 | c41351 | c42123 | c41171,1.0,1
germanquad,q40316,c40315,c40315 | c37756 | c41037 | c37886 | c38290 | c38545 | c38806 | c44123 | c41442 | c38002,1.0,1
germanquad,q40317,c40315,c40315 | c38806 | c38467 | c37055 | c37272 | c37277 | c37365 | c38326 | c44123 | c37680,1.0,1
germanquad,q40319,c40315,c40315 | c38290 | c37247 | c41239 | c42107 | c37303 | c37596 | c44115 | c41555 | c36722,1.0,1
germanquad,q40320,c40315,c40315 | c41266 | c38122 | c41447 | c36553 | c37722 | c41478 | c37517 | c38482 | c40543,1.0,1
germanquad,q40512,c40512,c40512 | c38057 | c37385 | c41523 | c41386 | c42095 | c38273 | c38613 | c38263 | c40543,1.0,1
germanquad,q40514,c40512,c40512 | c41386 | c42095 | c41523 | c37385 | c37346 | c38006 | c40498 | c37379 | c36428,1.0,1
germanquad,q40515,c40512,c38326 | c38546 | c40223 | c38284 | c40512 | c44127 | c41267 | c38534 | c36816 | c38478,5.0,5
germanquad,q40516,c40512,c40512 | c36423 | c38467 | c41386 | c37170 | c41161 | c38470 | c37099 | c37379 | c41267,1.0,1
germanquad,q40517,c40512,c40512 | c38057 | c41523 | c41386 | c37385 | c42095 | c38467 | c38326 | c37338 | c37365,1.0,1
germanquad,q40518,c40512,c38057 | c40512 | c41386 | c37385 | c42095 | c41523 | c38467 | c41165 | c38470 | c40448,2.0,2
germanquad,q40537,c40537,c40537 | c37413 | c38002 | c41540 | c41489 | c38073 | c41447 | c38122 | c38613 | c36784,1.0,1
germanquad,q40538,c40537,c40537 | c38210 | c37207 | c38590 | c36749 | c36581 | c38077 | c38816 | c37324 | c38381,1.0,1
germanquad,q40470,c40470,c40470 | c40423 | c40520 | c37227 | c38087 | c41401 | c37711 | c38314 | c40411 | c37272,1.0,1
germanquad,q38977,c38977,c38977 | c36767 | c40405 | c37025 | c38837 | c41152 | c38206 | c37035 | c38467 | c36860,1.0,1
germanquad,q38978,c38977,c38977 | c36767 | c40405 | c37025 | c38837 | c41152 | c37437 | c36984 | c38206 | c37035,1.0,1
germanquad,q38979,c38977,c36767 | c38977 | c40405 | c42127 | c37419 | c36718 | c40389 | c37475 | c38467 | c38273,2.0,2
germanquad,q38980,c38977,c38977 | c36767 | c40405 | c36704 | c41766 | c44008 | c40448 | c37357 | c41396 | c44138,1.0,1
germanquad,q40311,c40311,c40311 | c37871 | c37003 | c42095 | c36811 | c40512 | c38475 | c36796 | c36665 | c40411,1.0,1
germanquad,q40245,c40311,c40311 | c37871 | c37003 | c36693 | c37298 | c36816 | c38467 | c36572 | c37777 | c41766,1.0,1
germanquad,q40246,c40311,c40311 | c41478 | c41678 | c42095 | c36796 | c40448 | c38467 | c36428 | c38273 | c38290,1.0,1
germanquad,q40247,c40311,c40311 | c36693 | c37871 | c40543 | c38381 | c37884 | c37615 | c40236 | c37003 | c41161,1.0,1
germanquad,q40462,c40462,c40462 | c41322 | c41536 | c41731 | c37756 | c36859 | c38305 | c37644 | c38290 | c37615,1.0,1
germanquad,q40464,c40462,c41322 | c37756 | c41536 | c36859 | c40462 | c36699 | c45635 | c38206 | c38466 | c37390,5.0,5
germanquad,q38242,c38242,c38242 | c38293 | c38290 | c38273 | c36419 | c40512 | c37756 | c36423 | c40543 | c40571,1.0,1
germanquad,q38189,c38189,c38189 | c42107 | c36974 | c36722 | c37033 | c40520 | c44115 | c36602 | c41555 | c37722,1.0,1
germanquad,q38191,c38189,c38189 | c36974 | c38590 | c37365 | c37033 | c41058 | c41235 | c38210 | c37270 | c40543,1.0,1
germanquad,q38472,c38189,c38189 | c37033 | c37365 | c42127 | c41731 | c36974 | c37419 | c37475 | c41153 | c41105,1.0,1
germanquad,q38552,c38552,c38520 | c36596 | c36769 | c38552 | c37018 | c36791 | c36860 | c44038 | c37322 | c36794,4.0,4
germanquad,q38555,c38552,c38552 | c44008 | c38467 | c37871 | c36816 | c41171 | c36796 | c41734 | c41556 | c41347,1.0,1
germanquad,q38558,c38552,c38552 | c37475 | c44008 | c38338 | c37871 | c36606 | c38073 | c38202 | c36794 | c41606,1.0,1
germanquad,q38559,c38552,c36789 | c41161 | c38467 | c38552 | c36423 | c40477 | c40543 | c36736 | c36558 | c42095,4.0,4
germanquad,q38562,c38552,c38552 | c37322 | c42112 | c41413 | c38590 | c41584 | c38478 | c36789 | c41153 | c38210,1.0,1
germanquad,q38975,c38552,c38552 | c38520 | c40389 | c37475 | c41731 | c42127 | c41105 | c36718 | c38297 | c37419,1.0,1
germanquad,q38976,c38552,c38552 | c38326 | c38314 | c41401 | c38467 | c41734 | c40423 | c40470 | c41193 | c38609,1.0,1
germanquad,q40236,c40236,c40236 | c36774 | c38478 | c37055 | c38037 | c37379 | c38297 | c42112 | c38263 | c40520,1.0,1
germanquad,q40237,c40236,c40236 | c40543 | c38590 | c41369 | c44123 | c40311 | c36984 | c41536 | c41062 | c41144,1.0,1
germanquad,q40238,c40236,c40236 | c38189 | c41171 | c37379 | c41133 | c41599 | c41033 | c36598 | c40520 | c38037,1.0,1
germanquad,q40239,c40236,c36688 | c38467 | c36796 | c37248 | c40236 | c36816 | c40512 | c37393 | c38326 | c38470,5.0,5
germanquad,q40240,c40236,c41678 | c38467 | c36796 | c42095 | c41133 | c41200 | c37385 | c37217 | c40236 | c42109,9.0,9
germanquad,q40241,c40236,c40236 | c37175 | c36796 | c40532 | c36581 | c37248 | c37493 | c41304 | c38233 | c41200,1.0,1
germanquad,q40242,c40236,c40236 | c41059 | c41144 | c36796 | c38590 | c36594 | c37871 | c37248 | c42123 | c37357,1.0,1
germanquad,q40448,c40448,c40448 | c36791 | c36598 | c37475 | c40236 | c38194 | c36541 | c37419 | c36581 | c38798,1.0,1
germanquad,q40449,c40448,c40448 | c36553 | c38326 | c38467 | c37365 | c36423 | c37099 | c41267 | c37393 | c38546,1.0,1
germanquad,q40321,c40448,c38601 | c37502 | c41734 | c45624 | c37517 | c38467 | c41555 | c41347 | c38310 | c45642,,277
germanquad,q40322,c40448,c40448 | c38326 | c38467 | c37365 | c37170 | c37407 | c40467 | c41347 | c38631 | c41165,1.0,1
germanquad,q40323,c40448,c40448 | c38467 | c40389 | c37353 | c37217 | c36428 | c41188 | c38290 | c36789 | c37385,1.0,1
germanquad,q40324,c40448,c40448 | c37365 | c38326 | c37393 | c38131 | c41556 | c41734 | c41347 | c38467 | c45264,1.0,1
germanquad,q38188,c38188,c38188 | c37862 | c40471 | c37109 | c37688 | c41369 | c36674 | c36774 | c42112 | c37348,1.0,1
germanquad,q38482,c38482,c38482 | c41496 | c37390 | c38590 | c40236 | c37322 | c38122 | c38219 | c41133 | c37035,1.0,1
germanquad,q38483,c38482,c38482 | c38467 | c37361 | c37390 | c38470 | c37209 | c38097 | c41678 | c40462 | c38045,1.0,1
germanquad,q38484,c38482,c38482 | c41142 | c38045 | c41179 | c36428 | c36811 | c36764 | c42112 | c40236 | c41606,1.0,1
germanquad,q38485,c38482,c38482 | c41171 | c40543 | c38467 | c36598 | c40236 | c41179 | c41347 | c36602 | c41111,1.0,1
germanquad,q38486,c38482,c38482 | c40407 | c42112 | c36674 | c38268 | c36551 | c41192 | c41171 | c38273 | c37541,1.0,1
germanquad,q38487,c38482,c38482 | c38247 | c38063 | c42112 | c37390 | c42127 | c36674 | c38273 | c37392 | c38240,1.0,1
germanquad,q45653,c45653,c45653 | c38469 | c37475 | c36674 | c36718 | c41523 | c42127 | c38297 | c37419 | c36794,1.0,1
germanquad,q45654,c45653,c41188 | c38332 | c38241 | c36749 | c40389 | c37256 | c41382 | c42127 | c37361 | c36602,,13
germanquad,q45656,c45653,c40504 | c40369 | c41451 | c45653 | c42127 | c38146 | c40436 | c40372 | c37428 | c38247,4.0,4
germanquad,q40224,c40224,c40224 | c38258 | c37862 | c41766 | c36816 | c37394 | c37495 | c37878 | c36847 | c36541,1.0,1
germanquad,q40225,c40224,c40224 | c41448 | c41766 | c38258 | c37862 | c38077 | c41115 | c41266 | c40520 | c38590,1.0,1
germanquad,q40226,c40224,c40224 | c41766 | c36816 | c37003 | c38258 | c37862 | c36572 | c36594 | c37777 | c38467,1.0,1
germanquad,q40312,c40312,c38590 | c38467 | c36727 | c42123 | c40312 | c41468 | c37084 | c38210 | c41536 | c36728,5.0,5
germanquad,q40313,c40312,c40312 | c37353 | c36581 | c41403 | c41442 | c44115 | c38590 | c38194 | c41153 | c36859,1.0,1
germanquad,q38471,c38471,c38471 | c36728 | c37170 | c38579 | c38467 | c41193 | c36419 | c44138 | c41309 | c36553,1.0,1
germanquad,q40219,c40219,c40219 | c41413 | c37520 | c36699 | c41277 | c41115 | c45653 | c37475 | c36674 | c44138,1.0,1
germanquad,q40220,c40219,c40219 | c37615 | c38219 | c41322 | c37756 | c37520 | c41489 | c38534 | c42127 | c37419,1.0,1
germanquad,q40221,c40219,c40219 | c37520 | c40389 | c37475 | c41731 | c42127 | c38297 | c36718 | c41105 | c37419,1.0,1
germanquad,q40222,c40219,c40219 | c37520 | c37390 | c41309 | c37644 | c37237 | c44097 | c41536 | c36754 | c37407,1.0,1
germanquad,q38981,c40219,c40219 | c37520 | c38194 | c38332 | c37541 | c36749 | c44110 | c36638 | c41171 | c41734,1.0,1
germanquad,q38982,c40219,c40219 | c37520 | c38307 | c36749 | c36598 | c45624 | c42107 | c41156 | c41090 | c38381,1.0,1
germanquad,q38983,c40219,c40219 | c37520 | c41058 | c37365 | c36674 | c36699 | c41266 | c38601 | c37419 | c41523,1.0,1
germanquad,q37484,c37484,c37484 | c37207 | c37493 | c37252 | c41528 | c37264 | c37446 | c36812 | c41391 | c37024,1.0,1
germanquad,q37485,c37484,c37237 | c41090 | c37484 | c38206 | c37509 | c37419 | c41528 | c38073 | c38488 | c36749,3.0,3
germanquad,q37486,c37484,c37484 | c37493 | c41105 | c40219 | c41445 | c44122 | c41536 | c36860 | c38601 | c37025,1.0,1
germanquad,q37487,c37484,c37484 | c37493 | c41528 | c36598 | c41205 | c40511 | c38194 | c36581 | c37615 | c38073,1.0,1
germanquad,q37502,c37502,c37502 | c36774 | c40395 | c41606 | c36752 | c41296 | c40312 | c38305 | c41406 | c40315,1.0,1
germanquad,q37503,c37502,c37502 | c36774 | c37303 | c41474 | c36596 | c38004 | c44026 | c40369 | c38156 | c41406,1.0,1
germanquad,q37504,c37502,c37502 | c38180 | c38624 | c37541 | c37756 | c42123 | c38297 | c36572 | c38786 | c38553,1.0,1
germanquad,q37505,c37502,c37502 | c36774 | c40579 | c40511 | c41406 | c37379 | c40315 | c40471 | c36752 | c41105,1.0,1
germanquad,q37506,c37502,c37502 | c38297 | c37862 | c37055 | c36774 | c40511 | c45657 | c41489 | c38156 | c38513,1.0,1
germanquad,q37507,c37502,c37502 | c36774 | c40315 | c37247 | c44115 | c36602 | c37596 | c38305 | c37263 | c41351,1.0,1
germanquad,q37508,c37502,c40511 | c37502 | c40471 | c37569 | c37303 | c41474 | c38156 | c38842 | c37277 | c44026,2.0,2
germanquad,q37871,c37871,c41192 | c42095 | c37871 | c37576 | c36428 | c41533 | c38613 | c41594 | c37862 | c40311,3.0,3
germanquad,q37872,c37871,c37871 | c42095 | c40311 | c36860 | c41533 | c36791 | c41528 | c37576 | c36428 | c36606,1.0,1
germanquad,q37873,c37871,c37871 | c42095 | c36811 | c37576 | c41447 | c41401 | c36816 | c37338 | c41360 | c37003,1.0,1
germanquad,q37875,c37871,c37871 | c38482 | c40236 | c36591 | c38553 | c36558 | c40312 | c37003 | c45642 | c38177,1.0,1
germanquad,q37876,c37871,c37871 | c41062 | c36423 | c37509 | c41356 | c37475 | c40236 | c40389 | c42127 | c36674,1.0,1
germanquad,q37877,c37871,c37871 | c41200 | c41144 | c41161 | c36736 | c36553 | c37055 | c37197 | c41133 | c41366,1.0,1
germanquad,q38073,c38073,c38073 | c36749 | c37237 | c41489 | c38601 | c41037 | c41606 | c37529 | c36548 | c38835,1.0,1
germanquad,q38074,c38073,c38073 | c36548 | c36789 | c41422 | c38482 | c38061 | c37247 | c38601 | c36727 | c38332,1.0,1
germanquad,q38075,c38073,c38073 | c38601 | c37084 | c41489 | c37282 | c38560 | c38077 | c37357 | c41266 | c41148,1.0,1
germanquad,q38076,c38073,c38073 | c38601 | c36699 | c38560 | c41148 | c36581 | c37282 | c36764 | c38194 | c41356,1.0,1
germanquad,q38067,c38073,c38073 | c41105 | c40519 | c38206 | c38560 | c36419 | c37106 | c37324 | c38194 | c41169,1.0,1
germanquad,q38068,c38073,c38073 | c38601 | c41037 | c37237 | c36548 | c38835 | c37659 | c38560 | c38470 | c37688,1.0,1
germanquad,q38069,c38073,c38073 | c38601 | c38560 | c37237 | c38835 | c37659 | c37529 | c38590 | c41037 | c41447,1.0,1
germanquad,q38070,c38073,c38073 | c38601 | c37237 | c37529 | c41037 | c38560 | c40511 | c38467 | c37197 | c41344,1.0,1
germanquad,q38071,c38073,c38073 | c37237 | c38601 | c41153 | c41037 | c38560 | c38835 | c37529 | c36548 | c37659,1.0,1
germanquad,q38072,c38073,c38073 | c41606 | c36749 | c37615 | c37237 | c40504 | c38601 | c41037 | c41206 | c38560,1.0,1
germanquad,q38202,c38202,c38202 | c41356 | c44127 | c41211 | c40236 | c40564 | c38552 | c41153 | c41176 | c36642,1.0,1
germanquad,q38203,c38202,c38202 | c37365 | c38467 | c37210 | c37403 | c38077 | c41536 | c37394 | c41734 | c41138,1.0,1
germanquad,q38233,c38233,c38233 | c36709 | c38631 | c38628 | c37338 | c38326 | c45648 | c38467 | c41200 | c36665,1.0,1
germanquad,q38002,c38002,c38002 | c36848 | c36767 | c37383 | c36754 | c41296 | c38712 | c37624 | c44097 | c41161,1.0,1
germanquad,q38470,c38470,c38470 | c40498 | c38806 | c41349 | c36642 | c44123 | c41037 | c38097 | c37886 | c41279,1.0,1
germanquad,q38055,c38470,c38470 | c38806 | c41349 | c40498 | c41161 | c37886 | c36642 | c37298 | c41200 | c40543,1.0,1
germanquad,q38056,c38470,c38470 | c40498 | c38806 | c41349 | c38097 | c36642 | c37886 | c37618 | c36674 | c41731,1.0,1
germanquad,q38065,c38470,c38470 | c41349 | c40498 | c36642 | c38806 | c38097 | c37886 | c37303 | c37248 | c44115,1.0,1
germanquad,q38066,c38470,c38470 | c40498 | c41349 | c36642 | c38806 | c38097 | c37886 | c38467 | c44123 | c41347,1.0,1
germanquad,q38475,c38475,c38475 | c38320 | c38806 | c38467 | c38326 | c37365 | c37393 | c41347 | c41734 | c37419,1.0,1
germanquad,q38476,c38475,c38475 | c38320 | c38806 | c37428 | c40448 | c37055 | c41161 | c36816 | c41412 | c41599,1.0,1
germanquad,q38477,c38475,c38475 | c38320 | c41678 | c36709 | c37509 | c37871 | c36796 | c38806 | c41200 | c36811,1.0,1
germanquad,q45657,c45657,c45657 | c40405 | c38628 | c41161 | c42123 | c37217 | c36598 | c41205 | c44008 | c37385,1.0,1
germanquad,q45658,c45657,c45657 | c38816 | c37034 | c37330 | c40395 | c41465 | c41403 | c41062 | c41536 | c44122,1.0,1
germanquad,q37413,c37413,c42109 | c37413 | c37731 | c38305 | c41442 | c37624 | c37383 | c38546 | c42095 | c38381,2.0,2
germanquad,q38024,c38024,c38024 | c37596 | c41153 | c37209 | c37475 | c40436 | c37217 | c41119 | c38297 | c41731,1.0,1
germanquad,q38025,c38024,c38024 | c38545 | c41277 | c44122 | c44138 | c37210 | c36572 | c42109 | c41176 | c36781,1.0,1
germanquad,q38194,c38194,c38194 | c41197 | c38467 | c38836 | c37035 | c37446 | c41606 | c37353 | c41115 | c40462,1.0,1
germanquad,q38196,c38194,c38194 | c41734 | c41197 | c38786 | c36794 | c38089 | c45264 | c37195 | c37277 | c41304,1.0,1
germanquad,q38199,c38194,c38194 | c36722 | c41197 | c37878 | c41153 | c40397 | c38206 | c38552 | c37217 | c40483,1.0,1
germanquad,q38200,c38194,c38194 | c38146 | c38488 | c40511 | c36598 | c41442 | c38073 | c41197 | c36581 | c41153,1.0,1
germanquad,q38469,c38469,c45653 | c38469 | c38077 | c37282 | c41148 | c36794 | c37268 | c38122 | c41403 | c38332,2.0,2
germanquad,q38048,c38469,c41734 | c37493 | c36791 | c38467 | c38326 | c38263 | c38122 | c40532 | c41347 | c37365,,39
germanquad,q37403,c37403,c37403 | c36541 | c36791 | c40540 | c44008 | c41528 | c37348 | c36602 | c37484 | c41138,1.0,1
germanquad,q37426,c37426,c37426 | c37615 | c37618 | c41056 | c41309 | c37357 | c41533 | c37197 | c41478 | c37871,1.0,1
germanquad,q37427,c37426,c37426 | c37618 | c37615 | c41382 | c40395 | c40312 | c41056 | c41606 | c41296 | c41142,1.0,1
germanquad,q37446,c37446,c37446 | c36419 | c37024 | c41369 | c41396 | c37264 | c41138 | c41528 | c40427 | c37338,1.0,1
germanquad,q37447,c37446,c37446 | c36814 | c41165 | c41356 | c38467 | c38326 | c41422 | c38006 | c37393 | c41734,1.0,1
germanquad,q37449,c37446,c37446 | c45642 | c36722 | c37353 | c44045 | c38783 | c36602 | c41422 | c37263 | c40520,1.0,1
germanquad,q37452,c37446,c37446 | c38189 | c37272 | c38073 | c38601 | c36791 | c41037 | c36769 | c38310 | c41536,1.0,1
germanquad,q38006,c38006,c38006 | c37419 | c40389 | c37475 | c41731 | c42127 | c41105 | c36718 | c38297 | c36602,1.0,1
germanquad,q38007,c38006,c38006 | c37419 | c37442 | c40389 | c37475 | c41731 | c42127 | c38297 | c36718 | c41105,1.0,1
germanquad,q38008,c38006,c38006 | c37270 | c37034 | c37419 | c36428 | c36860 | c36606 | c37303 | c37319 | c42095,1.0,1
germanquad,q38009,c38006,c38006 | c42107 | c37099 | c37442 | c36722 | c38480 | c36428 | c37338 | c37348 | c45635,1.0,1
germanquad,q38010,c38006,c38006 | c37493 | c36581 | c38037 | c38233 | c37484 | c37217 | c36553 | c36860 | c38314,1.0,1
germanquad,q38012,c38006,c38006 | c41556 | c40411 | c36598 | c37407 | c38475 | c37419 | c37046 | c40543 | c40448,1.0,1
germanquad,q38013,c38006,c38006 | c38189 | c41584 | c37886 | c38125 | c38762 | c37379 | c36774 | c41347 | c45642,1.0,1
germanquad,q38014,c38006,c38006 | c41090 | c41125 | c38297 | c36848 | c41037 | c37403 | c41366 | c36602 | c36428,1.0,1
germanquad,q38015,c38006,c38006 | c41356 | c41165 | c42095 | c37385 | c36814 | c41422 | c41153 | c40512 | c37446,1.0,1
germanquad,q38016,c38006,c38006 | c38247 | c36811 | c44038 | c41062 | c36816 | c37419 | c36674 | c37442 | c41156,1.0,1
germanquad,q37878,c37878,c37878 | c41366 | c36594 | c40311 | c36572 | c41161 | c41363 | c40543 | c40236 | c37197,1.0,1
germanquad,q37879,c37878,c37878 | c41366 | c36594 | c40311 | c41766 | c36572 | c41192 | c36816 | c36674 | c37303,1.0,1
germanquad,q38018,c37878,c37878 | c41366 | c36594 | c41363 | c36572 | c41192 | c40311 | c41296 | c41465 | c36816,1.0,1
germanquad,q38019,c37878,c37878 | c41366 | c36594 | c36847 | c36816 | c38798 | c37777 | c37247 | c37426 | c38305,1.0,1
germanquad,q38020,c37878,c37878 | c41366 | c36594 | c38579 | c38293 | c45636 | c38310 | c44026 | c38242 | c36699,1.0,1
germanquad,q38049,c38049,c36674 | c38049 | c38601 | c41606 | c41364 | c41153 | c38482 | c38194 | c36727 | c36789,2.0,2
germanquad,q38050,c38049,c36749 | c38073 | c41606 | c37615 | c37330 | c41206 | c38049 | c40389 | c41186 | c42127,7.0,7
germanquad,q38051,c38049,c36749 | c40504 | c41489 | c38189 | c41206 | c41606 | c38049 | c37615 | c38073 | c41186,7.0,7
germanquad,q38053,c38049,c41606 | c38049 | c36674 | c36784 | c41369 | c41239 | c38156 | c37303 | c37195 | c37493,2.0,2
germanquad,q38054,c38049,c36674 | c38049 | c41606 | c38189 | c45264 | c38816 | c40511 | c41489 | c40423 | c41058,2.0,2
germanquad,q38061,c38061,c37383 | c38297 | c38061 | c41277 | c36754 | c38837 | c37624 | c45624 | c41161 | c36674,3.0,3
germanquad,q38062,c38061,c38061 | c38837 | c36781 | c37232 | c40219 | c40397 | c38467 | c38816 | c41090 | c36598,1.0,1
germanquad,q37495,c37495,c37495 | c36553 | c38125 | c38480 | c40312 | c37210 | c44019 | c41059 | c41138 | c38006,1.0,1
germanquad,q45661,c45661,c45661 | c38189 | c41447 | c37018 | c37034 | c37379 | c38146 | c36811 | c38320 | c41584,1.0,1
germanquad,q45660,c45661,c45661 | c37558 | c38293 | c41406 | c41412 | c40483 | c38242 | c37886 | c36816 | c41161,1.0,1
germanquad,q45659,c45661,c45661 | c36811 | c38560 | c44019 | c41447 | c37886 | c40511 | c41161 | c37035 | c37393,1.0,1
germanquad,q45662,c45661,c45661 | c41523 | c37419 | c38125 | c38560 | c41678 | c45264 | c40579 | c38177 | c36794,1.0,1
germanquad,q37338,c37338,c37338 | c37326 | c36794 | c37576 | c37475 | c37170 | c36602 | c41138 | c37394 | c41536,1.0,1
germanquad,q37339,c37338,c37338 | c38628 | c38326 | c37871 | c37576 | c41478 | c38467 | c37365 | c38381 | c37426,1.0,1
germanquad,q37340,c37338,c37338 | c42095 | c38628 | c37576 | c37871 | c38326 | c38057 | c41478 | c38467 | c41165,1.0,1
germanquad,q37341,c37338,c38045 | c37338 | c37659 | c37277 | c38189 | c38579 | c40483 | c36428 | c42112 | c37248,2.0,2
germanquad,q37345,c37338,c37338 | c37326 | c45624 | c40477 | c38590 | c41169 | c37170 | c40376 | c36774 | c37046,1.0,1
germanquad,q37347,c37338,c37326 | c37338 | c37393 | c37576 | c37268 | c38467 | c37170 | c41197 | c37365 | c38474,2.0,2
germanquad,q37379,c37379,c37379 | c41349 | c38314 | c38467 | c37346 | c41734 | c37313 | c37393 | c37170 | c37106,1.0,1
germanquad,q37380,c37379,c37379 | c38180 | c40480 | c41125 | c36558 | c41239 | c41404 | c41369 | c41594 | c41171,1.0,1
germanquad,q37381,c37379,c37379 | c41205 | c40579 | c38520 | c37862 | c41156 | c36538 | c38305 | c37313 | c41766,1.0,1
germanquad,q37382,c37379,c37379 | c40579 | c41205 | c41766 | c37862 | c41156 | c37671 | c38520 | c38467 | c37389,1.0,1
germanquad,q37384,c37379,c37379 | c40579 | c41205 | c38520 | c41766 | c38305 | c37862 | c38189 | c36847 | c41188,1.0,1
germanquad,q37369,c37379,c37379 | c40579 | c41766 | c41156 | c41356 | c37671 | c38520 | c41205 | c36674 | c41033,1.0,1
germanquad,q37371,c37379,c37379 | c40579 | c41156 | c41766 | c40448 | c40411 | c41356 | c37671 | c36674 | c40311,1.0,1
germanquad,q37374,c37379,c37379 | c40448 | c41478 | c38469 | c38467 | c40411 | c38314 | c41734 | c41138 | c41347,1.0,1
germanquad,q37376,c37379,c37379 | c40579 | c41156 | c41205 | c41033 | c36847 | c38520 | c36674 | c36553 | c37671,1.0,1
germanquad,q37378,c37379,c37379 | c38381 | c38631 | c40411 | c41156 | c44127 | c37502 | c38488 | c40579 | c37403,1.0,1
germanquad,q37419,c37419,c37419 | c40511 | c41148 | c37389 | c38762 | c38189 | c37393 | c38381 | c45264 | c38097,1.0,1
germanquad,q37420,c37419,c37419 | c38006 | c38194 | c41119 | c37034 | c38560 | c41382 | c38552 | c41474 | c37878,1.0,1
germanquad,q37423,c37419,c37419 | c38194 | c41451 | c38467 | c41523 | c36816 | c37324 | c41734 | c41347 | c42095,1.0,1
germanquad,q37424,c37419,c37419 | c41412 | c41193 | c37488 | c38471 | c41343 | c37322 | c41386 | c38293 | c41171,1.0,1
germanquad,q37869,c37869,c37869 | c36794 | c40407 | c37756 | c44127 | c41153 | c41144 | c38131 | c37618 | c37264,1.0,1
germanquad,q37870,c37869,c37869 | c36794 | c41153 | c41161 | c40407 | c44127 | c37035 | c37618 | c38552 | c41211,1.0,1
germanquad,q37886,c37886,c37886 | c36642 | c38806 | c44123 | c38470 | c37393 | c37756 | c41435 | c41349 | c37365,1.0,1
germanquad,q37887,c37886,c37886 | c36642 | c37099 | c38470 | c41349 | c36803 | c36598 | c41171 | c36729 | c44123,1.0,1
germanquad,q37889,c37886,c37886 | c41349 | c37756 | c38568 | c41037 | c38467 | c41343 | c36602 | c40315 | c38241,1.0,1
germanquad,q37890,c37886,c37886 | c36642 | c40315 | c37756 | c41435 | c38590 | c41349 | c41037 | c41179 | c40543,1.0,1
germanquad,q38021,c37886,c37886 | c36642 | c37282 | c38470 | c44123 | c36859 | c41536 | c41349 | c40462 | c38077,1.0,1
germanquad,q38022,c37886,c37886 | c36642 | c38806 | c41349 | c44123 | c38470 | c37680 | c41037 | c37282 | c37756,1.0,1
germanquad,q38023,c37886,c37886 | c36642 | c40462 | c37884 | c36859 | c44123 | c37330 | c36811 | c38293 | c45661,1.0,1
germanquad,q38045,c38045,c38045 | c37659 | c37529 | c38073 | c38579 | c37264 | c38219 | c37277 | c37207 | c37252,1.0,1
germanquad,q38046,c38045,c38045 | c37659 | c41734 | c37365 | c36794 | c37277 | c41142 | c41062 | c42112 | c37394,1.0,1
germanquad,q38004,c38004,c38004 | c37203 | c37727 | c38006 | c38471 | c38786 | c36794 | c41344 | c37862 | c41277,1.0,1
germanquad,q38005,c38004,c38004 | c38783 | c40407 | c44026 | c37210 | c36733 | c38791 | c41766 | c38227 | c37407,1.0,1
germanquad,q37442,c37442,c37442 | c41049 | c41396 | c41192 | c37208 | c38816 | c37033 | c37541 | c38467 | c36674,1.0,1
germanquad,q38465,c37442,c37442 | c37419 | c41142 | c36674 | c42127 | c37217 | c41186 | c38381 | c37209 | c42123,1.0,1
germanquad,q37509,c37509,c37509 | c37498 | c37248 | c41404 | c38251 | c38189 | c41396 | c38307 | c37237 | c41344,1.0,1
germanquad,q37511,c37509,c37509 | c37498 | c37248 | c41169 | c38233 | c38189 | c38806 | c38307 | c41200 | c38474,1.0,1
germanquad,q37512,c37509,c37509 | c38307 | c37498 | c37277 | c37248 | c41349 | c37209 | c41611 | c41266 | c37394,1.0,1
germanquad,q38466,c38466,c38466 | c37016 | c41231 | c40462 | c41153 | c38467 | c38045 | c41555 | c41401 | c38836,1.0,1
germanquad,q37884,c37884,c37884 | c41165 | c37326 | c41478 | c37419 | c40407 | c38202 | c40448 | c37379 | c36709,1.0,1
germanquad,q37885,c37884,c37884 | c41474 | c41347 | c38263 | c37389 | c37046 | c40467 | c41090 | c45624 | c37419,1.0,1
germanquad,q37475,c37475,c37475 | c41192 | c36764 | c38297 | c36769 | c38004 | c41049 | c37197 | c37558 | c37496,1.0,1
germanquad,q37476,c37475,c37475 | c38189 | c38631 | c37272 | c38553 | c37655 | c38073 | c41188 | c36860 | c37025,1.0,1
germanquad,q37477,c37475,c37475 | c44127 | c41369 | c38835 | c41528 | c41413 | c37403 | c38568 | c41356 | c36733,1.0,1
germanquad,q37478,c37475,c37475 | c41766 | c38631 | c38189 | c37298 | c36598 | c41161 | c37003 | c36816 | c38125,1.0,1
germanquad,q37479,c37475,c37475 | c37428 | c38189 | c41161 | c40448 | c41169 | c40512 | c41556 | c45264 | c41678,1.0,1
germanquad,q37480,c37475,c37475 | c36709 | c37209 | c42109 | c36764 | c36558 | c40423 | c36796 | c41144 | c41422,1.0,1
germanquad,q37481,c37475,c37475 | c38467 | c37498 | c38326 | c37197 | c38057 | c42109 | c37365 | c37393 | c37324,1.0,1
germanquad,q37482,c37475,c37475 | c41161 | c37428 | c40448 | c41169 | c40512 | c36598 | c41205 | c37197 | c40543,1.0,1
germanquad,q37483,c37475,c37475 | c38467 | c38326 | c37365 | c37671 | c37393 | c38210 | c41528 | c41347 | c37498,1.0,1
germanquad,q37496,c37496,c38467 | c44026 | c41344 | c38326 | c37659 | c41171 | c41734 | c37365 | c37667 | c38146,,299
germanquad,q37497,c37496,c37496 | c41356 | c38060 | c36704 | c41474 | c36758 | c41176 | c41386 | c41219 | c38568,1.0,1
germanquad,q38000,c38000,c38000 | c37437 | c38537 | c40483 | c36541 | c37407 | c42112 | c41403 | c45642 | c36789,1.0,1
germanquad,q38003,c38000,c38000 | c37437 | c40483 | c38537 | c38467 | c37303 | c41734 | c41160 | c37419 | c38326,1.0,1
germanquad,q37407,c37407,c37407 | c37498 | c44127 | c41734 | c45264 | c37711 | c37393 | c37871 | c38786 | c41347,1.0,1
germanquad,q37409,c37407,c37407 | c40407 | c38281 | c38474 | c37576 | c41279 | c40411 | c38326 | c41468 | c44127,1.0,1
germanquad,q38461,c37407,c40407 | c38281 | c37407 | c40411 | c37248 | c37576 | c41468 | c41279 | c42112 | c41125,3.0,3
germanquad,q38462,c37407,c37407 | c38786 | c37106 | c37379 | c40407 | c36736 | c37871 | c37264 | c37475 | c37884,1.0,1
germanquad,q37298,c37298,c37298 | c38284 | c41734 | c37365 | c37576 | c41160 | c38326 | c38467 | c40407 | c44127,1.0,1
germanquad,q37299,c37298,c37298 | c44127 | c40411 | c38631 | c38467 | c36665 | c37365 | c37018 | c41108 | c41347,1.0,1
germanquad,q37300,c37298,c37298 | c38631 | c44127 | c40411 | c38467 | c36816 | c38786 | c36803 | c41161 | c36665,1.0,1
germanquad,q37301,c37298,c37298 | c36816 | c41197 | c37403 | c38475 | c41599 | c44127 | c37055 | c37428 | c38786,1.0,1
germanquad,q37302,c37298,c37298 | c37365 | c38326 | c38467 | c36598 | c41734 | c37428 | c37475 | c38125 | c41161,1.0,1
germanquad,q37330,c37330,c41186 | c37330 | c38297 | c38247 | c40477 | c38273 | c37357 | c40389 | c41364 | c41413,2.0,2
germanquad,q37331,c37330,c37330 | c37357 | c41290 | c41058 | c41322 | c44110 | c38087 | c37365 | c38482 | c38601,1.0,1
germanquad,q37332,c37330,c37330 | c41465 | c38836 | c36754 | c41153 | c38590 | c41206 | c40520 | c37035 | c41535,1.0,1
germanquad,q37333,c37330,c37330 | c44097 | c36860 | c36591 | c37282 | c44104 | c41067 | c41153 | c36736 | c38097,1.0,1
germanquad,q37334,c37330,c37330 | c42123 | c38590 | c45624 | c37035 | c41153 | c40236 | c38194 | c38206 | c41176,1.0,1
germanquad,q37313,c37313,c37313 | c38798 | c36764 | c37106 | c38189 | c38258 | c41142 | c37862 | c37731 | c41413,1.0,1
germanquad,q37314,c37313,c37313 | c38798 | c38381 | c41584 | c38590 | c38258 | c37106 | c38305 | c42123 | c37862,1.0,1
germanquad,q37315,c37313,c37313 | c38798 | c38189 | c38087 | c38258 | c37106 | c38305 | c37862 | c36784 | c41584,1.0,1
germanquad,q37316,c37313,c37313 | c37106 | c37379 | c40448 | c38798 | c38467 | c36558 | c37871 | c40467 | c41396,1.0,1
germanquad,q37317,c37313,c37313 | c37106 | c36423 | c41148 | c38326 | c38470 | c45264 | c38783 | c37502 | c40498,1.0,1
germanquad,q37318,c37313,c37313 | c41161 | c37428 | c38297 | c37502 | c40498 | c41111 | c40448 | c41556 | c37055,1.0,1
germanquad,q37353,c37353,c37353 | c37644 | c40312 | c41451 | c36860 | c37390 | c37558 | c37208 | c40219 | c38783,1.0,1
germanquad,q37355,c37353,c37353 | c40312 | c36581 | c38131 | c40236 | c38467 | c38381 | c37197 | c40511 | c41161,1.0,1
germanquad,q37356,c37353,c37353 | c40312 | c38326 | c38141 | c38467 | c40462 | c38045 | c41606 | c37365 | c37711,1.0,1
germanquad,q37389,c37389,c37389 | c44019 | c40467 | c36598 | c41205 | c40511 | c38194 | c36581 | c37615 | c38073,1.0,1
germanquad,q37391,c37389,c37389 | c36767 | c37263 | c38590 | c38263 | c41474 | c38210 | c36727 | c37884 | c41347,1.0,1
germanquad,q37209,c37209,c37209 | c41678 | c38613 | c41219 | c38798 | c37576 | c37722 | c37379 | c41611 | c38089,1.0,1
germanquad,q37211,c37209,c37209 | c37596 | c38290 | c38467 | c41678 | c41188 | c36558 | c37237 | c40219 | c41349,1.0,1
germanquad,q37212,c37209,c37209 | c37596 | c38077 | c41277 | c41105 | c38194 | c42127 | c41447 | c38537 | c41584,1.0,1
germanquad,q37241,c37209,c37209 | c37596 | c38467 | c40389 | c41678 | c41188 | c41478 | c36428 | c38290 | c36749,1.0,1
germanquad,q37242,c37209,c37209 | c41527 | c36848 | c40579 | c41090 | c38579 | c38488 | c36816 | c38609 | c37488,1.0,1
germanquad,q37243,c37209,c37209 | c37529 | c41314 | c38180 | c37498 | c37197 | c38057 | c42109 | c37324 | c41611,1.0,1
germanquad,q37244,c37209,c37209 | c41161 | c37034 | c40311 | c37298 | c38552 | c37338 | c41171 | c41382 | c38281,1.0,1
germanquad,q37245,c37209,c37209 | c37475 | c41731 | c38297 | c37419 | c41153 | c42127 | c41105 | c36602 | c41523,1.0,1
germanquad,q37277,c37277,c37256 | c38045 | c37659 | c38579 | c38842 | c37277 | c38089 | c44008 | c41413 | c38227,6.0,6
germanquad,q37278,c37277,c37277 | c37256 | c37280 | c44026 | c40312 | c37659 | c38242 | c41496 | c37264 | c41266,1.0,1
germanquad,q37279,c37277,c37277 | c40448 | c37413 | c41435 | c37313 | c37272 | c41219 | c37346 | c38537 | c41556,1.0,1
germanquad,q37322,c37322,c37322 | c41474 | c42095 | c38552 | c41161 | c36428 | c36596 | c37680 | c42112 | c41058,1.0,1
germanquad,q37323,c37322,c37322 | c36596 | c40369 | c36769 | c38520 | c41153 | c36791 | c38004 | c41474 | c38210,1.0,1
germanquad,q37335,c37335,c37335 | c42127 | c37475 | c36814 | c41062 | c40389 | c38474 | c40427 | c42123 | c36674,1.0,1
germanquad,q37336,c37335,c37335 | c40436 | c40395 | c41606 | c40312 | c37475 | c38552 | c40427 | c36814 | c41062,1.0,1
germanquad,q37361,c37361,c37210 | c41277 | c36784 | c41105 | c41731 | c37419 | c40389 | c37475 | c36602 | c38297,,197
germanquad,q37362,c37361,c37361 | c38624 | c37419 | c40369 | c36853 | c41351 | c40411 | c40448 | c41169 | c44123,1.0,1
germanquad,q37364,c37361,c37361 | c37680 | c37475 | c38712 | c41049 | c40483 | c41364 | c42127 | c41731 | c38206,1.0,1
germanquad,q37252,c37252,c37252 | c40427 | c45657 | c36699 | c36591 | c41152 | c42109 | c40380 | c41448 | c40312,1.0,1
germanquad,q37253,c37252,c37252 | c37084 | c38122 | c36602 | c45657 | c37722 | c41090 | c36811 | c38631 | c41219,1.0,1
germanquad,q37254,c37252,c37252 | c40427 | c36591 | c41152 | c41555 | c41290 | c38268 | c38326 | c36699 | c41517,1.0,1
germanquad,q37255,c37252,c37252 | c36718 | c40427 | c41468 | c36674 | c41153 | c36591 | c41171 | c36784 | c38146,1.0,1
germanquad,q37268,c37268,c38474 | c41058 | c40369 | c41231 | c41108 | c41235 | c40571 | c38835 | c41413 | c36794,,188
germanquad,q37269,c37268,c38097 | c41138 | c38482 | c38590 | c37403 | c41536 | c38284 | c36764 | c41142 | c37192,,26
germanquad,q37280,c37280,c37280 | c37256 | c37277 | c41105 | c37569 | c40511 | c38168 | c37869 | c40471 | c37379,1.0,1
germanquad,q37281,c37280,c37280 | c37256 | c37277 | c37569 | c41304 | c37869 | c37442 | c38168 | c41193 | c36674,1.0,1
germanquad,q37326,c37326,c42123 | c36688 | c40448 | c37884 | c37046 | c36553 | c38097 | c37326 | c38835 | c41090,8.0,8
germanquad,q37327,c37326,c37326 | c41447 | c37338 | c37170 | c41363 | c37046 | c42095 | c40224 | c44038 | c37884,1.0,1
germanquad,q37328,c37326,c37326 | c37884 | c36423 | c42095 | c41401 | c36709 | c41606 | c41678 | c41200 | c37722,1.0,1
germanquad,q37329,c37326,c37326 | c37393 | c41347 | c38467 | c37419 | c41171 | c36428 | c37365 | c38326 | c36602,1.0,1
germanquad,q37247,c37247,c37247 | c37655 | c37541 | c41731 | c40436 | c42127 | c38141 | c44115 | c40312 | c41523,1.0,1
germanquad,q37310,c37310,c37310 | c44045 | c37365 | c37529 | c45624 | c41413 | c41403 | c45264 | c41266 | c38263,1.0,1
germanquad,q37311,c37310,c37310 | c44045 | c36794 | c41403 | c41138 | c38835 | c37618 | c37385 | c37475 | c37365,1.0,1
germanquad,q37312,c37310,c37310 | c40219 | c41186 | c36974 | c40462 | c36794 | c37303 | c41403 | c45624 | c41090,1.0,1
germanquad,q37208,c37208,c37442 | c37731 | c41142 | c41555 | c37502 | c45624 | c37777 | c41090 | c37667 | c44115,,169
germanquad,q37256,c37256,c37256 | c41413 | c40219 | c37475 | c37272 | c38297 | c38131 | c41731 | c37419 | c41153,1.0,1
germanquad,q37257,c37256,c37256 | c37475 | c36718 | c37419 | c40389 | c42127 | c37618 | c41523 | c38297 | c41153,1.0,1
germanquad,q37259,c37256,c37256 | c36581 | c40540 | c37280 | c36611 | c38146 | c44115 | c41339 | c37208 | c40395,1.0,1
germanquad,q37260,c37256,c37256 | c37777 | c42127 | c41523 | c41734 | c38297 | c41277 | c41153 | c40389 | c36602,1.0,1
germanquad,q37261,c37256,c37256 | c38471 | c38268 | c37777 | c41138 | c42127 | c41731 | c41734 | c37419 | c37475,1.0,1
germanquad,q37272,c37272,c37272 | c44115 | c38004 | c40369 | c36860 | c41108 | c38002 | c38835 | c37208 | c36674,1.0,1
germanquad,q37274,c37272,c37272 | c41536 | c40532 | c37580 | c38601 | c36789 | c41279 | c38077 | c38332 | c41422,1.0,1
germanquad,q37275,c37272,c37272 | c38045 | c40312 | c38520 | c40389 | c37502 | c37475 | c41731 | c41193 | c42127,1.0,1
germanquad,q37276,c37272,c37272 | c41401 | c41211 | c44127 | c41360 | c38281 | c38478 | c37035 | c44123 | c38590,1.0,1
germanquad,q36860,c36860,c37509 | c36860 | c37248 | c41611 | c37208 | c36688 | c37580 | c37389 | c38568 | c41108,2.0,2
germanquad,q36861,c36860,c37509 | c36558 | c40223 | c41165 | c38077 | c36860 | c41049 | c41211 | c41611 | c36722,6.0,6
germanquad,q36862,c36860,c41611 | c36860 | c37324 | c38631 | c37509 | c41211 | c41200 | c36674 | c36774 | c41142,2.0,2
germanquad,q36863,c36860,c38842 | c41611 | c36860 | c41142 | c36581 | c41523 | c38210 | c37688 | c37484 | c40389,3.0,3
germanquad,q36864,c36860,c41611 | c36791 | c41211 | c38568 | c41049 | c41197 | c37580 | c37509 | c38631 | c36860,10.0,10
germanquad,q36865,c36860,c36860 | c36803 | c38482 | c36774 | c36558 | c38568 | c38631 | c41611 | c37394 | c40532,1.0,1
germanquad,q36866,c36860,c36860 | c41058 | c41231 | c41235 | c38835 | c41413 | c37310 | c38478 | c41540 | c37475,1.0,1
germanquad,q37033,c37033,c37033 | c41611 | c37365 | c37509 | c37498 | c36816 | c36781 | c40579 | c38467 | c37484,1.0,1
germanquad,q37197,c37197,c37197 | c38798 | c36693 | c41161 | c38471 | c40571 | c38189 | c41309 | c37862 | c45264,1.0,1
germanquad,q37198,c37197,c37197 | c38798 | c36693 | c41142 | c36774 | c45624 | c41062 | c37667 | c38482 | c41413,1.0,1
germanquad,q37199,c37197,c37197 | c41496 | c41161 | c37365 | c37862 | c38326 | c38488 | c37393 | c38609 | c41435,1.0,1
germanquad,q37200,c37197,c37197 | c38326 | c38467 | c41496 | c38798 | c41049 | c41347 | c41734 | c37365 | c36769,1.0,1
germanquad,q37201,c37197,c37197 | c41734 | c38326 | c38467 | c41496 | c38798 | c41347 | c37365 | c36769 | c37379,1.0,1
germanquad,q37202,c37197,c37197 | c41496 | c41734 | c38798 | c37379 | c38125 | c38037 | c36693 | c38537 | c37671,1.0,1
germanquad,q37204,c37197,c37197 | c38798 | c38590 | c36847 | c37385 | c40543 | c36693 | c36606 | c41403 | c40312,1.0,1
germanquad,q37248,c37248,c37509 | c37248 | c38045 | c36572 | c38579 | c38194 | c37659 | c37498 | c36860 | c37277,2.0,2
germanquad,q37250,c37248,c37248 | c37498 | c37509 | c38307 | c40369 | c38189 | c41090 | c36848 | c40315 | c36803,1.0,1
germanquad,q37251,c37248,c37498 | c37509 | c37248 | c38307 | c38189 | c41200 | c38281 | c41161 | c38806 | c41599,3.0,3
germanquad,q36848,c36848,c36848 | c41364 | c41219 | c44097 | c41153 | c38590 | c41528 | c38194 | c36853 | c37034,1.0,1
germanquad,q36849,c36848,c36848 | c37569 | c41105 | c37475 | c41192 | c36718 | c36674 | c40511 | c40579 | c37379,1.0,1
germanquad,q36850,c36848,c36848 | c38268 | c40389 | c37475 | c41731 | c38297 | c41105 | c42127 | c37419 | c36718,1.0,1
germanquad,q36851,c36848,c36848 | c41584 | c38310 | c37313 | c37237 | c41090 | c38087 | c45624 | c36784 | c36811,1.0,1
germanquad,q36852,c36848,c36848 | c41435 | c41496 | c42127 | c38273 | c38297 | c37419 | c37475 | c38247 | c41125,1.0,1
germanquad,q36981,c36981,c36981 | c37192 | c37197 | c37569 | c38045 | c37324 | c36762 | c40312 | c41339 | c38628,1.0,1
germanquad,q36982,c36981,c36981 | c37569 | c41339 | c38590 | c38338 | c41058 | c41231 | c41235 | c38210 | c37270,1.0,1
germanquad,q37035,c37035,c37035 | c38326 | c38609 | c38467 | c38332 | c41125 | c36853 | c37393 | c37419 | c41734,1.0,1
germanquad,q36781,c36781,c41290 | c36974 | c45657 | c41062 | c38077 | c36774 | c36794 | c41396 | c41413 | c37232,,145
germanquad,q36847,c36847,c36847 | c38194 | c44127 | c41153 | c37324 | c41540 | c38552 | c41176 | c36860 | c38590,1.0,1
germanquad,q36819,c36847,c36847 | c37282 | c36541 | c41465 | c38579 | c37303 | c44026 | c36860 | c37569 | c37777,1.0,1
germanquad,q37170,c37170,c37170 | c38314 | c41478 | c37407 | c38467 | c40467 | c41165 | c38189 | c44038 | c36428,1.0,1
germanquad,q37171,c37170,c37170 | c37338 | c37326 | c38241 | c37046 | c38233 | c38037 | c38474 | c38762 | c45624,1.0,1
germanquad,q37172,c37170,c37170 | c38314 | c38467 | c37055 | c37393 | c36428 | c40520 | c36791 | c36794 | c40540,1.0,1
germanquad,q37173,c37170,c36423 | c37170 | c41267 | c36428 | c42095 | c41119 | c41474 | c40512 | c41517 | c38037,2.0,2
germanquad,q37022,c37170,c37170 | c38326 | c38467 | c37365 | c36423 | c37099 | c38381 | c37407 | c41267 | c37393,1.0,1
germanquad,q36642,c36642,c36642 | c37886 | c38806 | c41349 | c38470 | c38545 | c40498 | c44123 | c38189 | c40543,1.0,1
germanquad,q36643,c36642,c36642 | c37886 | c40498 | c40543 | c38545 | c38470 | c38568 | c41536 | c41349 | c38806,1.0,1
germanquad,q36644,c36642,c36642 | c40315 | c41349 | c37886 | c40543 | c37756 | c41435 | c38545 | c44123 | c38290,1.0,1
germanquad,q36645,c36642,c36642 | c41349 | c41435 | c37756 | c38480 | c36594 | c41366 | c38475 | c44123 | c37282,1.0,1
germanquad,q36646,c36642,c36642 | c37886 | c41349 | c44123 | c41435 | c38470 | c40311 | c36594 | c41536 | c40543,1.0,1
germanquad,q36647,c36642,c44123 | c36642 | c37756 | c37886 | c38467 | c40315 | c41435 | c37365 | c41171 | c40543,2.0,2
germanquad,q36648,c36642,c36642 | c37756 | c37886 | c44123 | c36548 | c40315 | c38467 | c41734 | c38326 | c41171,1.0,1
germanquad,q36649,c36642,c37886 | c36642 | c44123 | c37756 | c40498 | c41435 | c41349 | c38806 | c38470 | c41037,2.0,2
germanquad,q36650,c36642,c36642 | c37886 | c37756 | c41382 | c41349 | c44123 | c38560 | c40224 | c37407 | c41435,1.0,1
germanquad,q36651,c36642,c36642 | c37886 | c41349 | c44123 | c38806 | c41435 | c41037 | c38470 | c40498 | c40224,1.0,1
germanquad,q36653,c36642,c36642 | c37886 | c38470 | c41349 | c44123 | c40498 | c41037 | c41435 | c36848 | c41322,1.0,1
germanquad,q36654,c36642,c36642 | c44123 | c37886 | c38806 | c41435 | c38290 | c41442 | c40543 | c36598 | c38467,1.0,1
germanquad,q36655,c36642,c36642 | c44123 | c37756 | c41037 | c37886 | c38467 | c40315 | c41435 | c37365 | c40543,1.0,1
germanquad,q36658,c36642,c36642 | c44123 | c38470 | c41037 | c40498 | c41349 | c41442 | c41523 | c41138 | c41296,1.0,1
germanquad,q36659,c36642,c36642 | c37886 | c44123 | c37756 | c40315 | c41037 | c41435 | c41349 | c38470 | c41442,1.0,1
germanquad,q36661,c36642,c36642 | c37886 | c44123 | c40498 | c36859 | c44138 | c38470 | c41349 | c41296 | c36774,1.0,1
germanquad,q36663,c36642,c36642 | c37886 | c38806 | c44123 | c41037 | c38290 | c38470 | c40543 | c41435 | c41349,1.0,1
germanquad,q36664,c36642,c36642 | c37886 | c41349 | c38470 | c40498 | c44123 | c41037 | c41435 | c38545 | c38122,1.0,1
germanquad,q36984,c36984,c36709 | c37756 | c36984 | c37871 | c41171 | c38006 | c36784 | c40477 | c36558 | c37330,3.0,3
germanquad,q36986,c36984,c36984 | c40236 | c41351 | c37034 | c37035 | c38590 | c41153 | c38206 | c38194 | c36811,1.0,1
germanquad,q36987,c36984,c36984 | c38189 | c41496 | c37392 | c36665 | c36674 | c36811 | c41156 | c41277 | c45264,1.0,1
germanquad,q36989,c36984,c36984 | c36784 | c37871 | c37667 | c38488 | c45264 | c38189 | c41678 | c38842 | c41186,1.0,1
germanquad,q36990,c36984,c36784 | c37256 | c36984 | c41391 | c36674 | c42112 | c38273 | c41401 | c37392 | c41165,3.0,3
germanquad,q36992,c36984,c36984 | c41067 | c41119 | c45264 | c38783 | c41594 | c38314 | c36784 | c36423 | c41148,1.0,1
germanquad,q36996,c36984,c36984 | c38125 | c41731 | c37475 | c38297 | c37419 | c42127 | c41153 | c37484 | c41523,1.0,1
germanquad,q36997,c36984,c38466 | c41489 | c41138 | c37419 | c40427 | c38049 | c41277 | c45624 | c37862 | c41186,,11
germanquad,q37016,c37016,c37016 | c37346 | c38189 | c37319 | c38290 | c36728 | c41193 | c38227 | c38482 | c37671,1.0,1
germanquad,q37017,c37016,c37016 | c40236 | c40543 | c41468 | c37667 | c37379 | c36774 | c36602 | c41171 | c44123,1.0,1
germanquad,q36859,c36859,c36859 | c41322 | c41536 | c40462 | c38290 | c37197 | c40543 | c36642 | c37756 | c36699,1.0,1
germanquad,q37176,c36859,c36859 | c41322 | c36642 | c36774 | c37756 | c41451 | c41536 | c38290 | c37886 | c38520,1.0,1
germanquad,q37179,c36859,c36859 | c41536 | c40462 | c41322 | c37390 | c36642 | c36736 | c37756 | c37871 | c38281,1.0,1
germanquad,q37180,c36859,c36859 | c37756 | c41536 | c40543 | c41322 | c38590 | c42123 | c38305 | c37270 | c37644,1.0,1
germanquad,q37182,c36859,c36859 | c37615 | c41536 | c37756 | c38467 | c36816 | c37659 | c38537 | c37084 | c36558,1.0,1
germanquad,q36974,c36974,c37394 | c36749 | c37197 | c38381 | c41142 | c40511 | c41364 | c41734 | c36781 | c36794,,353
germanquad,q36975,c36974,c36974 | c37033 | c38189 | c38077 | c37232 | c41177 | c36611 | c41536 | c41447 | c37394,1.0,1
germanquad,q36977,c36974,c36974 | c37394 | c42095 | c36749 | c36548 | c38282 | c36794 | c45264 | c38251 | c38063,1.0,1
germanquad,q36978,c36974,c36974 | c41090 | c37207 | c38077 | c38063 | c44104 | c41186 | c41360 | c40462 | c41105,1.0,1
germanquad,q37003,c37003,c37003 | c38467 | c37209 | c36674 | c36428 | c38469 | c37777 | c38786 | c37475 | c37419,1.0,1
germanquad,q37006,c37003,c41404 | c37495 | c40311 | c37493 | c41059 | c41133 | c36553 | c38467 | c36736 | c41478,,119
germanquad,q37007,c37003,c37003 | c37576 | c37777 | c38467 | c37502 | c40236 | c42095 | c41401 | c36423 | c37393,1.0,1
germanquad,q37008,c37003,c37003 | c37495 | c40311 | c38297 | c41059 | c38293 | c40236 | c38125 | c40448 | c41153,1.0,1
germanquad,q37009,c37003,c37003 | c37390 | c37722 | c38122 | c36602 | c41179 | c41468 | c37569 | c41171 | c36752,1.0,1
germanquad,q37010,c37003,c37003 | c37298 | c40311 | c38467 | c38326 | c37777 | c36816 | c38125 | c41766 | c36572,1.0,1
germanquad,q37011,c37003,c37003 | c40311 | c40512 | c41364 | c38590 | c36811 | c36803 | c42095 | c44123 | c41279,1.0,1
germanquad,q37012,c37003,c37003 | c40236 | c37871 | c38177 | c36594 | c36428 | c38189 | c40411 | c38240 | c45264,1.0,1
germanquad,q37013,c37003,c37003 | c41197 | c37495 | c37426 | c38189 | c41678 | c37326 | c40236 | c42095 | c38320,1.0,1
germanquad,q36688,c36688,c36688 | c37338 | c38189 | c40498 | c38628 | c38631 | c41496 | c41156 | c45264 | c45648,1.0,1
germanquad,q36689,c36688,c36688 | c40477 | c40498 | c41090 | c41422 | c38381 | c38762 | c37495 | c45624 | c36428,1.0,1
germanquad,q36692,c36688,c36688 | c38631 | c41599 | c40511 | c36796 | c41536 | c41290 | c38263 | c37756 | c40498,1.0,1
germanquad,q36733,c36733,c36733 | c41148 | c38568 | c41062 | c40312 | c41108 | c37264 | c41266 | c37197 | c38146,1.0,1
germanquad,q36734,c36733,c36733 | c41148 | c40427 | c40483 | c38194 | c36774 | c41235 | c41369 | c37580 | c40380,1.0,1
germanquad,q36735,c36733,c36733 | c37884 | c41148 | c38122 | c36774 | c40380 | c41394 | c41540 | c40427 | c37596,1.0,1
germanquad,q36758,c36758,c36758 | c37313 | c38482 | c41447 | c40312 | c41304 | c41105 | c38762 | c36774 | c36981,1.0,1
germanquad,q36759,c36758,c36758 | c37428 | c40448 | c41169 | c40512 | c41161 | c41556 | c40462 | c38045 | c40236,1.0,1
germanquad,q37018,c37018,c37018 | c36674 | c40224 | c38247 | c37419 | c37475 | c38273 | c36428 | c42123 | c37209,1.0,1
germanquad,q37019,c37018,c37018 | c41177 | c38189 | c40436 | c37727 | c40395 | c38798 | c45264 | c41678 | c41058,1.0,1
germanquad,q37021,c37018,c37018 | c37777 | c41125 | c41169 | c38467 | c41734 | c36598 | c36816 | c37346 | c36688,1.0,1
germanquad,q36709,c36709,c36709 | c41200 | c36572 | c41678 | c41290 | c37618 | c40389 | c36811 | c41142 | c36796,1.0,1
germanquad,q36710,c36709,c36709 | c41678 | c37509 | c41611 | c36665 | c38631 | c36796 | c37446 | c41059 | c41606,1.0,1
germanquad,q36711,c36709,c36709 | c41200 | c38233 | c37270 | c38467 | c41296 | c41678 | c44019 | c37248 | c41188,1.0,1
germanquad,q36712,c36709,c36709 | c38233 | c41200 | c37270 | c41678 | c38467 | c37509 | c41766 | c36811 | c38470,1.0,1
germanquad,q36713,c36709,c41200 | c36709 | c38233 | c37270 | c41369 | c38467 | c41366 | c38791 | c37248 | c38470,2.0,2
germanquad,q36714,c36709,c36709 | c41200 | c38233 | c37270 | c38534 | c40389 | c41062 | c41192 | c37268 | c41369,1.0,1
germanquad,q36716,c36709,c38241 | c40520 | c36709 | c38836 | c40483 | c37624 | c41210 | c36769 | c37394 | c36699,3.0,3
germanquad,q36729,c36729,c36729 | c37319 | c36803 | c41171 | c36598 | c36853 | c37671 | c41382 | c37099 | c36749,1.0,1
germanquad,q36730,c36729,c36729 | c37319 | c36803 | c37671 | c38290 | c41536 | c44045 | c40498 | c37731 | c36642,1.0,1
germanquad,q36731,c36729,c36729 | c37319 | c36803 | c36860 | c41512 | c37756 | c41536 | c36598 | c37034 | c36727,1.0,1
germanquad,q36732,c36729,c36729 | c37319 | c36803 | c41413 | c37346 | c37756 | c41536 | c42109 | c36860 | c38590,1.0,1
germanquad,q36752,c36752,c36752 | c37756 | c41435 | c37886 | c38305 | c38835 | c41148 | c40315 | c37272 | c41037,1.0,1
germanquad,q36753,c36752,c36752 | c41304 | c37862 | c40312 | c37264 | c41266 | c37197 | c41413 | c41062 | c37192,1.0,1
germanquad,q36724,c36724,c37731 | c36724 | c36974 | c41413 | c38467 | c38045 | c40436 | c41528 | c38470 | c41142,2.0,2
germanquad,q36725,c36724,c36724 | c37025 | c42127 | c36860 | c41239 | c41152 | c41363 | c37303 | c42109 | c37319,1.0,1
germanquad,q36726,c36724,c37731 | c37413 | c36724 | c40535 | c37569 | c41231 | c41186 | c37475 | c38297 | c41062,3.0,3
germanquad,q36736,c36736,c36736 | c41347 | c41138 | c42112 | c36796 | c41165 | c36423 | c41142 | c40311 | c38097,1.0,1
germanquad,q36737,c36736,c36736 | c36423 | c42112 | c41138 | c41142 | c41133 | c36674 | c36811 | c36796 | c41678,1.0,1
germanquad,q36739,c36736,c36736 | c42112 | c36423 | c42095 | c36796 | c37871 | c41678 | c41138 | c41133 | c41142,1.0,1
germanquad,q36740,c36736,c41678 | c36736 | c38467 | c42112 | c36423 | c36796 | c42095 | c37365 | c41188 | c40423,2.0,2
germanquad,q36741,c36736,c36736 | c41133 | c42112 | c41678 | c37871 | c36423 | c36796 | c42095 | c36811 | c40423,1.0,1
germanquad,q36743,c36736,c36736 | c42112 | c36423 | c41401 | c37871 | c41678 | c36789 | c36796 | c42095 | c40311,1.0,1
germanquad,q36744,c36736,c36423 | c42095 | c36736 | c42112 | c36796 | c37576 | c41678 | c41401 | c40311 | c37003,3.0,3
germanquad,q36745,c36736,c36736 | c36789 | c41133 | c41401 | c42095 | c37106 | c36558 | c40236 | c37871 | c41678,1.0,1
germanquad,q36746,c36736,c36736 | c36423 | c42112 | c42095 | c36796 | c37871 | c36789 | c44038 | c37338 | c36558,1.0,1
germanquad,q36747,c36736,c36736 | c36423 | c41599 | c40512 | c38189 | c41179 | c37003 | c36794 | c40223 | c37046,1.0,1
germanquad,q36748,c36736,c41678 | c36789 | c36423 | c36736 | c36796 | c42095 | c36558 | c37871 | c40311 | c40423,4.0,4
germanquad,q36762,c36762,c36762 | c41339 | c37264 | c37862 | c41205 | c37498 | c41105 | c38297 | c37109 | c40312,1.0,1
germanquad,q36763,c36762,c36762 | c41205 | c41225 | c38467 | c41366 | c37365 | c38474 | c36974 | c38210 | c38326,1.0,1
germanquad,q36749,c36749,c36749 | c40389 | c37475 | c41731 | c42127 | c41105 | c36718 | c38297 | c37419 | c36602,1.0,1
germanquad,q36750,c36749,c36749 | c41391 | c41225 | c38816 | c37446 | c41078 | c36728 | c37878 | c38210 | c37509,1.0,1
germanquad,q36751,c36749,c36749 | c38122 | c38332 | c41090 | c41344 | c41219 | c42127 | c38024 | c37756 | c40389,1.0,1
germanquad,q36760,c36760,c36760 | c37175 | c38247 | c37055 | c42109 | c41062 | c38482 | c37529 | c37389 | c41171,1.0,1
germanquad,q36761,c36760,c42109 | c37175 | c36860 | c36760 | c38835 | c41239 | c36727 | c41363 | c41152 | c37403,4.0,4
germanquad,q36419,c36419,c40389 | c38227 | c38273 | c42127 | c41105 | c36419 | c37475 | c38297 | c37419 | c36718,6.0,6
germanquad,q36420,c36419,c36419 | c41344 | c41678 | c36791 | c36699 | c38470 | c40219 | c41611 | c37688 | c38284,1.0,1
germanquad,q36652,c36419,c36419 | c38273 | c42095 | c37428 | c37576 | c40571 | c36794 | c41533 | c40311 | c38156,1.0,1
germanquad,q36656,c36419,c41138 | c40311 | c37596 | c37442 | c37495 | c41153 | c41351 | c45642 | c36791 | c40397,,355
germanquad,q36693,c36693,c36693 | c37197 | c41347 | c38798 | c38189 | c37379 | c37407 | c36558 | c38297 | c38125,1.0,1
germanquad,q36694,c36693,c36693 | c37419 | c36674 | c38798 | c40512 | c41611 | c41401 | c40224 | c38273 | c36428,1.0,1
germanquad,q36696,c36693,c36693 | c38798 | c41734 | c41496 | c38579 | c37209 | c37298 | c38590 | c38537 | c41382,1.0,1
germanquad,q36754,c36754,c36754 | c38836 | c44122 | c38241 | c40520 | c40483 | c41210 | c37437 | c38290 | c36724,1.0,1
germanquad,q36755,c36754,c36754 | c37383 | c38045 | c41153 | c42107 | c37390 | c41465 | c37263 | c37346 | c37247,1.0,1
germanquad,q36756,c36754,c37475 | c36718 | c37419 | c40389 | c42127 | c37618 | c41523 | c38297 | c41153 | c36602,,61
germanquad,q36757,c36754,c36754 | c38836 | c41142 | c36764 | c44122 | c38590 | c41290 | c36736 | c41138 | c41153,1.0,1
germanquad,q37014,c37014,c37014 | c36853 | c41296 | c37475 | c40315 | c45264 | c41356 | c41435 | c41037 | c38631,1.0,1
germanquad,q37015,c37014,c37014 | c36853 | c38241 | c40376 | c41413 | c38146 | c36541 | c41403 | c41465 | c41078,1.0,1
germanquad,q36764,c36764,c36764 | c37475 | c37437 | c38077 | c41138 | c37282 | c36794 | c41148 | c40543 | c38467,1.0,1
germanquad,q36765,c36764,c36764 | c42112 | c37379 | c37569 | c37475 | c41347 | c38326 | c36774 | c41138 | c41142,1.0,1
germanquad,q36766,c36764,c36764 | c37475 | c41536 | c38590 | c41142 | c42112 | c41138 | c38297 | c36774 | c41033,1.0,1
germanquad,q36548,c36548,c36548 | c38073 | c38063 | c37869 | c38077 | c38545 | c37394 | c41536 | c36611 | c41179,1.0,1
germanquad,q36550,c36548,c36548 | c41205 | c38073 | c38467 | c37671 | c37869 | c38545 | c44026 | c38268 | c38338,1.0,1
germanquad,q36727,c36727,c36727 | c40389 | c38467 | c38241 | c36728 | c38122 | c37475 | c41731 | c41468 | c42127,1.0,1
germanquad,q36769,c36769,c36769 | c41413 | c37247 | c42107 | c41108 | c37393 | c36722 | c37263 | c38786 | c40315,1.0,1
germanquad,q36770,c36769,c36769 | c38057 | c41404 | c38836 | c37446 | c41192 | c38125 | c41606 | c41115 | c40462,1.0,1
germanquad,q36771,c36769,c36769 | c38520 | c36596 | c36791 | c41404 | c41192 | c37569 | c41205 | c38194 | c36598,1.0,1
germanquad,q36772,c36769,c41404 | c37365 | c40571 | c38467 | c36769 | c41734 | c38326 | c41347 | c37419 | c37393,5.0,5
germanquad,q36773,c36769,c36769 | c41404 | c38326 | c40520 | c38467 | c41734 | c37394 | c40571 | c37217 | c37365,1.0,1
germanquad,q37185,c37185,c37185 | c37361 | c36581 | c38467 | c40397 | c36762 | c41343 | c41396 | c38791 | c38842,1.0,1
germanquad,q37189,c37185,c36558 | c37379 | c37313 | c40397 | c37185 | c38842 | c36581 | c40448 | c37106 | c36674,5.0,5
germanquad,q37190,c37185,c37185 | c40397 | c38791 | c41468 | c41489 | c38467 | c38097 | c41413 | c41343 | c41445,1.0,1
germanquad,q37191,c37185,c38467 | c37185 | c41734 | c38791 | c37419 | c41401 | c37365 | c38326 | c40512 | c41343,2.0,2
germanquad,q37193,c37185,c37282 | c40397 | c38077 | c36558 | c38842 | c36581 | c37185 | c36606 | c41148 | c38590,7.0,7
germanquad,q36551,c36551,c36551 | c36816 | c41412 | c41033 | c42109 | c38297 | c41277 | c40389 | c38816 | c37618,1.0,1
germanquad,q36552,c36551,c36551 | c36816 | c41412 | c37084 | c37655 | c40519 | c36722 | c38783 | c38282 | c37227,1.0,1
germanquad,q36596,c36596,c36596 | c37680 | c41474 | c41161 | c36693 | c38273 | c38762 | c41179 | c37322 | c41058,1.0,1
germanquad,q36597,c36596,c36596 | c41058 | c37322 | c38273 | c41179 | c37680 | c37475 | c41474 | c42095 | c41235,1.0,1
germanquad,q36728,c36728,c36728 | c38471 | c38579 | c41176 | c41309 | c37170 | c37475 | c38273 | c40483 | c37711,1.0,1
germanquad,q37227,c37227,c37227 | c37263 | c38094 | c40405 | c37389 | c40389 | c37475 | c42127 | c41731 | c36674,1.0,1
germanquad,q37229,c37227,c37227 | c36419 | c41584 | c37263 | c38471 | c41344 | c37618 | c41360 | c38004 | c41148,1.0,1
germanquad,q37230,c37227,c37227 | c40405 | c37389 | c41304 | c41413 | c36541 | c36774 | c37263 | c41468 | c41142,1.0,1
germanquad,q37231,c37227,c37227 | c40405 | c37389 | c41304 | c41413 | c36541 | c36774 | c37263 | c41468 | c41142,1.0,1
germanquad,q37680,c37680,c37680 | c41058 | c37055 | c41179 | c36812 | c37322 | c36596 | c37298 | c41474 | c42095,1.0,1
germanquad,q37681,c37680,c37680 | c41606 | c37379 | c38057 | c41678 | c37722 | c38836 | c37035 | c38297 | c38037,1.0,1
germanquad,q37684,c37680,c37680 | c38467 | c37569 | c36816 | c40470 | c37319 | c41412 | c41599 | c37426 | c41356,1.0,1
germanquad,q37685,c37680,c37680 | c38467 | c36596 | c44019 | c36816 | c41347 | c37361 | c38798 | c38122 | c41474,1.0,1
germanquad,q37687,c37680,c37680 | c36596 | c41474 | c38273 | c37322 | c38297 | c41179 | c41058 | c41153 | c40389,1.0,1
germanquad,q37324,c37324,c37324 | c37197 | c36428 | c36762 | c40312 | c38628 | c37264 | c41211 | c41142 | c40380,1.0,1
germanquad,q37325,c37324,c41266 | c41401 | c37389 | c41138 | c38281 | c37324 | c38037 | c41192 | c44097 | c44122,6.0,6
germanquad,q37348,c37348,c37348 | c41413 | c38037 | c37282 | c36794 | c38156 | c36428 | c38513 | c38077 | c38470,1.0,1
germanquad,q37350,c37348,c38168 | c40540 | c41369 | c36860 | c37348 | c36602 | c37195 | c38552 | c38590 | c36784,5.0,5
germanquad,q37351,c37348,c37869 | c37618 | c37777 | c37348 | c36794 | c40407 | c37667 | c38258 | c36553 | c37264,4.0,4
germanquad,q36541,c36541,c36541 | c36791 | c41468 | c36774 | c41138 | c37667 | c37348 | c40540 | c38057 | c41062,1.0,1
germanquad,q36542,c36541,c36541 | c37403 | c38326 | c36791 | c37324 | c38786 | c42109 | c38381 | c41211 | c41161,1.0,1
germanquad,q36543,c36541,c41468 | c41279 | c36791 | c36541 | c40224 | c38297 | c37403 | c37348 | c45657 | c37484,4.0,4
germanquad,q36544,c36541,c36541 | c37197 | c37237 | c36791 | c38786 | c41496 | c37403 | c37517 | c44008 | c41528,1.0,1
germanquad,q36545,c36541,c36541 | c37237 | c37247 | c37667 | c36791 | c37403 | c44008 | c36812 | c41528 | c38977,1.0,1
germanquad,q36546,c36541,c36541 | c37403 | c37348 | c36791 | c38467 | c44122 | c38609 | c41528 | c45657 | c44008,1.0,1
germanquad,q36547,c36541,c36541 | c37348 | c37403 | c38467 | c36791 | c41528 | c36704 | c38258 | c36674 | c41279,1.0,1
germanquad,q36553,c36553,c36553 | c37100 | c41033 | c37688 | c37106 | c40448 | c38122 | c38467 | c41468 | c38219,1.0,1
germanquad,q36554,c36553,c36553 | c37100 | c37688 | c37667 | c37106 | c38146 | c41165 | c40448 | c38131 | c37862,1.0,1
germanquad,q36556,c36553,c36553 | c45624 | c42123 | c37419 | c40223 | c38552 | c38097 | c41468 | c41347 | c37884,1.0,1
germanquad,q36557,c36553,c36553 | c37100 | c37688 | c37106 | c38131 | c41033 | c40519 | c36774 | c37862 | c38227,1.0,1
germanquad,q36606,c36606,c40376 | c36606 | c38141 | c42127 | c41277 | c40389 | c41033 | c37268 | c41179 | c38297,2.0,2
germanquad,q36607,c36606,c36606 | c37324 | c41105 | c41090 | c41465 | c36419 | c37596 | c38073 | c36974 | c45648,1.0,1
germanquad,q36558,c36558,c36558 | c40311 | c37185 | c42095 | c40397 | c38842 | c37777 | c36581 | c36423 | c41165,1.0,1
germanquad,q36561,c36558,c36558 | c38467 | c40311 | c37185 | c40397 | c38842 | c42095 | c37777 | c41678 | c36581,1.0,1
germanquad,q36562,c36558,c36558 | c37379 | c40397 | c37393 | c37313 | c41496 | c38467 | c40448 | c41347 | c37197,1.0,1
germanquad,q36563,c36558,c36558 | c37379 | c40397 | c37313 | c40448 | c40423 | c40512 | c37106 | c41188 | c38037,1.0,1
germanquad,q36564,c36558,c36558 | c38842 | c40397 | c37185 | c37357 | c40219 | c41142 | c36581 | c37777 | c41056,1.0,1
germanquad,q36566,c36558,c36558 | c37248 | c38631 | c40397 | c38842 | c41277 | c37185 | c41165 | c36581 | c38480,1.0,1
germanquad,q36567,c36558,c36558 | c37248 | c40397 | c38842 | c38189 | c37185 | c36581 | c37509 | c36847 | c41611,1.0,1
germanquad,q36568,c36558,c36558 | c40397 | c36789 | c36581 | c38842 | c37185 | c40512 | c38189 | c40571 | c36794,1.0,1
germanquad,q36569,c36558,c36558 | c36789 | c40397 | c38842 | c40571 | c40448 | c36553 | c41188 | c40512 | c37109,1.0,1
germanquad,q36570,c36558,c36558 | c40397 | c38842 | c37185 | c38467 | c36581 | c40224 | c41279 | c41500 | c41584,1.0,1
germanquad,q36571,c36558,c36558 | c37509 | c37379 | c37003 | c40397 | c41133 | c37313 | c40448 | c41125 | c38189,1.0,1
germanquad,q36572,c36572,c36572 | c36709 | c38314 | c38049 | c41266 | c41133 | c37671 | c38624 | c36674 | c38188,1.0,1
germanquad,q36573,c36572,c36572 | c40311 | c37878 | c36594 | c41366 | c37003 | c41363 | c41599 | c37385 | c37392,1.0,1
germanquad,q36574,c36572,c36572 | c41366 | c41133 | c40535 | c38475 | c37264 | c38553 | c41468 | c36596 | c41156,1.0,1
germanquad,q36575,c36572,c36572 | c41119 | c41152 | c37390 | c36611 | c41451 | c36860 | c36538 | c38590 | c38762,1.0,1
germanquad,q36576,c36572,c36572 | c36758 | c37496 | c36789 | c37731 | c36674 | c41142 | c41108 | c41478 | c38131,1.0,1
germanquad,q36577,c36572,c36572 | c37264 | c37084 | c41171 | c41133 | c37446 | c38482 | c41059 | c37484 | c41179,1.0,1
germanquad,q36581,c36581,c41304 | c38842 | c38545 | c40397 | c37185 | c37264 | c38000 | c38131 | c41594 | c38002,,21
germanquad,q36582,c36581,c36581 | c37280 | c41304 | c40397 | c37185 | c36558 | c38467 | c41403 | c36774 | c38842,1.0,1
germanquad,q36584,c36581,c36581 | c36860 | c36558 | c38146 | c37185 | c38131 | c37493 | c37688 | c41304 | c36749,1.0,1
germanquad,q36585,c36581,c38842 | c36581 | c38049 | c40397 | c36558 | c37185 | c36794 | c37046 | c38156 | c45653,2.0,2
germanquad,q36586,c36581,c36581 | c38467 | c37192 | c41058 | c38470 | c41517 | c37209 | c37310 | c37227 | c41266,1.0,1
germanquad,q36587,c36581,c36581 | c40397 | c41304 | c37280 | c36558 | c38842 | c37493 | c37185 | c40532 | c41517,1.0,1
germanquad,q36588,c36581,c36581 | c38842 | c37777 | c36558 | c42112 | c41540 | c40397 | c41403 | c37310 | c38326,1.0,1
germanquad,q36590,c36581,c36581 | c38842 | c37324 | c40397 | c41290 | c37484 | c37185 | c36558 | c38194 | c41105,1.0,1
germanquad,q36602,c36602,c36602 | c40532 | c37884 | c38613 | c41347 | c37446 | c38282 | c41142 | c37018 | c38381,1.0,1
germanquad,q36603,c36602,c36602 | c36428 | c41119 | c37446 | c41115 | c36419 | c37731 | c40427 | c37319 | c41536,1.0,1
germanquad,q36604,c36602,c36602 | c38077 | c41142 | c41536 | c38762 | c41474 | c38189 | c37446 | c38045 | c36794,1.0,1
germanquad,q36605,c36602,c36602 | c37403 | c38783 | c37446 | c44115 | c41339 | c37247 | c38002 | c37756 | c37319,1.0,1
germanquad,q36638,c36638,c36638 | c44104 | c42127 | c38297 | c41523 | c41731 | c37419 | c41153 | c36602 | c36718,1.0,1
germanquad,q36639,c36638,c36638 | c37232 | c37175 | c38156 | c41403 | c41304 | c38783 | c38122 | c41766 | c37442,1.0,1
germanquad,q36640,c36638,c36638 | c44104 | c37475 | c36674 | c45264 | c38247 | c41360 | c37392 | c42112 | c38273,1.0,1
germanquad,q36641,c36638,c45624 | c36638 | c38122 | c38061 | c42127 | c36848 | c38310 | c41731 | c38297 | c41090,2.0,2
germanquad,q36423,c36423,c36423 | c42095 | c36428 | c38326 | c44016 | c37338 | c38467 | c38628 | c36736 | c41347,1.0,1
germanquad,q36424,c36423,c36423 | c38189 | c41142 | c41138 | c41611 | c37385 | c41599 | c36596 | c36665 | c41678,1.0,1
germanquad,q36425,c36423,c36423 | c44016 | c42095 | c36428 | c36558 | c42112 | c37871 | c41447 | c36736 | c41401,1.0,1
germanquad,q36426,c36423,c36423 | c44016 | c37576 | c37170 | c38273 | c36428 | c41119 | c42112 | c37338 | c41165,1.0,1
germanquad,q36427,c36423,c36423 | c37756 | c42095 | c36428 | c41111 | c36860 | c41156 | c41239 | c37580 | c36727,1.0,1
germanquad,q36662,c36423,c36423 | c36558 | c42095 | c38314 | c38467 | c36736 | c41401 | c41678 | c36796 | c41442,1.0,1
germanquad,q36669,c36423,c36423 | c36860 | c37310 | c36727 | c36665 | c41239 | c41363 | c41152 | c37338 | c40579,1.0,1
germanquad,q36670,c36423,c36423 | c37264 | c40411 | c40512 | c37437 | c41211 | c38628 | c38004 | c42112 | c36428,1.0,1
germanquad,q36671,c36423,c36423 | c41179 | c42095 | c37018 | c41356 | c40571 | c38470 | c40423 | c38290 | c36674,1.0,1
germanquad,q36673,c36423,c36423 | c42095 | c40311 | c38314 | c42112 | c37576 | c41165 | c36428 | c36736 | c37777,1.0,1
germanquad,q36665,c36665,c36665 | c38631 | c41309 | c38475 | c37428 | c37003 | c41356 | c41584 | c40423 | c36816,1.0,1
germanquad,q36666,c36665,c36665 | c38631 | c41309 | c37003 | c37428 | c37509 | c37393 | c41133 | c38467 | c37379,1.0,1
germanquad,q36667,c36665,c36665 | c36553 | c37353 | c41309 | c40448 | c37100 | c37392 | c38631 | c38836 | c41496,1.0,1
germanquad,q36668,c36665,c41309 | c36665 | c38631 | c40532 | c41356 | c40311 | c41366 | c37024 | c41422 | c38475,2.0,2
germanquad,q36672,c36665,c36665 | c41309 | c41366 | c40311 | c41468 | c37264 | c36553 | c38475 | c40411 | c36674,1.0,1
germanquad,q36675,c36665,c36665 | c37517 | c37270 | c41309 | c41339 | c36596 | c38467 | c38141 | c40483 | c36541,1.0,1
germanquad,q36677,c36665,c36665 | c37884 | c37428 | c41309 | c37389 | c38263 | c41347 | c41356 | c36709 | c41156,1.0,1
germanquad,q36678,c36665,c36665 | c41766 | c38537 | c37055 | c41309 | c40224 | c37248 | c37475 | c38631 | c41153,1.0,1
germanquad,q36682,c36665,c36796 | c36665 | c36674 | c38281 | c37398 | c44138 | c38537 | c38488 | c36794 | c38045,2.0,2
germanquad,q36684,c36665,c36674 | c36665 | c37398 | c41360 | c40224 | c41766 | c36816 | c37871 | c37018 | c37392,2.0,2
germanquad,q36685,c36665,c36665 | c38467 | c37398 | c37310 | c37338 | c40579 | c38470 | c36796 | c36674 | c37209,1.0,1
germanquad,q36687,c36665,c36665 | c42107 | c42109 | c41356 | c38631 | c41309 | c41523 | c41266 | c41734 | c37862,1.0,1
germanquad,q36699,c36699,c36699 | c37224 | c37033 | c41448 | c36718 | c37869 | c37475 | c37419 | c38791 | c38474,1.0,1
germanquad,q36700,c36699,c36699 | c42109 | c40427 | c36860 | c37389 | c41394 | c37252 | c37282 | c41138 | c44138,1.0,1
germanquad,q36701,c36699,c36699 | c37224 | c41448 | c38241 | c40389 | c37394 | c38326 | c40520 | c37488 | c38836,1.0,1
germanquad,q36702,c36699,c37224 | c36699 | c40389 | c37475 | c42127 | c41731 | c36674 | c40224 | c37419 | c38247,2.0,2
germanquad,q36703,c36699,c36699 | c41448 | c41153 | c37224 | c44045 | c38206 | c38194 | c38590 | c41058 | c41391,1.0,1
germanquad,q36718,c36718,c36718 | c41176 | c41594 | c37263 | c41536 | c40389 | c40477 | c41731 | c38297 | c37475,1.0,1
germanquad,q36719,c36718,c36718 | c41594 | c41344 | c41142 | c37203 | c37361 | c38783 | c38332 | c37580 | c37484,1.0,1
germanquad,q36720,c36718,c36718 | c38310 | c38471 | c41309 | c37442 | c38122 | c40389 | c37475 | c41731 | c40477,1.0,1
germanquad,q37357,c37357,c41056 | c37615 | c37618 | c37357 | c37520 | c37330 | c38077 | c37426 | c40540 | c37495,4.0,4
germanquad,q36774,c36774,c40471 | c37055 | c37502 | c36774 | c38297 | c40511 | c38513 | c38156 | c41489 | c41304,4.0,4
germanquad,q36775,c36774,c36774 | c37055 | c38156 | c38297 | c40471 | c38513 | c40511 | c41489 | c37502 | c41156,1.0,1
germanquad,q36776,c36774,c36774 | c37055 | c37502 | c38297 | c40471 | c40315 | c38156 | c38338 | c38513 | c41489,1.0,1
germanquad,q36777,c36774,c36774 | c37055 | c38156 | c40511 | c38297 | c40471 | c41489 | c38513 | c37502 | c41404,1.0,1
germanquad,q36778,c36774,c36774 | c37862 | c41156 | c38297 | c40471 | c37055 | c41734 | c37365 | c36423 | c38467,1.0,1
germanquad,q36779,c36774,c37862 | c36774 | c38297 | c37055 | c41489 | c40511 | c37493 | c38089 | c38513 | c38156,2.0,2
germanquad,q36780,c36774,c36774 | c38478 | c37197 | c38156 | c37502 | c37055 | c38338 | c37324 | c40504 | c41062,1.0,1
germanquad,q36784,c36784,c36784 | c38168 | c36984 | c41413 | c41396 | c38087 | c37313 | c36811 | c37502 | c38590,1.0,1
germanquad,q36786,c36784,c36784 | c37256 | c41391 | c40219 | c37671 | c36984 | c37330 | c37484 | c36774 | c38122,1.0,1
germanquad,q36787,c36784,c36784 | c38381 | c36984 | c38189 | c41523 | c40462 | c41059 | c37175 | c45264 | c41386,1.0,1
germanquad,q36788,c36784,c36784 | c41304 | c36674 | c37484 | c36984 | c41413 | c36848 | c41447 | c37502 | c37330,1.0,1
germanquad,q36791,c36791,c36791 | c41678 | c38786 | c40540 | c40407 | c36541 | c41279 | c37403 | c38263 | c36428,1.0,1
germanquad,q36792,c36791,c36791 | c37502 | c37413 | c37348 | c40223 | c38310 | c45624 | c41594 | c41366 | c40312,1.0,1
germanquad,q36793,c36791,c38241 | c38590 | c37348 | c38288 | c38210 | c41148 | c38097 | c36538 | c41277 | c36754,,102
germanquad,q37394,c37394,c37394 | c37035 | c37393 | c37298 | c37365 | c38467 | c38786 | c37055 | c36803 | c36548,1.0,1
germanquad,q37395,c37394,c37394 | c37303 | c42095 | c37272 | c41188 | c40462 | c37084 | c38189 | c37256 | c41105,1.0,1
germanquad,q36803,c36803,c36803 | c36729 | c37319 | c36974 | c38263 | c38189 | c37224 | c37659 | c41171 | c40315,1.0,1
germanquad,q36804,c36803,c36803 | c36729 | c37319 | c36816 | c38004 | c42095 | c41059 | c37777 | c38609 | c38798,1.0,1
germanquad,q36805,c36803,c36803 | c36729 | c37319 | c38087 | c37298 | c41734 | c36816 | c36548 | c36774 | c41489,1.0,1
germanquad,q36807,c36803,c36803 | c37319 | c36729 | c38122 | c37722 | c38233 | c36709 | c37529 | c37419 | c41171,1.0,1
germanquad,q36814,c36814,c36814 | c37195 | c41555 | c38284 | c37365 | c41734 | c41360 | c41386 | c45264 | c41523,1.0,1
germanquad,q36815,c36814,c36814 | c41266 | c37488 | c38004 | c41108 | c36572 | c40369 | c40571 | c37671 | c38314,1.0,1
germanquad,q36817,c36814,c36814 | c37335 | c37731 | c42112 | c36859 | c38006 | c36572 | c37419 | c41133 | c37322,1.0,1
germanquad,q36853,c36853,c36853 | c37014 | c41153 | c37303 | c38049 | c42107 | c36548 | c36794 | c41171 | c37207,1.0,1
germanquad,q36854,c36853,c36853 | c44045 | c37014 | c41153 | c41049 | c41105 | c38590 | c38293 | c41406 | c37035,1.0,1
germanquad,q36855,c36853,c37014 | c36853 | c41211 | c38553 | c41734 | c41442 | c38520 | c40543 | c37407 | c38263,2.0,2
germanquad,q36856,c36853,c36853 | c37014 | c41153 | c38590 | c41290 | c41413 | c38553 | c38194 | c36811 | c37263,1.0,1
germanquad,q36857,c36853,c36853 | c37014 | c41153 | c41049 | c38590 | c38293 | c41406 | c37035 | c44045 | c37256,1.0,1
germanquad,q36858,c36853,c36853 | c37014 | c41058 | c38590 | c37353 | c36551 | c38045 | c38210 | c37270 | c37217,1.0,1
germanquad,q37398,c37398,c37398 | c38836 | c41169 | c37711 | c37353 | c37722 | c37100 | c37326 | c37035 | c36758,1.0,1
germanquad,q37400,c37398,c37398 | c37365 | c37394 | c41734 | c37046 | c36548 | c36803 | c36774 | c36860 | c37055,1.0,1
germanquad,q37025,c37025,c37025 | c38816 | c40389 | c41344 | c36791 | c38284 | c41678 | c36699 | c41611 | c38470,1.0,1
germanquad,q37026,c37025,c37025 | c38816 | c40389 | c36847 | c41322 | c37498 | c37282 | c38590 | c41364 | c41403,1.0,1
germanquad,q37028,c37025,c37025 | c38049 | c38816 | c36722 | c40389 | c36699 | c45642 | c41144 | c37330 | c37033,1.0,1
germanquad,q37029,c37025,c37025 | c38816 | c40389 | c37247 | c38467 | c41186 | c38977 | c38470 | c38631 | c37502,1.0,1
germanquad,q37031,c37025,c37025 | c36749 | c41364 | c41142 | c38251 | c45657 | c38297 | c40376 | c42107 | c36598,1.0,1
germanquad,q36812,c36812,c36812 | c37383 | c41296 | c36767 | c41364 | c38712 | c42112 | c36754 | c36860 | c38482,1.0,1
germanquad,q36813,c36812,c36812 | c37383 | c38297 | c36767 | c37426 | c37756 | c38712 | c36754 | c41351 | c38977,1.0,1
germanquad,q37195,c37195,c37195 | c41351 | c38628 | c37389 | c41125 | c38240 | c38284 | c36811 | c38762 | c38381,1.0,1
germanquad,q37207,c37207,c37207 | c37247 | c37667 | c36812 | c44122 | c38251 | c38258 | c38977 | c41144 | c44115,1.0,1
germanquad,q37217,c37217,c37217 | c41536 | c38474 | c38314 | c41290 | c38284 | c41138 | c37403 | c38097 | c41465,1.0,1
germanquad,q37218,c37217,c37217 | c38314 | c38310 | c41210 | c41165 | c38546 | c38601 | c40223 | c36789 | c38284,1.0,1
germanquad,q37219,c37217,c37217 | c42127 | c41731 | c37419 | c37475 | c41153 | c41105 | c38297 | c41523 | c36602,1.0,1
germanquad,q37220,c37217,c37217 | c40223 | c41210 | c37392 | c41279 | c38546 | c41165 | c38467 | c42112 | c40224,1.0,1
germanquad,q37222,c37217,c37217 | c42123 | c41363 | c36722 | c41364 | c36754 | c36847 | c41142 | c37403 | c42107,1.0,1
germanquad,q37223,c37217,c37217 | c37484 | c37403 | c38546 | c36722 | c40223 | c36602 | c41210 | c37055 | c41056,1.0,1
germanquad,q37263,c37263,c37263 | c37084 | c37185 | c37268 | c37361 | c44008 | c41391 | c41594 | c36722 | c37541,1.0,1
germanquad,q37264,c37264,c37264 | c36596 | c38475 | c40483 | c41468 | c37338 | c38146 | c41133 | c41156 | c36774,1.0,1
germanquad,q37265,c37264,c37264 | c41156 | c36596 | c38475 | c41468 | c41133 | c36674 | c38037 | c36816 | c36774,1.0,1
germanquad,q37266,c37264,c37298 | c37365 | c38326 | c38467 | c36598 | c41734 | c37475 | c38125 | c41161 | c37419,,97
germanquad,q37267,c37264,c37264 | c41474 | c41049 | c38146 | c36847 | c40498 | c37488 | c38089 | c41339 | c40483,1.0,1
germanquad,q37270,c37270,c37270 | c36709 | c38233 | c41401 | c41210 | c40389 | c41523 | c41153 | c41200 | c37263,1.0,1
germanquad,q37271,c37270,c37270 | c41200 | c38233 | c36709 | c36736 | c37871 | c42095 | c40411 | c36665 | c40236,1.0,1
germanquad,q37282,c37282,c37282 | c41465 | c36847 | c36541 | c37303 | c44026 | c41403 | c38579 | c37495 | c41138,1.0,1
germanquad,q37283,c37282,c37282 | c41465 | c36847 | c38579 | c37303 | c44026 | c36860 | c37330 | c36541 | c41403,1.0,1
germanquad,q37284,c37282,c37282 | c36847 | c41465 | c37303 | c41403 | c37495 | c37403 | c37209 | c36860 | c36558,1.0,1
germanquad,q37285,c37282,c41465 | c36847 | c37282 | c36541 | c38579 | c40537 | c37303 | c44026 | c42127 | c36860,3.0,3
germanquad,q37286,c37282,c37282 | c36847 | c36860 | c41465 | c40537 | c36541 | c37303 | c38579 | c36816 | c44026,1.0,1
germanquad,q37287,c37282,c37282 | c36847 | c41465 | c38579 | c36541 | c37303 | c44026 | c36860 | c40537 | c37569,1.0,1
germanquad,q37303,c37303,c41153 | c38000 | c37217 | c37303 | c36981 | c37247 | c37248 | c37035 | c37596 | c37502,4.0,4
germanquad,q37304,c37303,c37303 | c38590 | c38156 | c37192 | c36774 | c41606 | c38513 | c38037 | c38210 | c38338,1.0,1
germanquad,q37305,c37303,c37303 | c36816 | c37298 | c37365 | c38467 | c41734 | c41049 | c38326 | c44019 | c37878,1.0,1
germanquad,q37306,c37303,c37303 | c36816 | c37878 | c37541 | c37280 | c37680 | c36767 | c41049 | c38513 | c42127,1.0,1
germanquad,q37307,c37303,c37303 | c40312 | c37264 | c41413 | c38482 | c37084 | c41153 | c38553 | c38097 | c37484,1.0,1
germanquad,q37308,c37303,c37303 | c36423 | c40315 | c38290 | c36581 | c41239 | c41153 | c41205 | c41322 | c38097,1.0,1
germanquad,q37309,c37303,c37303 | c38480 | c37175 | c41049 | c38579 | c38049 | c37319 | c41363 | c36860 | c41152,1.0,1
germanquad,q37319,c37319,c37319 | c36803 | c36729 | c41351 | c41171 | c41125 | c42112 | c36749 | c37446 | c37671,1.0,1
germanquad,q37320,c37319,c37319 | c36803 | c36729 | c37034 | c40369 | c40571 | c44138 | c38004 | c38141 | c45653,1.0,1
germanquad,q37321,c37319,c37319 | c36729 | c36803 | c37232 | c41090 | c41156 | c38816 | c36749 | c37392 | c40219,1.0,1
germanquad,q37237,c37237,c37237 | c38344 | c40389 | c40219 | c42127 | c41105 | c37475 | c38297 | c37419 | c36718,1.0,1
germanquad,q37238,c37237,c37237 | c37197 | c41496 | c38601 | c38798 | c37529 | c36693 | c38073 | c41037 | c41266,1.0,1
germanquad,q37239,c37237,c37237 | c38344 | c38189 | c37003 | c40498 | c36665 | c37484 | c37871 | c40219 | c45264,1.0,1
germanquad,q37240,c37237,c37237 | c38520 | c38073 | c41067 | c44038 | c38320 | c41386 | c37034 | c41037 | c38146,1.0,1
germanquad,q37343,c37237,c37237 | c36718 | c38288 | c38073 | c38560 | c37659 | c36791 | c37264 | c42127 | c38063,1.0,1
germanquad,q37344,c37237,c37237 | c41403 | c37475 | c41731 | c38297 | c37419 | c41153 | c42127 | c41105 | c36602,1.0,1
germanquad,q37385,c37385,c37385 | c37488 | c36784 | c41386 | c40571 | c41108 | c38004 | c45264 | c38202 | c41193,1.0,1
germanquad,q37386,c37385,c37385 | c41606 | c36642 | c38049 | c38273 | c38073 | c41386 | c38467 | c36784 | c38631,1.0,1
germanquad,q37387,c37385,c37385 | c37003 | c37298 | c36816 | c38467 | c40311 | c36572 | c40483 | c38631 | c37777,1.0,1
germanquad,q37428,c37428,c37428 | c38631 | c40512 | c41169 | c37777 | c41161 | c40448 | c42127 | c37419 | c42123,1.0,1
germanquad,q37429,c37428,c37428 | c38631 | c36816 | c37777 | c38467 | c37003 | c41267 | c41161 | c37393 | c41347,1.0,1
germanquad,q37430,c37428,c37428 | c38631 | c41142 | c37777 | c36774 | c45624 | c37055 | c37389 | c37615 | c37442,1.0,1
germanquad,q37431,c37428,c37428 | c38631 | c41169 | c36598 | c41205 | c40511 | c38194 | c36581 | c37615 | c38073,1.0,1
germanquad,q37432,c37428,c37428 | c38631 | c41734 | c37777 | c38482 | c40512 | c36674 | c37264 | c45264 | c37389,1.0,1
germanquad,q37433,c37428,c37428 | c38631 | c37385 | c36791 | c37777 | c38467 | c37392 | c38470 | c41496 | c40571,1.0,1
germanquad,q37434,c37428,c37428 | c38631 | c36665 | c36551 | c42095 | c36811 | c37871 | c41231 | c37365 | c41344,1.0,1
germanquad,q37437,c37437,c38000 | c37437 | c38537 | c40483 | c37361 | c37756 | c37389 | c38467 | c36767 | c37365,2.0,2
germanquad,q37439,c37437,c37437 | c38000 | c40483 | c38537 | c37446 | c37361 | c38189 | c41555 | c37264 | c41540,1.0,1
germanquad,q37440,c37437,c37437 | c40372 | c37208 | c41153 | c36674 | c41731 | c37018 | c41363 | c41033 | c40369,1.0,1
germanquad,q37488,c37488,c37488 | c37346 | c37671 | c41394 | c36602 | c37247 | c42107 | c40315 | c38307 | c37596,1.0,1
germanquad,q37489,c37488,c37488 | c37671 | c37346 | c40543 | c41734 | c37756 | c37264 | c37484 | c37495 | c40571,1.0,1
germanquad,q37490,c37488,c37346 | c37488 | c41594 | c41404 | c37393 | c37711 | c41500 | c41125 | c38122 | c41364,2.0,2
germanquad,q37491,c37488,c37488 | c37346 | c37197 | c38305 | c36541 | c44123 | c37484 | c40537 | c41366 | c41445,1.0,1
germanquad,q37492,c37488,c37488 | c41343 | c38202 | c41403 | c38478 | c37671 | c38037 | c37442 | c41386 | c38783,1.0,1
germanquad,q37493,c37493,c37493 | c41369 | c37484 | c38467 | c41205 | c36581 | c37615 | c38177 | c37282 | c38258,1.0,1
germanquad,q37494,c37493,c37493 | c41404 | c36548 | c38590 | c41413 | c41153 | c38194 | c40311 | c38842 | c38206,1.0,1
germanquad,q37498,c37498,c37498 | c41179 | c36581 | c41496 | c36860 | c38307 | c37495 | c38194 | c37324 | c41105,1.0,1
germanquad,q37499,c37498,c37498 | c41611 | c37264 | c36860 | c38835 | c36762 | c37484 | c37055 | c38631 | c36581,1.0,1
germanquad,q37500,c37498,c37498 | c36860 | c41611 | c37509 | c36581 | c37488 | c41766 | c41540 | c38537 | c41339,1.0,1
germanquad,q37501,c37498,c37498 | c37018 | c37502 | c41356 | c42095 | c36428 | c41369 | c36665 | c40423 | c38470,1.0,1
germanquad,q37517,c37517,c37517 | c38783 | c41351 | c37419 | c42127 | c42123 | c38284 | c41523 | c38273 | c38247,1.0,1
germanquad,q37518,c37517,c37517 | c38783 | c36419 | c45624 | c41351 | c38210 | c41366 | c40540 | c36791 | c37419,1.0,1
germanquad,q37519,c37517,c37517 | c40520 | c40477 | c38006 | c36423 | c44123 | c37385 | c42112 | c40543 | c36811,1.0,1
germanquad,q37569,c37569,c37569 | c36704 | c40543 | c37869 | c40483 | c36674 | c38467 | c37197 | c40236 | c38194,1.0,1
germanquad,q37570,c37569,c37569 | c40471 | c40511 | c37106 | c38305 | c41360 | c41062 | c38609 | c37502 | c37392,1.0,1
germanquad,q37571,c37569,c37569 | c40471 | c40511 | c37106 | c37502 | c38297 | c40315 | c38305 | c38338 | c41344,1.0,1
germanquad,q37572,c37569,c37569 | c40564 | c37365 | c41734 | c38326 | c37419 | c38467 | c37393 | c41347 | c40483,1.0,1
germanquad,q37573,c37569,c37569 | c40471 | c40511 | c37175 | c37106 | c40372 | c41059 | c38305 | c38590 | c40315,1.0,1
germanquad,q37574,c37569,c37569 | c40480 | c40579 | c41406 | c41058 | c41231 | c41496 | c38835 | c36596 | c41413,1.0,1
germanquad,q37578,c37569,c37569 | c40471 | c40511 | c37498 | c36860 | c36581 | c37502 | c38307 | c41731 | c38609,1.0,1
germanquad,q37580,c37580,c37580 | c36541 | c41528 | c37272 | c41144 | c38590 | c38094 | c41391 | c41165 | c42123,1.0,1
germanquad,q37581,c37580,c37475 | c38320 | c40389 | c41731 | c42127 | c41105 | c36718 | c38297 | c37419 | c36602,,287
germanquad,q37582,c37580,c37580 | c38320 | c38482 | c42095 | c41447 | c37357 | c41165 | c41266 | c37192 | c37475,1.0,1
germanquad,q37586,c37580,c37580 | c36541 | c37272 | c41528 | c37407 | c41200 | c36709 | c37871 | c40532 | c41556,1.0,1
germanquad,q37594,c37580,c37580 | c41611 | c41523 | c41049 | c36860 | c41211 | c40389 | c41142 | c37109 | c36791,1.0,1
germanquad,q37615,c37615,c37615 | c37618 | c41056 | c38004 | c37426 | c36749 | c37197 | c41382 | c37437 | c40498,1.0,1
germanquad,q37616,c37615,c37615 | c38836 | c41062 | c37018 | c41152 | c38837 | c41584 | c41403 | c38307 | c40389,1.0,1
germanquad,q37608,c37615,c37615 | c40380 | c37035 | c37247 | c41056 | c41152 | c38288 | c41296 | c37014 | c38061,1.0,1
germanquad,q37611,c37615,c37615 | c37667 | c38712 | c41142 | c41144 | c40470 | c38125 | c41344 | c41555 | c40380,1.0,1
germanquad,q37624,c37624,c37624 | c38241 | c38146 | c41219 | c37541 | c37330 | c37185 | c38624 | c37272 | c38073,1.0,1
germanquad,q37627,c37624,c37624 | c38624 | c37035 | c41394 | c37034 | c37383 | c41527 | c38590 | c41364 | c36860,1.0,1
germanquad,q37638,c37624,c37624 | c37365 | c41394 | c40389 | c38273 | c41153 | c38624 | c36699 | c45635 | c41611,1.0,1
germanquad,q37647,c37624,c37624 | c41394 | c36699 | c37383 | c38087 | c38024 | c38624 | c41231 | c37034 | c36767,1.0,1
germanquad,q37648,c37624,c37624 | c41394 | c36699 | c37383 | c38624 | c38024 | c41231 | c37034 | c36767 | c37192,1.0,1
germanquad,q37649,c37624,c37624 | c37365 | c37383 | c41394 | c41527 | c37034 | c44104 | c41125 | c41219 | c36693,1.0,1
germanquad,q37650,c37624,c37624 | c38251 | c44110 | c40477 | c38466 | c41111 | c41161 | c37383 | c41535 | c37437,1.0,1
germanquad,q37667,c37667,c37667 | c37247 | c37644 | c37437 | c37655 | c38467 | c40543 | c41161 | c36674 | c40312,1.0,1
germanquad,q37668,c37667,c41468 | c42127 | c45624 | c38297 | c41523 | c41731 | c37419 | c41153 | c36602 | c36718,,437
germanquad,q37669,c37667,c37667 | c37437 | c38467 | c40543 | c41161 | c36674 | c36598 | c37018 | c41205 | c41351,1.0,1
germanquad,q37674,c37667,c37667 | c41171 | c41734 | c36674 | c37393 | c36794 | c37247 | c36423 | c38381 | c36784,1.0,1
germanquad,q37676,c37667,c37667 | c38122 | c41766 | c37731 | c37437 | c37018 | c36764 | c38783 | c41403 | c40467,1.0,1
germanquad,q37677,c37667,c37667 | c37644 | c37247 | c41396 | c36598 | c37025 | c38467 | c37624 | c42107 | c36749,1.0,1
germanquad,q37679,c37667,c37667 | c37195 | c36774 | c41555 | c36553 | c41517 | c38590 | c41369 | c40312 | c37644,1.0,1
germanquad,q37711,c37711,c37711 | c37379 | c37394 | c38712 | c38467 | c41347 | c38474 | c40477 | c38546 | c41156,1.0,1
germanquad,q37712,c37711,c37711 | c41090 | c36602 | c37247 | c41171 | c42107 | c36722 | c37263 | c40315 | c41148,1.0,1
germanquad,q37715,c37711,c37711 | c37379 | c38712 | c37247 | c42107 | c36423 | c41156 | c36722 | c37263 | c40315,1.0,1
germanquad,q37717,c37711,c37711 | c41153 | c36674 | c41445 | c41062 | c42107 | c37209 | c37207 | c38004 | c41231,1.0,1
germanquad,q37719,c37711,c37711 | c38467 | c38189 | c41090 | c38474 | c41171 | c38227 | c36602 | c37185 | c37488,1.0,1
germanquad,q38326,c38326,c38326 | c37268 | c38590 | c41225 | c41403 | c37014 | c38712 | c44110 | c38004 | c41161,1.0,1
germanquad,q38327,c38326,c38326 | c37268 | c38590 | c41225 | c44110 | c38712 | c36602 | c38816 | c40512 | c37644,1.0,1
germanquad,q38328,c38326,c38326 | c42127 | c41403 | c40389 | c38122 | c40219 | c36602 | c41523 | c36794 | c38297,1.0,1
germanquad,q38329,c38326,c38326 | c38189 | c41290 | c41448 | c41152 | c38097 | c38474 | c37403 | c37426 | c41160,1.0,1
germanquad,q38330,c38326,c38326 | c42127 | c37383 | c41161 | c41062 | c37100 | c41290 | c37756 | c41403 | c37403,1.0,1
germanquad,q38331,c38326,c38326 | c40389 | c37475 | c42127 | c41731 | c36674 | c40224 | c37419 | c38247 | c38273,1.0,1
germanquad,q37756,c37756,c37756 | c44123 | c37886 | c36642 | c38480 | c38077 | c37596 | c38601 | c41435 | c41478,1.0,1
germanquad,q37757,c37756,c37756 | c36642 | c44123 | c37886 | c38189 | c38835 | c41148 | c37644 | c41435 | c36781,1.0,1
germanquad,q37759,c37756,c37756 | c37365 | c44123 | c37886 | c36642 | c37390 | c41186 | c37644 | c41142 | c40315,1.0,1
germanquad,q37761,c37756,c37756 | c37886 | c41435 | c38835 | c44123 | c36642 | c41349 | c41404 | c37731 | c41171,1.0,1
germanquad,q37762,c37756,c37756 | c44123 | c36642 | c37886 | c41435 | c40579 | c40315 | c41349 | c37419 | c41351,1.0,1
germanquad,q37763,c37756,c37756 | c44123 | c36642 | c37886 | c40315 | c41192 | c41435 | c40224 | c37618 | c37419,1.0,1
germanquad,q37764,c37756,c37756 | c44123 | c37886 | c36642 | c38206 | c38194 | c38590 | c36752 | c36699 | c41153,1.0,1
germanquad,q37766,c37756,c37756 | c44123 | c37886 | c36642 | c38537 | c36752 | c40224 | c40571 | c41403 | c41435,1.0,1
germanquad,q37768,c37756,c37756 | c44123 | c37886 | c36642 | c38189 | c41435 | c41037 | c40315 | c45264 | c41369,1.0,1
germanquad,q37769,c37756,c37756 | c44123 | c36752 | c37886 | c36642 | c40315 | c41037 | c40219 | c37046 | c37217,1.0,1
germanquad,q37770,c37756,c37756 | c37886 | c44123 | c41435 | c36752 | c36642 | c42123 | c40315 | c38590 | c41037,1.0,1
germanquad,q37772,c37756,c37756 | c41435 | c38189 | c37886 | c44123 | c36642 | c41349 | c40315 | c36860 | c36769,1.0,1
germanquad,q37774,c37756,c37756 | c44123 | c36642 | c37886 | c36674 | c41125 | c41435 | c41153 | c36548 | c37207,1.0,1
germanquad,q37776,c37756,c37756 | c44123 | c40571 | c37886 | c36642 | c41037 | c41382 | c38281 | c40543 | c40369,1.0,1
germanquad,q37346,c37346,c37346 | c37319 | c36728 | c41193 | c40389 | c41192 | c38227 | c37419 | c37671 | c37484,1.0,1
germanquad,q37349,c37346,c37346 | c37413 | c38534 | c37419 | c41142 | c41523 | c37484 | c45657 | c41153 | c44019,1.0,1
germanquad,q37352,c37346,c37346 | c40512 | c41734 | c41401 | c38326 | c37488 | c36674 | c38467 | c37185 | c45264,1.0,1
germanquad,q37354,c37346,c37346 | c37488 | c38293 | c41442 | c38534 | c38560 | c38590 | c36803 | c41171 | c37298,1.0,1
germanquad,q37358,c37346,c37346 | c40512 | c41734 | c38125 | c41401 | c36812 | c37517 | c36789 | c38613 | c45264,1.0,1
germanquad,q37359,c37346,c37346 | c37488 | c37671 | c38189 | c41386 | c45264 | c41678 | c41197 | c36803 | c41267,1.0,1
germanquad,q37360,c37346,c37488 | c37346 | c37671 | c41349 | c37252 | c41386 | c41144 | c37498 | c38194 | c41364,2.0,2
germanquad,q37363,c37346,c37346 | c37488 | c38273 | c41171 | c40543 | c40512 | c41401 | c40236 | c41386 | c45264,1.0,1
germanquad,q36722,c36722,c36722 | c42107 | c37210 | c37442 | c41067 | c41206 | c38189 | c37624 | c38836 | c41344,1.0,1
germanquad,q36723,c36722,c36722 | c37208 | c40389 | c42123 | c36749 | c41153 | c41219 | c37413 | c41523 | c36638,1.0,1
germanquad,q37862,c37862,c36541 | c37862 | c41468 | c38146 | c37252 | c41138 | c38122 | c37756 | c37688 | c38258,2.0,2
germanquad,q37863,c37862,c36847 | c37862 | c38258 | c41523 | c37655 | c37109 | c37878 | c41369 | c37385 | c40380,2.0,2
germanquad,q37864,c37862,c36674 | c40389 | c37569 | c38579 | c37209 | c42127 | c41179 | c37003 | c37475 | c41192,,63
germanquad,q37865,c37862,c37862 | c38258 | c37192 | c40436 | c37348 | c36674 | c38546 | c37403 | c41536 | c41192,1.0,1
germanquad,q37866,c37862,c37109 | c41369 | c36981 | c36704 | c38307 | c38579 | c37003 | c41364 | c37862 | c40579,9.0,9
germanquad,q37867,c37862,c37862 | c38258 | c38073 | c36794 | c41161 | c36598 | c41606 | c37495 | c41205 | c38513,1.0,1
germanquad,q37868,c37862,c37862 | c37644 | c37871 | c36674 | c37484 | c37576 | c41533 | c41478 | c41447 | c36428,1.0,1
germanquad,q38037,c38037,c38037 | c38338 | c37419 | c38467 | c37393 | c36598 | c41734 | c38006 | c38475 | c41599,1.0,1
germanquad,q38038,c38037,c38037 | c38338 | c36774 | c37224 | c38297 | c40236 | c41364 | c40532 | c37884 | c41176,1.0,1
germanquad,q38039,c38037,c38037 | c38338 | c38520 | c37569 | c38320 | c41165 | c38156 | c38478 | c36558 | c41062,1.0,1
germanquad,q38040,c38037,c38037 | c38338 | c40535 | c41133 | c36596 | c41366 | c38344 | c38475 | c36816 | c37264,1.0,1
germanquad,q38043,c38037,c38037 | c38338 | c38326 | c37365 | c41734 | c37393 | c41347 | c38467 | c37419 | c40483,1.0,1
germanquad,q38057,c38057,c37170 | c38628 | c42095 | c38590 | c37338 | c37106 | c40571 | c41108 | c38631 | c42123,,42
germanquad,q38059,c38057,c38057 | c37385 | c40512 | c38320 | c38189 | c41527 | c37407 | c41165 | c41517 | c42095,1.0,1
germanquad,q38063,c38063,c38063 | c38281 | c36581 | c36598 | c40540 | c37615 | c38194 | c36736 | c44115 | c36693,1.0,1
germanquad,q38064,c38063,c38297 | c38268 | c44110 | c36812 | c36428 | c41290 | c41391 | c41153 | c38590 | c41138,,380
germanquad,q38122,c38122,c38122 | c38227 | c37203 | c41584 | c37659 | c38002 | c38004 | c44138 | c38381 | c37419,1.0,1
germanquad,q38123,c38122,c38122 | c38227 | c37203 | c36548 | c38467 | c44115 | c37365 | c45661 | c37208 | c37361,1.0,1
germanquad,q38124,c38122,c38122 | c42123 | c38227 | c37203 | c41364 | c36754 | c36722 | c37403 | c41142 | c41363,1.0,1
germanquad,q38125,c38125,c38125 | c42123 | c36674 | c38467 | c38545 | c41364 | c41142 | c41536 | c37403 | c41171,1.0,1
germanquad,q38127,c38125,c38125 | c42123 | c38545 | c41363 | c36722 | c38467 | c41343 | c37403 | c38480 | c41364,1.0,1
germanquad,q38128,c38125,c38125 | c36789 | c36816 | c41734 | c37003 | c41161 | c41531 | c37393 | c41766 | c37777,1.0,1
germanquad,q38129,c38125,c38125 | c36789 | c36594 | c45642 | c37346 | c44008 | c41176 | c41142 | c36638 | c37209,1.0,1
germanquad,q38130,c38125,c38125 | c41766 | c36816 | c38786 | c40224 | c38467 | c38537 | c36803 | c38241 | c40407,1.0,1
germanquad,q38168,c38168,c36784 | c36984 | c38073 | c36794 | c37862 | c41606 | c41205 | c37437 | c37197 | c40236,,12
germanquad,q38169,c38168,c36984 | c38045 | c41058 | c36784 | c40223 | c37035 | c36551 | c36764 | c38590 | c37353,,21
germanquad,q38171,c38168,c38168 | c36984 | c41322 | c41369 | c37475 | c40389 | c41219 | c41731 | c38297 | c37419,1.0,1
germanquad,q38172,c38168,c38168 | c36984 | c41322 | c41369 | c37475 | c40389 | c41219 | c41731 | c38297 | c37419,1.0,1
germanquad,q38175,c38168,c38168 | c36984 | c38628 | c36784 | c41062 | c37520 | c41144 | c37615 | c42127 | c41413,1.0,1
germanquad,q38176,c38168,c38168 | c41239 | c40471 | c36784 | c41369 | c36984 | c41322 | c38073 | c36794 | c41606,1.0,1
germanquad,q38210,c38210,c38210 | c40236 | c41403 | c38024 | c36847 | c37357 | c37442 | c37383 | c41465 | c38590,1.0,1
germanquad,q38212,c38210,c38210 | c41105 | c37207 | c37324 | c38194 | c38077 | c41465 | c41523 | c38073 | c41186,1.0,1
germanquad,q38214,c38210,c38210 | c41304 | c36791 | c37264 | c37484 | c41153 | c36860 | c40389 | c37280 | c38061,1.0,1
germanquad,q38222,c38210,c41527 | c40389 | c37055 | c36674 | c42127 | c37475 | c41192 | c37419 | c38297 | c38273,,80
germanquad,q38225,c38210,c38210 | c37319 | c44115 | c37383 | c37084 | c41160 | c41445 | c38122 | c38061 | c36581,1.0,1
germanquad,q37392,c37392,c37392 | c37428 | c38189 | c40448 | c41169 | c40512 | c41161 | c38156 | c38258 | c38791,1.0,1
germanquad,q38463,c37392,c37392 | c38258 | c37330 | c38077 | c41153 | c40236 | c37338 | c41556 | c37217 | c37264,1.0,1
germanquad,q38464,c37392,c37392 | c38189 | c40397 | c38089 | c40380 | c37195 | c36796 | c45624 | c37442 | c41734,1.0,1
germanquad,q38227,c38227,c38227 | c37203 | c38122 | c41339 | c38189 | c38282 | c41267 | c38613 | c41766 | c41584,1.0,1
germanquad,q38228,c38227,c38227 | c38122 | c37203 | c36758 | c36598 | c41205 | c38381 | c40511 | c38194 | c36581,1.0,1
germanquad,q38229,c38227,c38227 | c38122 | c41193 | c36860 | c37280 | c37203 | c38552 | c38835 | c41239 | c37303,1.0,1
germanquad,q38230,c38227,c38227 | c37203 | c38122 | c38314 | c44038 | c36728 | c42107 | c41266 | c38552 | c36784,1.0,1
germanquad,q38232,c38227,c38227 | c36722 | c41193 | c37403 | c38314 | c41225 | c37280 | c36814 | c38513 | c41517,1.0,1
germanquad,q38234,c38227,c38227 | c37203 | c38122 | c40511 | c36419 | c45264 | c38189 | c37272 | c38242 | c41401,1.0,1
germanquad,q38236,c38227,c38227 | c38122 | c37203 | c38242 | c41401 | c40543 | c38273 | c36419 | c37046 | c41584,1.0,1
germanquad,q38237,c38227,c38227 | c38579 | c38045 | c37203 | c38122 | c44026 | c38189 | c45264 | c38293 | c41211,1.0,1
germanquad,q38238,c38227,c38227 | c37203 | c38122 | c37247 | c41193 | c42107 | c36722 | c37502 | c37541 | c41090,1.0,1
germanquad,q38239,c38227,c38227 | c38122 | c37203 | c40467 | c38314 | c37541 | c41193 | c38240 | c38006 | c40543,1.0,1
germanquad,q38268,c38268,c38268 | c42127 | c38783 | c37018 | c38478 | c37580 | c37886 | c38122 | c36704 | c41435,1.0,1
germanquad,q38269,c38268,c38268 | c42127 | c37256 | c41138 | c40389 | c38835 | c36718 | c41523 | c38297 | c36602,1.0,1
germanquad,q38270,c38268,c38268 | c38842 | c38089 | c37383 | c37268 | c41447 | c41413 | c41322 | c38344 | c37615,1.0,1
germanquad,q38271,c38268,c38268 | c37263 | c41279 | c41186 | c38631 | c38470 | c40427 | c38467 | c40411 | c40223,1.0,1
germanquad,q38272,c38268,c38206 | c38268 | c37207 | c42127 | c41193 | c41344 | c44110 | c41512 | c41153 | c38194,2.0,2
germanquad,q38282,c38282,c38282 | c42123 | c38601 | c41363 | c41364 | c36722 | c41142 | c37403 | c36754 | c40389,1.0,1
germanquad,q38283,c38282,c38282 | c37319 | c42109 | c37034 | c38613 | c40498 | c38601 | c37282 | c38320 | c37509,1.0,1
germanquad,q38307,c38307,c38307 | c37498 | c37509 | c37248 | c37217 | c40480 | c38297 | c40470 | c37475 | c41731,1.0,1
germanquad,q38308,c38307,c38307 | c37498 | c37509 | c36762 | c37248 | c37264 | c41142 | c38482 | c37207 | c38762,1.0,1
germanquad,q38309,c38307,c38307 | c37248 | c37509 | c37498 | c37520 | c38122 | c36762 | c37195 | c41309 | c37046,1.0,1
germanquad,q38320,c38320,c38320 | c36558 | c38475 | c41401 | c36764 | c37502 | c44127 | c38037 | c38089 | c45624,1.0,1
germanquad,q38321,c38320,c38320 | c40564 | c38177 | c38475 | c40236 | c36733 | c37338 | c41556 | c41165 | c36981,1.0,1
germanquad,q38322,c38320,c38320 | c38475 | c45661 | c38806 | c40564 | c36733 | c40543 | c37270 | c42123 | c38590,1.0,1
germanquad,q38323,c38320,c38590 | c40462 | c41115 | c40543 | c37558 | c37270 | c41536 | c37520 | c38210 | c42123,,151
germanquad,q38324,c38320,c38320 | c36981 | c38628 | c38482 | c38475 | c38177 | c41339 | c37731 | c37018 | c41404,1.0,1
germanquad,q38325,c38320,c38320 | c38601 | c37335 | c37558 | c40543 | c38061 | c37310 | c38613 | c41156 | c41468,1.0,1
germanquad,q38467,c38467,c38467 | c37419 | c36774 | c37596 | c38791 | c37185 | c41556 | c37498 | c38006 | c37884,1.0,1
germanquad,q38468,c38467,c38467 | c37227 | c41356 | c41422 | c38006 | c38791 | c42095 | c38470 | c38097 | c41119,1.0,1
germanquad,q38026,c38467,c38467 | c37596 | c41153 | c37209 | c40436 | c41119 | c37217 | c37475 | c41731 | c38297,1.0,1
germanquad,q38027,c38467,c36674 | c40223 | c38281 | c36428 | c37862 | c36791 | c41403 | c40477 | c41165 | c37209,,20
germanquad,q38474,c38474,c38474 | c37324 | c37731 | c38977 | c40376 | c37361 | c37580 | c41179 | c41165 | c38314,1.0,1
germanquad,q38488,c38488,c38488 | c37109 | c41339 | c37488 | c36665 | c41125 | c41156 | c38467 | c38786 | c38842,1.0,1
germanquad,q38478,c38478,c38478 | c37282 | c38467 | c38077 | c36794 | c41766 | c37379 | c38258 | c37727 | c38004,1.0,1
germanquad,q38479,c38478,c38478 | c37379 | c40236 | c41369 | c38189 | c41062 | c40315 | c38520 | c37055 | c37502,1.0,1
germanquad,q38480,c38480,c38480 | c37495 | c40537 | c41347 | c37282 | c36581 | c36699 | c38273 | c37365 | c41366,1.0,1
germanquad,q38481,c38480,c37495 | c36553 | c38480 | c41059 | c37756 | c41279 | c36581 | c37667 | c40236 | c40389,3.0,3
germanquad,q38537,c38537,c38537 | c37484 | c40224 | c37419 | c45648 | c37237 | c40571 | c41468 | c38786 | c37756,1.0,1
germanquad,q38539,c38537,c38537 | c40372 | c40483 | c36596 | c41468 | c38282 | c37493 | c41606 | c38006 | c41611,1.0,1
germanquad,q38510,c38537,c37484 | c37493 | c38467 | c37517 | c41344 | c41351 | c40389 | c41468 | c41142 | c40540,,15
germanquad,q38512,c38537,c37517 | c41468 | c37496 | c38467 | c38537 | c41344 | c36606 | c41351 | c36754 | c41152,5.0,5
germanquad,q38522,c38537,c38537 | c36794 | c37618 | c37777 | c41153 | c37389 | c37209 | c37498 | c37869 | c36853,1.0,1
germanquad,q38525,c38537,c38537 | c41279 | c38762 | c40483 | c41412 | c44127 | c36596 | c38282 | c37493 | c38552,1.0,1
germanquad,q38590,c38590,c38590 | c37252 | c40312 | c41363 | c37270 | c41290 | c37034 | c38156 | c41062 | c41404,1.0,1
germanquad,q38591,c38590,c38590 | c36718 | c41413 | c37624 | c40312 | c40369 | c41179 | c41105 | c41445 | c37084,1.0,1
germanquad,q38592,c38590,c38590 | c37207 | c41193 | c41344 | c38206 | c41512 | c44110 | c41153 | c38194 | c37084,1.0,1
germanquad,q38593,c38590,c38590 | c41584 | c37529 | c38131 | c40405 | c36767 | c38206 | c41364 | c37034 | c41153,1.0,1
germanquad,q38594,c38590,c38590 | c37175 | c36811 | c41049 | c41153 | c40372 | c37270 | c38206 | c41406 | c41584,1.0,1
germanquad,q38595,c38590,c38590 | c41153 | c38553 | c41290 | c41413 | c36811 | c37034 | c37357 | c38194 | c44038,1.0,1
germanquad,q38596,c38590,c38590 | c36847 | c41322 | c41364 | c41062 | c41080 | c37475 | c41153 | c38073 | c37282,1.0,1
germanquad,q38597,c38590,c38590 | c37175 | c41584 | c40372 | c36674 | c41062 | c37475 | c41523 | c37419 | c42127,1.0,1
germanquad,q38598,c38590,c38590 | c38288 | c40380 | c41152 | c38061 | c37014 | c41056 | c41474 | c41296 | c37484,1.0,1
germanquad,q38599,c38590,c38590 | c37175 | c37558 | c37335 | c40372 | c38613 | c38320 | c38122 | c41465 | c37722,1.0,1
germanquad,q38600,c38590,c38590 | c40389 | c37475 | c41731 | c42127 | c41105 | c36718 | c38297 | c37419 | c36602,1.0,1
germanquad,q38601,c38601,c38601 | c41037 | c38189 | c38835 | c37659 | c36847 | c41188 | c37237 | c38073 | c37272,1.0,1
germanquad,q38603,c38601,c38601 | c37237 | c38073 | c37529 | c41037 | c38560 | c38194 | c38206 | c37756 | c41153,1.0,1
germanquad,q38606,c38601,c38601 | c38073 | c37237 | c41037 | c38835 | c38560 | c37659 | c38097 | c40511 | c41205,1.0,1
germanquad,q38607,c38601,c38601 | c38073 | c37237 | c41037 | c38613 | c38835 | c37529 | c38320 | c36548 | c38282,1.0,1
germanquad,q38608,c38601,c38601 | c38189 | c37272 | c38073 | c37446 | c36791 | c41037 | c36769 | c38310 | c41536,1.0,1
germanquad,q38609,c38609,c38609 | c38189 | c37224 | c36803 | c41176 | c41056 | c41171 | c37671 | c45264 | c41678,1.0,1
germanquad,q38610,c38609,c38609 | c41171 | c37224 | c36803 | c41176 | c41056 | c41161 | c40543 | c37437 | c41205,1.0,1
germanquad,q38611,c38609,c38609 | c41219 | c37419 | c38122 | c37722 | c38613 | c36602 | c41090 | c41523 | c38631,1.0,1
germanquad,q38612,c38609,c38609 | c36709 | c37529 | c36853 | c40427 | c36774 | c38590 | c38206 | c41115 | c37319,1.0,1
germanquad,q38786,c38786,c38786 | c37303 | c41161 | c37298 | c38189 | c38125 | c41766 | c41197 | c38631 | c36769,1.0,1
germanquad,q38787,c38786,c38786 | c36791 | c36541 | c36796 | c41125 | c41528 | c44008 | c41523 | c41422 | c37488,1.0,1
germanquad,q38788,c38786,c38786 | c41169 | c36541 | c41528 | c41496 | c36791 | c37346 | c37197 | c38631 | c44127,1.0,1
germanquad,q38789,c38786,c38786 | c40224 | c36791 | c36541 | c40483 | c37403 | c36816 | c38297 | c41125 | c37488,1.0,1
germanquad,q38798,c38798,c38798 | c37197 | c38305 | c37313 | c36693 | c42107 | c38381 | c40372 | c37106 | c37272,1.0,1
germanquad,q38800,c38798,c36693 | c38798 | c38122 | c37313 | c37197 | c41496 | c37046 | c37106 | c40376 | c40236,2.0,2
germanquad,q38802,c38798,c38798 | c38305 | c36693 | c37313 | c37197 | c41266 | c38189 | c44045 | c37862 | c37106,1.0,1
germanquad,q38803,c38798,c38798 | c36704 | c36693 | c37197 | c41496 | c41192 | c41448 | c37313 | c37282 | c40543,1.0,1
germanquad,q38816,c38816,c38816 | c40389 | c37357 | c41344 | c38482 | c41193 | c37192 | c37529 | c40312 | c37442,1.0,1
germanquad,q38818,c38816,c38816 | c40389 | c37324 | c41363 | c38467 | c40376 | c36984 | c38470 | c38097 | c37361,1.0,1
germanquad,q38820,c38816,c38816 | c40389 | c37209 | c38470 | c41267 | c38467 | c38097 | c38836 | c37407 | c37252,1.0,1
germanquad,q38822,c38816,c38816 | c37084 | c36419 | c38006 | c38004 | c41344 | c38471 | c38097 | c41148 | c37618,1.0,1
germanquad,q38824,c38816,c38816 | c40389 | c41594 | c37247 | c37596 | c41500 | c44115 | c37502 | c37644 | c36602,1.0,1
germanquad,q38825,c38816,c38816 | c40389 | c36860 | c38590 | c37303 | c37034 | c37282 | c38835 | c41382 | c40427,1.0,1
germanquad,q38826,c38816,c38816 | c40389 | c37667 | c41468 | c41090 | c36602 | c41364 | c41594 | c36699 | c42107,1.0,1
germanquad,q38828,c38816,c38816 | c40389 | c37100 | c38836 | c41115 | c37035 | c37667 | c36789 | c37353 | c36541,1.0,1
germanquad,q38842,c38842,c38842 | c41369 | c37264 | c37207 | c40397 | c41528 | c41197 | c40389 | c37475 | c41731,1.0,1
germanquad,q38845,c38842,c38842 | c36581 | c37777 | c40236 | c41037 | c40511 | c41369 | c37322 | c40543 | c38122,1.0,1
germanquad,q38847,c38842,c38842 | c36581 | c37493 | c41351 | c37777 | c41403 | c40236 | c36611 | c41062 | c41176,1.0,1
germanquad,q38851,c38842,c38842 | c41369 | c37264 | c37207 | c38553 | c40540 | c38247 | c37618 | c38210 | c41153,1.0,1
germanquad,q38852,c38842,c38842 | c40397 | c36581 | c37493 | c41404 | c37185 | c36548 | c36558 | c41142 | c37484,1.0,1
germanquad,q38853,c38842,c36581 | c38842 | c36558 | c40397 | c37185 | c37777 | c41266 | c37175 | c38049 | c37277,2.0,2
germanquad,q40223,c40223,c40223 | c37442 | c45648 | c41105 | c41478 | c36553 | c40511 | c41133 | c36419 | c41296,1.0,1
germanquad,q40227,c40223,c37442 | c38783 | c41517 | c41413 | c38467 | c41478 | c41133 | c38094 | c38189 | c37517,,19
germanquad,q40228,c40223,c41108 | c37379 | c36558 | c37313 | c41356 | c41413 | c41478 | c41133 | c40448 | c40411,,25
germanquad,q40229,c40223,c40223 | c38546 | c44127 | c38284 | c41517 | c41422 | c38534 | c38478 | c41133 | c37403,1.0,1
germanquad,q40230,c40223,c40223 | c42112 | c38546 | c41165 | c37576 | c44127 | c40407 | c38281 | c37407 | c41138,1.0,1
germanquad,q40231,c40223,c40223 | c38546 | c36541 | c41304 | c41413 | c38141 | c41339 | c38097 | c36774 | c40380,1.0,1
germanquad,q40232,c40223,c40223 | c41133 | c41108 | c36860 | c37509 | c37502 | c41153 | c36796 | c40380 | c38281,1.0,1
germanquad,q40234,c40223,c40223 | c38189 | c40483 | c41037 | c41314 | c38087 | c37495 | c38835 | c41179 | c40498,1.0,1
germanquad,q40235,c40223,c40223 | c40564 | c41133 | c38546 | c40380 | c41413 | c41108 | c40389 | c42127 | c36674,1.0,1
gerlerb_v2,206,93d_bverfgg,93d_bverfgg | 93b_bverfgg | 93_bverfgg | 102_btgo_1980 | 93a_bverfgg | 32_bverfgg | 2202_bgb | 20_lwvfg | 145_sgg | 95_bverfgg,1.0,1
gerlerb_v2,207,99_betrvg,14_entgtranspg | 15_entgtranspg | 85_betrvg | 80_betrvg | 96_betrvg | 43_betrvg | 89_betrvg | 92_betrvg | 12_asig | 76_betrvg,,24
gerlerb_v2,209,2b_beeg,3_entgfg | 146_sgb_3 | 24b_sgb_5 | 47_sgb_5 | 574a_bgb | 10_gfdv | 26_sgb_10 | 162_kagb | 31_vwvfg | 1830_bgb,,355
gerlerb_v2,210,2b_beeg,3_beeg | 150_sgb_3 | 21_sgb_6 | 9_endlagervlv | 4_beeg | 2c_beeg | 150a_sgb_11 | 7_beeg | 2_beeg | 4c_beeg,,14
gerlerb_v2,211,15_beeg,16_beeg | 15_beeg | 1_erzurlsoldv | 56_sgb_6 | 4_beeg | 11_bgb | 1629_bgb | 1680_bgb | 51_sgb_8 | 1687b_bgb,2.0,2
gerlerb_v2,212,88_bbg_2009,142_bbg_2009 | 59_beamtstg | 88_bbg_2009 | 9_bnv | 1_sanoffzvergv | 17a_ezulv_1976 | 48_bbesg | 7a_azv | 133e_brrg | 12_burlv,3.0,3
gerlerb_v2,216,812_bgb,822_bgb | 40_kapresv | 812_bgb | 89_zpo | 362_hgb | 48_saatverkg_1985 | 29a_owig_1968 | 73b_stgb | 18_sgb_10 | 22_vwvfg,3.0,3
gerlerb_v2,217,813_bgb,2_prostg | 13b_kwkg_2016 | 41_schrg | 41_luftfzgg | 55b_eeg_2014 | 9_anfg_1999 | 52_schrg | 1137_bgb | 52_luftfzgg | 771_bgb,,59
gerlerb_v2,218,37_ao_1977,9_vermbdv_1994 | 16a_ziv | 73g_estdv_1955 | 1_ustzustv | 20_ao_1977 | 39_estg | 20a_ao_1977 | 2_ao1977_180abs2v | 29_berlinfg | 18_ao_1977,,67487
gerlerb_v2,219,122_ao_1977,189_zpo | 8_vwzg_2005 | 27_grstg_1973 | 175b_ao_1977 | 174_ao_1977 | 130_patg | 172_ao_1977 | 38_brgo_1966 | 59_montanmitbestgerggwo_2005 | 22_vstg_1974,,118
gerlerb_v2,222,218_ao_1977,218_ao_1977 | 348_zpo | 68_aufenthg_2004 | 22_ensig_1975 | 5_rettungsg | 10_hhg | 94a_patanwo | 44_sgb_10 | 43_sgb_1 | 111_bnoto,1.0,1
gerlerb_v2,226,100_fgo,100_fgo | 113_vwgo | 36_sgb_10 | 38_fgo | 127_fgo | 119_ao_1977 | 37_vwvfg | 33_sgb_10 | 171_strlschg | 48_sgb_10,1.0,1
gerlerb_v2,227,121_fgo,70_bdg | 121_fgo | 144_vwgo | 74_btgo_1980 | 82_drig | 126_fgo | 566_zpo | 13_bfdg | 139_vwgo | 116_fgo,2.0,2
gerlerb_v2,228,8_vwzg_2005,340a_zpo | 186_zpo | 10_vwzg_2005 | 174_zpo | 127_patg | 94_markeng | 40_stpo | 5_vwzg_2005 | 173_zpo | 195_zpo,,59
gerlerb_v2,229,163_ao_1977,97_akg | 87_strsaareg | 42_flurbg | 1_baunvo | 1568_bgb | 163_ao_1977 | 10_baunvo | 31_schaumwzwstg_2009 | 165_ao_1977 | 3_khg,6.0,6
gerlerb_v2,230,8b_kstg_1977,4_konsverfrav | 39_minstg | 11_astg | 21_minstg | 1_mitbestbeig | 19_reitg | 42_invstg_2018 | 22_minstg | 283_kagb | 48_invstg_2018,,26
gerlerb_v2,231,8b_kstg_1977,22_invstg_2018 | 150_aktg | 5_erbstg_1974 | 50_famgkg | 49_famgkg | 24_umwstg_2006 | 3_umwstg_1995 | 47_famgkg | 342_lag | 45_famgkg,,107
gerlerb_v2,232,10d_estg,10d_estg | 74_sgleig_2024 | 46_famgkg | 18_lngv | 98_gnotkg | 43_famgkg | 231_hgb | 10e_estg | 4a_betravg | 52_minstg,1.0,1
gerlerb_v2,233,5_ao_1977,165_ao_1977 | 28_kapr_fbv | 32_invstg_2018 | 6a_luftvstdv | 110a_energiestv | 19a_stromstv | 48_ustdv_1980 | 235_ao_1977 | 14_invstg_2018 | 73e_estdv_1955,,57129
gerlerb_v2,234,88_vwgo,611_zpo | 136_famfg | 92_vwgo | 96_gvg | 72_gnotkg | 113_vwgo | 93b_zpo | 104_sachenrberg | 281_zpo | 102_sgg,,1016
gerlerb_v2,235,293_famfg,296_famfg | 298_famfg | 293_famfg | 8_erws_ag | 175_famfg | 297_famfg | 313_famfg | 160_famfg | 300_famfg | 309_famfg,3.0,3
gerlerb_v2,239,3_vereinsg,18_sgb_10 | 22_vwvfg | 3_vereinsg | 86_ao_1977 | 171_strlschg | 22_pstv | 5_bsavfv | 20_notaktvv | 21a_bimschv_9 | 168e_famfg,3.0,3
gerlerb_v2,240,3_vereinsg,51_vwgo | 3_vereinsg | 7_vereinsg | 20_vereinsg | 1_vereinsgdv | 3_rsfv | 4_vrv | 117_umwg_1995 | 8_vereinsg | 3_entgtranspg,2.0,2
gerlerb_v2,241,8_vereinsg,85_stgb | 86_stgb | 3_zsdigrent_gremv | 9_vereinsg | 190_kagb | 100_wphg | 8_entschfinv | 181_kagb | 129_stgb | 25_agrarmsg,,31
gerlerb_v2,242,9_vereinsg,9_vereinsg | 67a_ao_1977 | 4_vrv | 3_vereinsg | 2_rennwlottgabest | 31a_bgb | 6_qewv | 99_umwg_1995 | 206_vag_2016 | 45_bgb,1.0,1
gerlerb_v2,243,9_vereinsg,4_krglaskennzg | 11_luftsig | 3.05_moselschpv_1997 | 3.05_rheinschpv_1994 | 4.03_moselschpv_1997 | 4.03_rheinschpv_1994 | 3.05_binschstro_2012 | 210_vag_2016 | 9_feingehg | 3.31_moselschpv_1997,,184
gerlerb_v2,244,10_vereinsg,54_seg | 1_vereinsgdv | 26_bgb | 10_vereinsg | 9_vereinsgdv | 32_strlschv_2018 | 28_owig_1968 | 11_vereinsg | 4_streg | 38_kgsg,4.0,4
gerlerb_v2,245,11_vereinsg,8_vereinsg | 9_vereinsg | 20_vereinsg | 33_partg | 20b_partg_ddr | 7_erbstg_1974 | 1_vereinsgdv | 12a_krwaffkontrg | 28_dwg | 12_lag_ndg_14,,18
gerlerb_v2,246,12_vereinsg,20_vereinsg | 12_vereinsg | 11_vereinsg | 151_patanwo | 219b_stgb | 74_stgb | 15_wofg | 15_gvkostg | 22_owig_1968 | 69_stgb,2.0,2
gerlerb_v2,247,28_vwvfg,283_famfg | 38_vwvfg | 34_sgb_10 | 427_famfg | 45_vwvfg | 41_sgb_10 | 326_famfg | 126_ao_1977 | 319_famfg | 33_stpo,,45
gerlerb_v2,248,71_sg,71_sg | 58g_sg | 6_asg | 53_bgsg | 23_wehrpflg | 7_wehrpflg | 16_wstrg | 6b_wehrpflg | 20b_wehrpflg | 6_soldgg,1.0,1
gerlerb_v2,249,72_sg,21_wehrpflg | 16_wehrpflg | 20b_wehrpflg | 71_sg | 72_sg | 48_wehrpflg | 4_kdvg_2003 | 23_wehrpflg | 12_wehrpflg | 13_wehrpflg,5.0,5
gerlerb_v2,250,104_bgb,66a_stgb | 14_stgb | 9_owig_1968 | 146a_stpo | 12_atg | 59_stgb | 19_chemg | 126a_stpo | 30_gentg | 127_stpo,,62
gerlerb_v2,251,105_bgb,1_thug | 1_einsatzuv | 20_stgb | 12_owig_1968 | 9_thug | 58_tkg_2021 | 1760_bgb | 2_thug | 10_gendg | 1_niederlfrhewgdg_2,,73
gerlerb_v2,252,6_sg,4_sg | 159_ao_1977 | 87h_urhg | 33_sg | 1_wbo | 89_sg | 6_sbg_2016 | 53_gwg_2017 | 54_sg | 42_sg,,68
gerlerb_v2,255,41_inso,95_inso | 2_altfabwg | 13c_ustg_1980 | 7_liqv | 12_bewg | 16_vvg_2008 | 13_dmbilg | 14_eubeitrg | 8_rechkredv | 46f_kredwg,,13
gerlerb_v2,256,115_inso,170_vvg_2008 | 110_vvg_2008 | 16_vvg_2008 | 179_hgb | 331_inso | 1_niederlfrhewgdg_2 | 66a_geng | 115_vvg_2008 | 11_inso | 111i_stpo,,1039
gerlerb_v2,258,305c_bgb,59_vvg_2008 | 102_vag_2016 | 103_vag_2016 | 57_vag_2016 | 15_ordeng | 615_bgb | 126_owig_1968 | 19_luftsig | 1a_vvg_2008 | 29_estdv_1955,,62484
gerlerb_v2,259,8_markeng,164c_stberg | 3.24_binschstro_2012 | 19_chemg | 13_fuag | 6_messeg | 6_prodsg2011v_12 | 5_nisg | 6_prodsg2011v_6 | 556d_bgb | 4_gebrmv,,5268
gerlerb_v2,260,243_stpo,225a_stpo | 17c_gvg | 222a_stpo | 231a_stpo | 29_stpo | 25_stpo | 270_stpo | 229_stpo | 404_stpo | 415_stpo,,18
gerlerb_v2,261,18_ustg_1980,6_ustg_1980 | 7_insvv | 6a_ustg_1980 | 21_ao_1977 | 7_berlinfg | 1_eurocontrolvorrv | 7_ustg_1980 | 2_euschulvorrv_1985 | 3b_ustg_1980 | 26_ustg_1980,,228
gerlerb_v2,262,59_ustdv_1980,59_ustdv_1980 | 18g_ustg_1980 | 25_ustg_1980 | 2b_aentg_2009 | 13b_ustg_1980 | 27_akg | 14_bukg_1990 | 27_seg | 14c_ustg_1980 | 22b_ustg_1980,1.0,1
gerlerb_v2,263,60_ustdv_1980,16_gapdzg | 6_pauswg | 475c_bgb | 6_uvpportv | 2_post-azv_2003 | 57_bverfggo_2015 | 11_krwaffkontrgdv_2 | 15c_beschv_2013 | 48_notaktvv | 7_spraug,,307
gerlerb_v2,264,115_fgo,115_fgo | 36_fgo | 335_stpo | 219_beg | 107_wipro | 145_brao | 127_brrg | 133_vwgo | 127_patanwo | 434_stpo,1.0,1
gerlerb_v2,265,116_fgo,116_fgo | 133_vwgo | 69_bdg | 34_wehrpflg | 84_sg | 37_vermg | 544_zpo | 220_beg | 75_ersdig | 10_kdvg_2003,1.0,1
gerlerb_v2,269,105_fgo,143_fgo | 38_fgo | 90a_fgo | 3_amgrhdlbetrv | 33_wospraug | 21_fuag | 6_d_mv_2012 | 57c_bbergg | 266_kagb | 34_zpoeg,,375
gerlerb_v2,271,1603_bgb,70_seearbg | 4c_beeg | 12_flul_rmg | 62_auslwbg | 243b_sgb_6 | 144_sgb_3 | 2329_bgb | 33_aufenthg_2004 | 56_sgb_6 | 1629_bgb,,6650
gerlerb_v2,272,1629_bgb,1629_bgb | 1617e_bgb | 100_inso | 45_pstg | 232_famfg | 1617g_bgb | 1617a_bgb | 249_famfg | 1617d_bgb | 1607_bgb,1.0,1
gerlerb_v2,273,113_famfg,15_tiernebg | 2_masanv | 234k_vag_2016 | 20_markenv_2004 | 1_itsiv-pv | 1_bimschv_13_2021 | 1_bimschv_44 | 2b_pkdbsa | 262_ao_1977 | 38_weinv_1995,,17
gerlerb_v2,274,50_zpo,1617d_bgb | 17_sgb_8 | 1713_bgb | 45_pstg | 37_sgb_8 | 1629_bgb | 1648_bgb | 3_bgbeg | 6_stag | 9_advermig_1976,,87698
gerlerb_v2,275,263_zpo,88_vwgo | 162_kagb | 171_strlschg | 96_fgo | 353_rvo | 20_satdsig | 43_fgo | 44_vwgo | 56_sgg | 4_atav_2009,,58897
gerlerb_v2,277,32f_stpo,3_bbu_aktfv | 3_bstrafaktfv | 4_bgaktfv | 12b_rvg | 496_stpo | 4b_jveg | 5a_gkg_2004 | 7_gnotkg | 8_famgkg | 2_bstrafaktfv,,19
gerlerb_v2,278,147_stpo,147_stpo | 406e_stpo | 49_owig_1968 | 480_stpo | 385_stpo | 32f_stpo | 34_gvgeg | 145a_stpo | 146a_stpo | 31_patg,1.0,1
gerlerb_v2,279,271_stpo,271_stpo | 163_zpo | 275_stpo | 164_zpo | 273_stpo | 168_stpo | 415_stpo | 102_wipro | 101_wipro | 231a_stpo,1.0,1
gerlerb_v2,281,22_bnatschg_2009,59_uvpg | 172_strlschg | 18_vsvgv | 78_whg_2009 | 121_gbo | 558e_bgb | 26_wpg | 81_strlschg | 27a_vwvfg | 13f_enwg_2005,,2517
gerlerb_v2,282,26_bnatschg_2009,3_natsgschorfhv | 37_eeg_2014 | 162_kagb | 265_hgb | 7_abwag | 4_windbg | 20_gapkondv | 24_strlschg | 54_sgb_7 | 13_bkompv,,93
gerlerb_v2,283,73_vwvfg,57c_bbergg | 16_uvpg | 5_atvfv | 5_vdug | 4e_bimschv_9 | 9_bimschv_9 | 19b_atvfv | 17_msv | 5_gdng | 59_uvpg,,52
gerlerb_v2,284,14_bnatschg_2009,14_bnatschg_2009 | 12_gapdzv | 1_fglg | 11_gapinvekosv | 3_feleg | 2_bwaldg | 40_bbaug | 5_bbaug | 241_bewg | 2_bkompv,1.0,1
gerlerb_v2,285,611a_bgb,23_betravg | 609_bgb | 6_arbmedvv | 4_entgfg | 1a_betravg | 13_einsatzwvg | 4_uvav_2024 | 186_zpo | 30_rohmilchg_tv | 11_burlg,,1224
gerlerb_v2,286,612_bgb,3_pflegearbbv_6 | 2_milog | 102_sgb_3 | 48_seearbg | 7_dpmavwkostv_2006 | 156_sgb_7 | 7_mgvg | 9_binscharbzv | 5_sebg | 5_scebg,,1510
gerlerb_v2,287,286_zpo,454_zpo | 199_stpo | 450_zpo | 225a_stpo | 1047_zpo | 444_zpo | 120a_zpo | 41_auslschuldabkag | 130_zpo | 282_zpo,,159
gerlerb_v2,288,187_bgb,2310_bgb | 6_konsverfrav | 187_bgb | 11_btgo_1980 | 9_vollstrvtrnldag | 5_erreichbv | 46_pkdbsa | 4_fluglsv_1 | 31_wpig | 1_kraftstchev,3.0,3
gerlerb_v2,289,242_bgb,2302_bgb | 135_gwb | 486a_bgb | 10_a_g | 19_vvg_2008 | 7_verkflberg | 354_ao_1977 | 52_vvg_2008 | 24_vvg_2008 | 19_biost-nachv_2021,,65802
gerlerb_v2,290,812_bgb,675h_bgb | 166_vvg_2008 | 9_sg | 556g_bgb | 49_vag_2016 | 64_bbg_2009 | 212_vvg_2008 | 64_stpo | 20_gasgvv | 20_stromgvv,,34457
gerlerb_v2,291,37_sg,125_brrg | 87_sg | 31_bbg_2009 | 12_resg | 22_slv_2021 | 48_slv_2021 | 25_sg | 1_sg_ndg_12 | 1_soldurlv | 4_sg,,154
gerlerb_v2,292,37_sg,12_svg_2025 | 23_slv_2021 | 43_slv_2021 | 56_sg | 38_slv_2021 | 33_slv_2021 | 12_arbplschg | 20_bf_v | 48_slv_2021 | 13_slv_2021,,159
gerlerb_v2,293,37_sg,45_arbnerfg | 73_bdsg_2018 | 51_sg | 49_sg | 5_nisg | 44_sg | 19_chemg | 65_bbergg | 76_strlschg | 7_alg,,4191
gerlerb_v2,294,130_bgb,12_zsdigrent_gremv | 5a_vwzg_2005 | 60a_aufenthv | 8_erechv | 2_gewanzv_2014 | 18_pauswv | 94_seearbg | 371a_zpo | 3a_vwvfg | 5_passv_2007,,10190
gerlerb_v2,295,130_bgb,12_zsdigrent_gremv | 60a_aufenthv | 129a_zpo | 5a_vwzg_2005 | 18_pauswv | 25_famfg | 5_passv_2007 | 2_gewanzv_2014 | 87a_ao_1977 | 3a_vwvfg,,441
gerlerb_v2,296,444_zpo,1048_zpo | 1031_zpo | 193a_zpo | 20_geschgehg | 226_stgb | 19_binschpersv | 383_zpo | 32b_stpo | 734_zpo | 308_zpo,,1333
gerlerb_v2,297,20_sg,6_flaggrg | 96_bbg_2009 | 42_patanwo | 47_brao | 21_drig | 2_jfdg | 3_brinv | 28a_sg | 50a_bbesg | 23q_ezulv_1976,,88
gerlerb_v2,298,8_bjagdg,292_stgb | 1_bjagdg | 8_bjagdg | 29_bjagdg | 2_eurag | 3_bjagdg | 341_inso | 58_mtbg | 9_bjagdg | 6a_bjagdg,3.0,3
gerlerb_v2,299,1_bjagdg,1_bjagdg | 66_bbergg | 25_hinschg | 5_nordsbefv | 172_strlschg | 90_strlschg | 64_stbapo_2022 | 5_bjagdg | 76_fzv_2023 | 10_rdg,1.0,1
gerlerb_v2,300,10_bjagdg,1_bjagdg | 6a_bjagdg | 10_bjagdg | 9_bjagdg | 8_arbplschg | 5_bjagdg | 33_bjagdg | 3_bjagdg | 5_wehrpflg | 18_jveg,3.0,3
gerlerb_v2,301,7_bjagdg,292_stgb | 3_bjagdg | 28a_bjagdg | 134_amg_1976 | 1_bjagdg | 33_tfg | 102_amg_1976 | 7_seelotg | 6_schvg | 463_bgb,,4356
gerlerb_v2,302,75_betrvg,4_tzbfg | 3_betravg | 25_garchdvdv_2019 | 1a_kschg | 88_beamtvg | 24_konsverchev | 19b_sgb_1 | 10_kschg | 20a_pkdbsa | 29f_pkdbsa,,137
gerlerb_v2,303,10_agg,123_inso | 42_markenv_2004 | 112_betrvg | 6_lehrerzvdbest_1 | 3_wgvg | 24_patg | 112a_betrvg | 4_kartkostv | 6_grenzgnldag | 124_inso,,330
gerlerb_v2,304,10_agg,124_inso | 24_konsverchev | 112_betrvg | 123_inso | 16_pkdbsa | 12_zvalg | 29d_pkdbsa | 23_pkdbsa | 7_konsvernldv | 5_alttzg_1996,,1689
gerlerb_v2,305,10_agg,24_konsverchev | 112_betrvg | 124_inso | 14_bienseuchv | 15_bienseuchv | 123_inso | 22_wofg | 7_konsvernldv | 4_tzbfg | 3_spiritv,,150
gerlerb_v2,306,3_agg,3_agg | 3_soldgg | 3_sgleig_2024 | 3_aromendv | 192_sgb_9_2018 | 10_agg | 630f_bgb | 5_bsavfv | 88_sgb_9_2018 | 9_eag-behandv,1.0,1
gerlerb_v2,307,7_agg,25_garchdvdv_2019 | 21_sag | 42_vsvgv | 16_schsv_1998 | 70_patg | 197_gvg | 5_sprindfg | 2_versvergv_2016 | 25_vag_2016 | 5a_wobindg,,4533
gerlerb_v2,308,308_zpo,12_uwg_2004 | 136_famfg | 251a_zpo | 1041_zpo | 142_zpo | 89a_gwb | 141_zpo | 41_zpo | 28_gkg_2004 | 84_stgb,,25
gerlerb_v2,309,12_bgb,1495_bgb | 159_ao_1977 | 1469_bgb | 54_sgg | 1447_bgb | 16_ewkfondsg | 371_bgb | 824_bgb | 97_stvollzg | 6_mautsysg_2014,,101
gerlerb_v2,310,48_fgo,25_juschg | 5_streitkravtrsung | 145_patg | 30_markeng | 262_ao_1977 | 24_wertausglg | 28_lanpg | 58_blg | 856_zpo | 10_ensigentschv,,254
gerlerb_v2,311,60_fgo,143_sag | 1_bt_ep_bertrano | 125_hgb | 715b_bgb | 148_aktg | 6_owig_1968 | 20_notaktvv | 120_betrvg | 8_stgb | 32a_bf_v,,18550
gerlerb_v2,312,709_bgb,709_bgb | 232_hgb | 120_hgb | 74_minstg | 87_minstg | 49_minstg | 286_aktg | 69_minstg | 5_pfav | 2_berversv_2017,1.0,1
gerlerb_v2,313,728_bgb,717_bgb | 725_bgb | 132_hgb | 739_bgb | 154_stberg | 151_hgb | 118_hgb | 731_bgb | 25_milchquotv | 715b_bgb,,74
gerlerb_v2,314,730_bgb,730_bgb | 131_hgb | 724_bgb | 127_hgb | 721a_bgb | 1371_bgb | 145_hgb | 736a_bgb | 707_bgb | 2370_bgb,1.0,1
gerlerb_v2,317,13b_ustg_1980,103_gwb | 21_ao_1977 | 2_euschulvorrv_1985 | 8_ahstatg | 27a_ustg_1980 | 48_estg | 138_gwb | 3b_ustg_1980 | 25b_ustg_1980 | 186_zpo,,17182
gerlerb_v2,318,13b_ustg_1980,34c_estg | 64_awv_2013 | 54_postg_2024 | 20a_ao_1977 | 28e_sgb_4 | 51_tkg_2021 | 56_tkg_2021 | 21_erbstg_1974 | 47_invstg_2018 | 35_kaffeestv_2010,,219
gerlerb_v2,320,16_ustg_1980,11_berlinfg | 16_ustg_1980 | 44_ustdv_1980 | 94_minstg | 2_batzv | 13c_aentg_2009 | 149_ao_1977 | 36_aoeg_1977 | 17_aregv | 13c_ustg_1980,2.0,2
gerlerb_v2,321,18_ustg_1980,50h_estg | 18j_ustg_1980 | 50g_estg | 18k_ustg_1980 | 130_sgb_7 | 4_psttg | 23_fkaustg | 6_minstg | 3_bsgav | 5_berlinfg,,27
gerlerb_v2,322,18_ustg_1980,15_ustg_1980 | 17_ustg_1980 | 25_ustg_1980 | 101_sgb_14 | 52_seg | 13b_ustg_1980 | 19_beschv_2013 | 18_ustg_1980 | 2_usterstvo | 7_ustg_1980,8.0,8
gerlerb_v2,323,59_ustdv_1980,18g_ustg_1980 | 19_euwo_1988 | 20_bwo_1985 | 59_ustdv_1980 | 13b_ustg_1980 | 9_evo_2023 | 4_bimschv_32 | 61_ustdv_1980 | 13_wbvg | 102_akg,4.0,4
gerlerb_v2,324,62_fgo,11_bdsg_2018 | 64_bbg_2009 | 117_zpo | 9_sg | 31_eurag | 116_fgo | 1713_bgb | 26c_agg | 30_brao | 155_sgg,,998
gerlerb_v2,325,62_fgo,116_fgo | 120_fgo | 117_zpo | 195_zpo | 30_brao | 31_eurag | 215_zpo | 87a_vwgo | 2_jbeitro | 387_stpo,,2814
gerlerb_v2,326,116_fgo,116_fgo | 115_fgo | 69_bdg | 128_fgo | 107_wipro | 129_stberg | 133_vwgo | 126_fgo | 544_zpo | 219_beg,1.0,1
gerlerb_v2,328,114_zpo,11_stvo_2013 | 34_stvo_2013 | 10_stvo_2013 | 16a_ziv | 9_stvo_2013 | 19_binscheo | 12_stvo_2013 | 1_mtbg | 5_hebg_2020 | 18_gapdzg,,1599
gerlerb_v2,329,64_estg,3_bkgg_1996 | 64_estg | 6b_bkgg_1996 | 1_beeg | 6_post-azv_2003 | 24b_estg | 38_sgb_2 | 161_famfg | 136_sgb_9_2018 | 2a_beeg,2.0,2
gerlerb_v2,331,43c_brao,43c_brao | 17_brao | 18_wipro | 52_bnoto | 5_eurag | 53_brao | 44_stberg | 30_notsang | 50_brao | 15_rheinlotso,1.0,1
gerlerb_v2,336,23_bverfgg,42_bverfggo_2015 | 93d_bverfgg | 90_bverfgg | 95_bverfgg | 93b_bverfgg | 94_bverfgg | 93c_bverfgg | 91_bverfgg | 93_bverfgg | 11_stvo_2013,,15348
gerlerb_v2,337,66_bverfgg,21_bverfgg | 33_bverfgg | 66_bverfgg | 7a_bverfgg | 60_bverfgg | 32_bverfgg | 97a_bverfgg | 94_bverfgg | 86b_bgb | 35c_bverfgg,3.0,3
gerlerb_v2,339,92_bverfgg,15_vschdg | 78_enwg_2005 | 87_arbgg | 89_arbgg | 20_emvg_2016 | 84l_irg | 51_wp_g | 105_patg | 87_markeng | 3_hundverbreinfvo,,63872
gerlerb_v2,340,93_bverfgg,34_bverfgg | 95_bverfgg | 93_bverfgg | 147_seearbg | 89_arbgg | 401_stpo | 66_arbgg | 41_mpdg | 12_seerverto_1986 | 356_ao_1977,3.0,3
gerlerb_v2,341,276_bgb,104_sgb_12 | 70_tkg_2021 | 103_sgb_12 | 31e_luftvg | 32_invstg_2018 | 34a_sgb_2 | 54_luftvg | 6_luftvgbv_2024 | 52_markeng | 17_owig_1968,,440
gerlerb_v2,342,280_bgb,280_bgb | 282_bgb | 648a_bgb | 160_bgb | 74_sgb_11 | 13_eeg_2014 | 59_sgb_10 | 60_vwvfg | 48b_luftvg | 84_sag,1.0,1
gerlerb_v2,343,309_bgb,199_bgb | 11_uwg_2004 | 309_bgb | 61_hgb | 24_eemd-zvanl_ii | 54_luftvg | 93_stvollzg | 284_aktg | 24_fluug | 18_nav,3.0,3
gerlerb_v2,345,328_bgb,328_bgb | 159_vvg_2008 | 1287_bgb | 70_auslschuldabkag | 143_bgb | 55_starug | 5_pachtkredg | 8_akg | 142_inso | 331_bgb,1.0,1
gerlerb_v2,348,307_bgb,7_agg | 3_agg | 307_bgb | 6_schuldranpg | 15_wbvg | 7_soldgg | 3_soldgg | 19_agrarmsg | 12_soldgg | 10_w_rmelv,3.0,3
gerlerb_v2,349,812_bgb,11_de_v | 23a_sgb_4 | 33_gapkondv | 23_gapkondv | 34_gapkondv | 4_gasgvv | 2_gapdzv | 6_windbg | 9_ziev | 91_sgb_3,,43384
gerlerb_v2,350,242_bgb,687_bgb | 305a_zpo | 119_vvg_2008 | 421_hgb | 494_hgb | 109_inso | 154_vvg_2008 | 78_vvg_2008 | 308_bgb | 9_vvg_2008,,75971
gerlerb_v2,351,812_bgb,341f_hgb | 5_kapausstv_2016 | 6_seelotseigv | 9_ifg | 12a_brao | 19_patanwo | 201_vag_2016 | 36_rechversv | 9_sg | 15a_feleg,,40033
gerlerb_v2,352,19_stromnev,19_stromnev | 42b_enwg_2005 | 5_stromstg | 12_stromstv | 2_kav | 79_eeg_2014 | 1a_stromstv | 42a_enwg_2005 | 4_kwkg_2016 | 4_stromstg,1.0,1
gerlerb_v2,353,511_zpo,335_stpo | 143_brao | 125_patanwo | 105_wipro | 511_zpo | 127_stberg | 434_stpo | 464_stpo | 313_stpo | 35a_stpo,5.0,5
gerlerb_v2,354,535_bgb,28_wofg | 5_co2kostaufg | 32_wofg | 535_bgb | 16_auv_2012 | 573_bgb | 573a_bgb | 7_bregentschbest | 566_bgb | 204_famfg,4.0,4
gerlerb_v2,355,8_markeng,16_markeng | 9_markeng | 43_markeng | 14_markeng | 120_markeng | 23_markeng | 14a_markeng | 8_markenv_2004 | 36_markenv_2004 | 124_markeng,,30
gerlerb_v2,356,50_markeng,120_markeng | 48_markeng | 51_markeng | 50_markeng | 43_markeng | 108_markeng | 34_markenv_2004 | 9_markeng | 30_markeng | 110_markeng,4.0,4
gerlerb_v2,357,54_markeng,25_markenv_2004 | 118_markeng | 53_markeng | 120_markeng | 37_markeng | 49_markeng | 156_markeng | 21_erstrg | 39_markenv_2004 | 14_markeng,,179
gerlerb_v2,358,71_markeng,81_famfg | 472b_stpo | 80_patg | 77_bdg | 135_fgo | 334_lag | 80_gnotkg | 154_vwgo | 155_vwgo | 124_wipro,,13
gerlerb_v2,359,730_bgb,730_bgb | 143_hgb | 735_bgb | 131_hgb | 139_hgb | 733_bgb | 141_hgb | 25_milchquotv | 724_bgb | 740a_bgb,1.0,1
gerlerb_v2,360,8_markeng,91a_markeng | 23_markeng | 6b_markenv_2004 | 18_hgb | 143_markeng | 32_erstrg | 127_markeng | 14_dpmav_2004 | 186_zpo | 69_neuglv,,43
gerlerb_v2,361,28_sg,28_sg | 2_e_gv | 1_e_gv | 48a_drig | 28a_sg | 13_stvollzg | 7_burlg | 3_bwhfv | 63_seearbg | 43a_bbesg,1.0,1
gerlerb_v2,362,28_sg,3_pflegezg | 45_sgb_5 | 2a_fpfzg | 4_pflegezg | 3_feiertevdbest_1 | 5_fpfzg | 2b_fpfzg | 4a_pflegezg | 44b_sgb_5 | 2_fpfzg,,25
gerlerb_v2,363,14_sg,17_sg | 14_sg | 23_sg | 8_coronatestv_2021-10 | 56_svg_2025 | 20a_sg | 103_hwo | 26_bwhfv | 19_seelaufv_2023 | 72_hwo,2.0,2
gerlerb_v2,364,1_wogg,9_sgb_11 | 22_sag | 23_sag | 30_sag | 1_agrarerzanpbeihv_2 | 31_sag | 566c_bgb | 53_awv_2013 | 32_sag | 7_mediationsg,,1620
gerlerb_v2,365,3_wogg,3_wogg | 3_mzg | 2_mzg_2005 | 2_wostatg | 39_sgb_12 | 14_dpmav_2004 | 2_zensg_2021 | 4_abbergv | 3_zveg | 2_zensg_2011,1.0,1
gerlerb_v2,366,37_sg,47_slv_2021 | 87_sg | 31_bbg_2009 | 125_brrg | 1_sg_ndg_12 | 5_nisg | 21_konsg | 27_slv_2021 | 109_gvg | 94_brao,,8378
gerlerb_v2,367,37_sg,54_sg | 40_sg | 14_schvg | 40_vsvgv | 111_svg_2025 | 33_svg_2025 | 3_finrvv_2016 | 41_sg | 4_mwdvdv | 17_sg,,11
gerlerb_v2,368,611_bgb,9_treinv_2023 | 404a_zpo | 5_kigabv | 2_arbgg | 311_bgb | 101_arbgg | 13_bpr_sthhstiftg | 22_asg | 78a_betrvg | 10_a_g,,29634
gerlerb_v2,369,1_kschg,1_kschg | 31_spraug | 29a_hag | 102_betrvg | 1a_kschg | 127_bpersvg_2021 | 574_bgb | 103_betrvg | 574c_bgb | 15_kschg,1.0,1
gerlerb_v2,370,23_kschg,40_sgb_6 | 74_bbergg | 32_mgvg | 3_mgfsg | 35_mgfsg | 42_sebg | 44_scebg | 406_hgb | 9_entgtranspg | 10_svsaaranglg,,219
gerlerb_v2,371,10_a_g,10_a_g | 9_a_g | 12_a_g | 8_a_g | 1_a_g | 604_bgb | 11_a_g | 17c_a_g | 15a_aentg_2009 | 44_schuldranpg,1.0,1
gerlerb_v2,374,544_zpo,133_vwgo | 116_fgo | 145_brao | 127_patanwo | 107_wipro | 34_wehrpflg | 84_sg | 129_stberg | 75_ersdig | 37_vermg,,11
gerlerb_v2,376,906_bgb,908_bgb | 911_bgb | 21_konsg | 316b_stgb | 134_tkg_2021 | 890_bgb | 91_whg_2009 | 93_whg_2009 | 37_whg_2009 | 104_stgb,,41
gerlerb_v2,377,139_zpo,1035_zpo | 105_enwg_2005 | 89a_gwb | 1041_zpo | 26_gebrmg | 12_uwg_2004 | 142_markeng | 54_geschmmg_2004 | 139_zpo | 106_sachenrberg,9.0,9
gerlerb_v2,379,552_zpo,9_dechpolvtrug | 17a_gvg | 87h_irg | 158_sgg | 125_vwgo | 84_vwgo | 514_hgb | 114a_sgg | 93a_vwgo | 78a_arbgg,,385
gerlerb_v2,380,8_markeng,23_markeng | 3_markeng | 9_markeng | 30_markeng | 22_markeng | 5_uwg_2004 | 14_markeng | 90_markeng | 46_markeng | 25_trzollv,,25
gerlerb_v2,383,21_patg,132_ao_1977 | 61_patg | 1_patkostzv_2004 | 15_patg | 54_sgb_7 | 162_kagb | 8_patg | 64_patg | 48_patanwaprv | 65_markeng,,21
gerlerb_v2,385,5_estg,31_rechversv | 18_umstgeldinstv | 17_dmbilg | 12_umstbausparkv | 208_bgb | 15_arbnerfg | 44e_abgg | 10_dmbilg | 341h_hgb | 1_erstrg,,29
gerlerb_v2,387,15_estg,8_gewstdv_1955 | 2_fzulg | 18_aktg | 2_ustg_1980 | 4_gewstdv_1955 | 2_gewstg | 193_stgb | 3_binschzv | 3_ihkg | 353_rvo,,33
gerlerb_v2,389,115_fgo,115_fgo | 36_fgo | 161_sgg | 132_vwgo | 219_beg | 134_vwgo | 107_wipro | 145_brao | 127_patanwo | 543_zpo,1.0,1
gerlerb_v2,390,115_fgo,115_fgo | 161_sgg | 36_fgo | 134_vwgo | 133_vwgo | 132_vwgo | 219_beg | 116_fgo | 107_wipro | 145_brao,1.0,1
gerlerb_v2,391,116_fgo,116_fgo | 115_fgo | 69_bdg | 128_fgo | 107_wipro | 129_stberg | 36_fgo | 10_kdvg_2003 | 133_vwgo | 544_zpo,1.0,1
gerlerb_v2,392,116_fgo,161_sgg | 133_vwgo | 134_vwgo | 76_arbgg | 116_fgo | 4_zust_blg | 30_auslwbg | 107_wipro | 127_patanwo | 128_fgo,5.0,5
gerlerb_v2,393,135_fgo,130_fgo | 129_fgo | 36_intfamrvg | 16_wbo | 131_fgo | 115_fgo | 25_intfamrvg | 464_stpo | 158_fgo | 18a_kvlg_1989,,57893
gerlerb_v2,397,13_urhg,8_fotografmstrv_2020 | 99_bho | 1_fotografmstrv_2020 | 1_insobekv | 77_eeg_2014 | 5_nd_v | 7_bsizertv_2014 | 12_ziev | 9_gdolmg | 13_beratungsg,,46449
gerlerb_v2,398,14_urhg,51a_urhg | 4_atav_2009 | 8_bverfschg | 7.01_binschstro_2012 | 29c_sg | 5_deckregv | 49_euwo_1988 | 56_bwo_1985 | 10_dwg | 18_pa_g_1986,,52735
gerlerb_v2,400,23_urhg,9_sg | 3_parlstg_1974 | 64_bbg_2009 | 44_bndg | 6_bprdgrunifano | 17_wipro | 16_stag | 23_urhg | 11_bverfgg | 1_bpr_skldgforstano_2011,8.0,8
gerlerb_v2,402,50_urhg,16a_dnbg | 42_vgg | 10_ladschlg | 2_urhrschfrverlg | 7_eugewschvg | 1_urhdag | 12_urhdag | 2a_nwrg-dv | 2_libiurhfrverlg | 2_nwrg-dv,,104
gerlerb_v2,403,97_urhg,14_urhg | 13_urhdag | 25_urhg | 4_urhdag | 37_urhg | 12_urhg | 18_urhdag | 134_urhg | 10_urhg | 39_urhg,,639
gerlerb_v2,405,1_tvg,1_ausbdienstlarbbv_6 | 1_geb_udearbbv_10 | 1_dachdarbbv_12 | 1_ger_stbarbbv_8 | 2_aentg_2009 | 78_wphg | 77_betrvg | 9_muschg_2018 | 4a_tvg | 12_a_g,,1232
gerlerb_v2,406,2_tvg,2_tvg | 22_blv_2009 | 14_schvg | 82_hwo | 25_ebo | 25_derivatev_2013 | 1_lhauswausbstv | 33_tfg | 67_binschpersv | 89_strlschg,1.0,1
gerlerb_v2,407,8_markeng,8_markenv_2004 | 9_markenv_2004 | 48_markeng | 9_markeng | 12a_markenv_2004 | 6_markenv_2004 | 26_markeng | 17_markeng | 29_weinv_1995 | 12_markenv_2004,,214
gerlerb_v2,408,8_markeng,23_markeng | 917_bgb | 6_markenv_2004 | 8_markeng | 18_hgb | 40_pstg | 20_notaktvv | 46_woeigg | 143_markeng | 9_markeng,4.0,4
gerlerb_v2,409,3_ustg_1980,340a_zpo | 11_binschabf_bkag | 18_sgb_10 | 22_vwvfg | 86_ao_1977 | 20_notaktvv | 9_trzollv | 3e_ustg_1980 | 101_btgo_1980 | 87_strsaareg,,66
gerlerb_v2,410,3_ustg_1980,3a_ustg_1980 | 34a_ustdv_1980 | 12_gaststg | 8_coronaimpfv_2021-09 | 25_ustg_1980 | 25_ksvg | 422_sgb_5 | 27b_ustg_1980 | 9_coronaimpfv_2021-09 | 119b_gvg,,13
gerlerb_v2,411,12_ustg_1980,119b_gvg | 162_kagb | 229_kagb | 9_min_lav | 19_euwo_1988 | 14_gastg | 24_strlschg | 1_spielv | 13_pangv_2022 | 20_tamg,,756
gerlerb_v2,412,12_ustg_1980,119b_gvg | 611_zpo | 3e_ustg_1980 | 1_bimschv_1_2010 | 13_pangv_2022 | 9_trzollv | 7_schbesv_2013 | 14_trzollv | 1_spielv | 3_usterstvo,,33
gerlerb_v2,415,93c_bverfgg,93c_bverfgg | 93d_bverfgg | 93b_bverfgg | 160_sgg | 16_bverfgg | 22_bverfggo_2015 | 34_bverfgg | 15_bverfgg | 55_bverfggo_2015 | 7_brhg_1985,1.0,1
gerlerb_v2,416,1779_bgb,1778_bgb | 1685_bgb | 3_bkgg_1996 | 168_famfg | 1626_bgb | 1816_bgb | 1600_bgb | 53_sgb_8 | 1773_bgb | 64_estg,,1639
gerlerb_v2,417,1779_bgb,19_chemg | 1773_bgb | 1_vbvg_2023 | 67_binschpersv | 53_sgb_8 | 19_emvg_2016 | 1775_bgb | 1801_bgb | 1685_bgb | 58_ptag,,56960
gerlerb_v2,418,59_famfg,303_famfg | 96d_irg | 1781_bgb | 12_dpmavwkostv_2006 | 16_wbo | 24_svwo_1997 | 22_bwo_1985 | 11_patkostg | 94_bnoto | 85_aktg,,1808
gerlerb_v2,419,9_markeng,9_markeng | 51_markeng | 120_markeng | 43_markeng | 157_markeng | 10_markeng | 50_markeng | 42_markeng | 49_markeng | 11_markeng,1.0,1
gerlerb_v2,420,158_markeng,158_markeng | 91a_markeng | 6b_markenv_2004 | 40_gvgeg | 47_sprengg_1976 | 1_heilmwerbg | 21_bgbeg | 15_adkg | 23_markenv_2004 | 3_sokasig_2,1.0,1
gerlerb_v2,421,42_markeng,42_markeng | 42_markenv_2004 | 51_markeng | 26_markeng | 16_markeng | 30_markeng | 157_markeng | 46_markeng | 36_markenv_2004 | 49_markeng,1.0,1
gerlerb_v2,422,158_markeng,158_markeng | 3_ptbbgebv | 3_bambgebv | 41_sgb_9_2018 | 69h_beamtvg | 50_bgbeg | 25_schfhwg | 18a_aoeg_1977 | 47_sprengg_1976 | 7_bmelbgebv,1.0,1
gerlerb_v2,423,43_markeng,26_markeng | 42_markeng | 51_markeng | 21_markeng | 24_markeng | 17_markeng | 49_markeng | 42_markenv_2004 | 22_markeng | 153_markeng,,13
gerlerb_v2,424,756_zpo,756_zpo | 1473_bgb | 110_inso | 41_aug_2011 | 62_aug_2011 | 8_interbrvg | 9_intg_rvg | 592_hgb | 707_zpo | 750_zpo,1.0,1
gerlerb_v2,426,3_invstg_2018,17_invstg_2018 | 3_invstg_2018 | 33_invstg_2018 | 10_invstg_2018 | 30_invstg_2018 | 8_invstg_2018 | 31_invstg_2018 | 35_invstg_2018 | 2_invstg_2018 | 26_invstg_2018,2.0,2
gerlerb_v2,427,18_invstg_2018,18_invstg_2018 | 17_invstg_2018 | 18_zuv_2020 | 3_invstg_2018 | 12_zuv_2020 | 48_invstg_2018 | 14_invstg_2018 | 51_invstg_2018 | 29_invstg_2018 | 23_invstg_2018,1.0,1
gerlerb_v2,428,23_estg,30_karbv | 260_kagb | 31_karbv | 10e_estg | 23_estg | 30_minstg | 235_kagb | 236_kagb | 11_karbv | 35c_estg,5.0,5
gerlerb_v2,429,163_ao_1977,22_bimschv_1_2010 | 123_strlschg | 12_lbg | 163_ao_1977 | 1316_bgb | 55_sektvo_2016 | 102_geg | 10_gfdv | 62_blg | 8_natsgspreewv,4.0,4
gerlerb_v2,430,227_ao_1977,5_stabwg | 6_zerlg_1998 | 77_ao_1977 | 40c_bvo_2 | 2288_bgb | 403_ao_1977 | 14a_gewstg | 9_wogv | 165_ao_1977 | 40_b_rsg_2007,,79067
gerlerb_v2,432,72a_arbgg,116_fgo | 72a_arbgg | 69_bdg | 107_wipro | 129_stberg | 34_wehrpflg | 84_sg | 37_vermg | 133_vwgo | 27_berrehag,2.0,2
gerlerb_v2,433,80_patg,34_sortschg_1985 | 73_patg | 21_begdv_1 | 21_begdv_2 | 27_begdv_3 | 502_bgb | 6_fpfzg | 2_biomathintv | 13a_afbg | 62_blg,,16
gerlerb_v2,434,227_zpo,227_zpo | 337_zpo | 141_zpo | 335_zpo | 283_zpo | 23_schiedsg | 23_vdug | 32_zo-zahn_rzte | 454_zpo | 241_zpo,1.0,1
gerlerb_v2,436,85_zpo,244_zpo | 10_schuldranpg | 31_gkg_2004 | 26_famgkg | 651x_bgb | 14_invstg_2018 | 19_partg | 480_hgb | 10_euwg | 32_invstg_2018,,179
gerlerb_v2,437,261_stpo,18_wbo | 82_bverfgg | 446_zpo | 72_zpo | 72_owig_1968 | 57_gwb | 11_strrehag | 155c_famfg | 20_istghg | 85_bverfgg,,835
gerlerb_v2,438,32_bverfgg,165_ao_1977 | 35a_bverfgg | 32_bverfgg | 76_bpersvg_2021 | 83_bpersvg_2021 | 214_famfg | 33_bverfgg | 38_bverfgg | 90_bverfgg | 30_wastr_bgvtr,3.0,3
gerlerb_v2,439,32_bverfgg,165_ao_1977 | 35a_bverfgg | 32_bverfgg | 49_famfg | 1_burlv | 32_partg | 38_bverfgg | 67_bverfgg | 96_blg | 56_bverfgg,3.0,3
gerlerb_v2,440,257c_stpo,102a_vwgo | 110a_sgg | 257c_stpo | 257b_stpo | 202a_stpo | 257a_stpo | 24_bverfggo_2015 | 77_mtdbwvvdv | 284_zpo | 56a_inso,3.0,3
gerlerb_v2,441,257c_stpo,257c_stpo | 431_stpo | 186_gvg | 4.03_binschstro_2012 | 23_strabbo_1987 | 66_stpo | 106_sachenrberg | 32_heimmitwirkungsv | 90a_gwb | 483_zpo,1.0,1
gerlerb_v2,443,2_baf_g,2_psychthv | 2_trainerv | 2_kirchenberufev | 37_baf_g | 40_baf_g | 54_sgb_7 | 45_baf_g | 2_baf_gfachlehrerv | 20_baf_g | 93_sgb_14,,79
gerlerb_v2,444,2_baf_g,6_bprdgrunifano | 2_unibwleistbv | 1_baf_gfachlehrerv | 2_fhbleistbv | 65_tappv | 67_tappv | 23_tappv | 23_zappro | 3_unibwleistbv | 4_tappv,,23
gerlerb_v2,446,51_versausglg,51_versausglg | 19_versausglg | 101_alg | 224_famfg | 225_famfg | 5_versausglg | 24_alg | 31_versausglg | 53_versausglg | 221_famfg,1.0,1
gerlerb_v2,447,51_versausglg,51_versausglg | 26_interbrvg | 28_avag_2001 | 26_intg_rvg | 225_famfg | 69_aug_2011 | 42_bdg | 6_vollstrabkbelag | 7_zpvtrautag | 7_vollstrabkgbrag,1.0,1
gerlerb_v2,448,51_versausglg,51_versausglg | 40_versausglg | 1_versausglg | 67a_stgb | 57_beamtvg | 79_gnotkg | 73_svg_2025 | 55_famgkg | 37_verschg | 101_alg,1.0,1
gerlerb_v2,449,26_famfg,37_gapinvekosv | 15_vschdg | 352e_famfg | 311_stpo | 72_owig_1968 | 64_famfg | 81_gnotkg | 66_gkg_2004 | 572_zpo | 62_aug_2011,,1286
gerlerb_v2,450,68_famfg,68_famfg | 12_spruchg | 130_gnotkg | 568_zpo | 11_wregg | 95_luftfzgg | 16_vschdg | 43_aug_2011 | 311a_stpo | 81_gnotkg,1.0,1
gerlerb_v2,451,43_vwgo,40_zpo | 396_ao_1977 | 352c_famfg | 44_woeigg | 1029_zpo | 49_famfg | 221_famfg | 11_vdug | 168e_famfg | 256_zpo,,733
gerlerb_v2,452,137_vwgo,137_vwgo | 82_drig | 423_stpo | 78_asylvfg_1992 | 71_bdg | 57_bdg | 83c_wipro | 23_bdg | 35_vwgo | 118_fgo,1.0,1
gerlerb_v2,453,17a_gvg,318_zpo | 70_owig_1968 | 87h_irg | 17a_gvg | 149_fgo | 216_famfg | 57_famgkg | 348_stpo | 209_famfg | 74_famfg,4.0,4
gerlerb_v2,454,36_aufenthg_2004,36_aufenthg_2004 | 36a_aufenthg_2004 | 29_aufenthg_2004 | 27_aufenthg_2004 | 39_aufenthv | 301b_lag | 574_bgb | 25_aufenthg_2004 | 26_asylvfg_1992 | 19_gapinvekosv,1.0,1
gerlerb_v2,455,30_aufenthg_2004,30_aufenthg_2004 | 52_aufenthg_2004 | 14_schvg | 37_aufenthg_2004 | 25b_aufenthg_2004 | 19_chemg | 16d_aufenthg_2004 | 25a_aufenthg_2004 | 17_aufenthg_2004 | 32_aufenthg_2004,1.0,1
gerlerb_v2,456,31_aufenthg_2004,37_aufenthg_2004 | 19_euwo_1988 | 20_bwo_1985 | 15_hivhg | 8_afbg | 25a_aufenthg_2004 | 26_aufenthg_2004 | 30_aufenthg_2004 | 25b_aufenthg_2004 | 120a_sgb_6,,30
gerlerb_v2,457,32_aufenthg_2004,14_trzollv | 46_aufenthv | 1609_bgb | 24_auv_2012 | 17_sgb_8 | 19_asylblg | 104b_aufenthg_2004 | 22_kunsturhg | 1_bshg_88abs2dv_1988 | 8_skaufg,,13
gerlerb_v2,458,5_aufenthg_2004,26_aufenthg_2004 | 38a_aufenthg_2004 | 25b_aufenthg_2004 | 34_aufenthg_2004 | 45_aufenthv | 25a_aufenthg_2004 | 37_aufenthg_2004 | 18g_aufenthg_2004 | 52_aufenthg_2004 | 104c_aufenthg_2004,,13
gerlerb_v2,459,5_aufenthg_2004,26_aufenthg_2004 | 25a_aufenthg_2004 | 104c_aufenthg_2004 | 38a_aufenthg_2004 | 25b_aufenthg_2004 | 19d_aufenthg_2004 | 34_aufenthg_2004 | 45_aufenthv | 37_aufenthg_2004 | 18g_aufenthg_2004,,13
gerlerb_v2,460,5_aufenthg_2004,14_schvg | 2_skaufg | 16_gaststg | 10_aufenthg_2004 | 20_gaststg | 7_ustg_1980 | 1_beschv_2013 | 12_rdg | 10_fl_hg | 6_ustg_1980,,130
gerlerb_v2,462,22_sg,22_sg | 16_bwvollzo | 333_stgb | 26_hinschg | 15c_beschv_2013 | 35_seerverto_1986 | 5_sazv | 1_seerverto_1986 | 6_pflebeteiligungsv | 54a_ifsg,1.0,1
gerlerb_v2,463,7_bshg_76dv,25_verksig | 355_sgb_3 | 24_bho | 1_esanmv | 2_betrkv | 7_bshg_76dv | 11_svhv | 164a_bbaug | 25_wassig | 220_sgb_6,6.0,6
gerlerb_v2,464,41_sg,41_sg | 2276_bgb | 42_sg | 4_sg | 468_famfg | 2_soldgg | 44_bbesg | 452b_hgb | 31_bf_v | 5_bf_v,1.0,1
gerlerb_v2,468,287_zpo,10_dechpolvtrug | 287_zpo | 7_postschliv | 829a_zpo | 14_vsbg | 696_zpo | 9_dechpolvtrug | 6_dechpolvtrug | 1090_zpo | 95_famfg,2.0,2
gerlerb_v2,469,291_zpo,445_zpo | 89d_gwb | 72_owig_1968 | 186_zpo | 490_zpo | 10_vwzg_2005 | 404a_zpo | 418_zpo | 45_wusolvv | 26_bverfgg,,103
gerlerb_v2,472,10_jgg,10_jgg | 27_sgb_8 | 24_jgg | 34_sgb_8 | 23_jgg | 2_lehrerzvdbest_1 | 25_jgg | 174_stgb | 48_jgg | 32_sgb_8,1.0,1
gerlerb_v2,473,15_jgg,10_jgg | 27_jgg | 15_jgg | 25_jgg | 5_jgg | 21_sgg | 98_owig_1968 | 5_kkg | 13_jgg | 112a_jgg,3.0,3
gerlerb_v2,474,1_waffg_2002,45_slv_2021 | 45_pstv | 1_schvg | 351_inso | 60_auslschuldabkag | 3_irg | 27_wipro | 87_strsaareg | 169_sag | 87d_irg,,92
gerlerb_v2,475,1_waffg_2002,45_slv_2021 | 45_pstv | 3_irg | 27_wipro | 87d_irg | 14_dechpolvtrug | 6_luftvo_2015 | 1_schvg | 10_euahig | 169_sag,,207
gerlerb_v2,476,2_waffg_2002,11_stvo_2013 | 10_beschussv | 3_beschussv | 7_inhkontrollv | 15_waffrg | 17_krwaffkontrg | 210_kagb | 4_ubgg | 250_stgb | 34_stvo_2013,,69592
gerlerb_v2,477,2_waffg_2002,5_lmbvv | 11_stvo_2013 | 29_hzvg_2002 | 157_vvg_2008 | 46_waffg_2002 | 3b_amvv | 17_bjagdg | 76_luftvzo | 61c_sgb_12 | 4_ubregg,,29
gerlerb_v2,478,2_waffg_2002,3_waffg_2002 | 46_waffg_2002 | 29_waffg_2002 | 37c_waffg_2002 | 32_waffg_2002 | 2_waffg_2002 | 18_waffg_2002 | 30_waffg_2002 | 9_seebewachv | 11_beschg,6.0,6
gerlerb_v2,479,30a_btmg_1981,28_odv | 463_famfg | 330_inso | 687_bgb | 202c_stgb | 31_wpapg | 17_wstrg | 54_ersdig | 23_betrsichv_2015 | 18_prodsg2011v_6,,21082
gerlerb_v2,480,23_bverfgg,82_bverfgg | 85_bverfgg | 94_bverfgg | 48_bverfgg | 5_nisg | 26_euwg | 32_bverfgg | 12_atg | 364_ao_1977 | 65_bverfgg,,137
gerlerb_v2,481,32_bverfgg,32_bverfgg | 53_bverfgg | 427_famfg | 15_thug | 332_famfg | 52_famfg | 301_famfg | 570_zpo | 81_schrego | 16_wahlprg,1.0,1
gerlerb_v2,482,69_fgo,570_zpo | 131_fgo | 39_blg | 69_fgo | 361_ao_1977 | 80a_vwgo | 328_famfg | 424_famfg | 77_enwg_2005 | 97_owig_1968,4.0,4
gerlerb_v2,483,69_fgo,174_ao_1977 | 19_wbo | 153_ao_1977 | 59_vwvfg | 58_sgb_10 | 8_vsbg | 9_ao_1977 | 28_gvgeg | 172_ao_1977 | 175_ao_1977,,11441
gerlerb_v2,484,115_fgo,115_fgo | 36_fgo | 133_vwgo | 549_zpo | 335_stpo | 139_vwgo | 342_stpo | 719_zpo | 357_stpo | 434_stpo,1.0,1
gerlerb_v2,485,128_fgo,36_fgo | 115_fgo | 128_fgo | 75_enwg_2005 | 23_wbo | 6_urkersv | 81_gnotkg | 83_gnotkg | 17a_gvg | 66_gkg_2004,3.0,3
gerlerb_v2,487,17_ustg_1980,392_bgb | 3_wogv | 406_bgb | 40_b_rsg_2007 | 42d_pfav | 13c_ustg_1980 | 1_rsiedlgergg_1935 | 24d_berversv_2017 | 55_flurbg | 313_ao_1977,,9677
gerlerb_v2,488,43_amg_1976,11_heimg | 13_heimg | 20_heimmitwirkungsv | 30_heimmitwirkungsv | 15_heimg | 3_heimmitwirkungsv | 7a_heimmitwirkungsv | 10_heimg | 31_heimmitwirkungsv | 11_heimpersv,,29
gerlerb_v2,489,1_apog,3_parlstg_1974 | 64_bbg_2009 | 11_bverfgg | 44_bndg | 54_bgsg | 11_bdsg_2018 | 26c_agg | 21_konsg | 16_stag | 9_sg,,37
gerlerb_v2,490,6_apog,4_apobetro_1987 | 12_eeg_2014 | 7.03_rheinschpersv_2023 | 289b_hgb | 13_apog | 4_flul_rmg | 315b_hgb | 3_schwpestv_1988 | 65_offshorebergv | 23_wvg,,14
gerlerb_v2,491,12a_apog,21_heimmindbauv | 12a_apog | 4_apobetro_1987 | 14_schvg | 14_apog | 19_chemg | 27_apog | 24_apobetro_1987 | 1_bapo | 13_apog,2.0,2
gerlerb_v2,492,62_sg,6a_wehrpflg | 40a_de_v | 188_sgb_6 | 86_svg_2025 | 192a_sgb_6 | 62_sg | 11a_stpo | 186a_sgb_6 | 39_svg_2025 | 9a_bbesg,6.0,6
gerlerb_v2,493,547_zpo,123_bgb | 42_famfg | 122_gvg | 102_gvg | 166_sgb_3 | 9_uergg | 206b_stpo | 4_anfg_1999 | 134_inso | 40_jgg,,1034
gerlerb_v2,494,283_zpo,16_stag | 21_konsg | 64_bbg_2009 | 9_sg | 13_bnoto | 64_stpo | 481_zpo | 3_parlstg_1974 | 44_bndg | 2_soldernano_2015,,1598
gerlerb_v2,496,2a_estg,15_estg | 15b_estg | 42_minstg | 15a_berlinfg | 1_bsgav | 2a_estg | 10_astg | 340c_hgb | 18_rechpensv | 33_rechversv,6.0,6
gerlerb_v2,497,2a_estg,340c_hgb | 12a_kredwg | 27_rechzahlv | 27_fkag | 15b_estg | 2a_estg | 15_estg | 33_rechkredv | 35_estg | 44a_kredwg,6.0,6
gerlerb_v2,498,52_estg,23_umwstg_1995 | 11_astg | 2_astg | 2a_estg | 10d_estg | 2_auslinvg | 20_astg | 34d_estg | 7_gewstg | 7_astg,,562
gerlerb_v2,499,180_ao_1977,18_ao_1977 | 18_astg | 3_invzulg_2005 | 6_invzulg_2007 | 7_invzulg_2010 | 19_ao_1977 | 5_invzulg_1999 | 153_bewg | 8_invzulg_2010 | 5a_invzulg_1999,,25
gerlerb_v2,500,180_ao_1977,18_astg | 3_invzulg_2005 | 6_invzulg_2007 | 7_invzulg_2010 | 15_estg | 5_invzulg_1999 | 179_ao_1977 | 7_astg | 352_ao_1977 | 153_bewg,,48
gerlerb_v2,501,180_ao_1977,6_umwstg_1995 | 1a_kstg_1977 | 15_estg | 153_bewg | 18_astg | 49_estg | 5_umwstg_1995 | 34d_estg | 16_astg | 179_ao_1977,,25
gerlerb_v2,505,198_gvg,199_gvg | 198_gvg | 119a_stvollzg | 9_streg | 7_zpvtrautag | 172_stpo | 47_fgo | 60a_fgo | 261_aktg | 360_ao_1977,2.0,2
gerlerb_v2,506,198_gvg,198_gvg | 39_wastrg | 62_bdg | 24_wertausglg | 199_gvg | 43_vsbg | 97a_bverfgg | 61b_arbgg | 25_schberg | 19_luftvg,1.0,1
gerlerb_v2,507,114_zpo,34_beamtvg | 362_hgb | 9_schstv | 42_digav | 69_bbesg | 11_rvo_368oabs4v | 40b_sgb_11 | 5_wipr_fvo | 25_sgb_12 | 3_orthversorguvv,,2029
gerlerb_v2,508,119_zpo,123_markeng | 1078_zpo | 28f_enwg_2005 | 36__daprv | 11__daprv | 117_zpo | 1077_zpo | 63a_geschmmg_2004 | 12_rvg | 404_stpo,,33
gerlerb_v2,509,121_bgb,119_bgb | 123_bgb | 120_bgb | 10_uschadg | 1600a_bgb | 55_vvg_2008 | 19_sgb_10 | 1825_bgb | 2078_bgb | 2283_bgb,,77
gerlerb_v2,510,426_bgb,87_wipro | 4_stgebo_2011 | 126_owig_1968 | 2_tvg | 323_hgb | 55_bgsg_1994 | 90b_irg | 117_sgb_10 | 106_sachenrberg | 12_postschliv,,40554
gerlerb_v2,511,8_markeng,23_markeng | 1_alkoverfrg | 9_juschg | 6_gastg | 31_schaumwzwstg_2009 | 28_gastg | 3_seestrov | 23_gastg | 1_nordsbrweing | 122_owig_1968,,117
gerlerb_v2,512,75_sg,21_drig | 29_wehrpflg | 17d_ezulv_1976 | 4a_ezulv_1976 | 44_sg | 4_sg | 1_e_gv | 55_sg | 54_sg | 75_sg,10.0,10
gerlerb_v2,518,19_zo-_rzte,20_zo-_rzte | 21_zo-_rzte | 6_bpolhfv | 6_arbmedvv | 32b_zo-_rzte | 10_strabbo_1987 | 5_bpolhfv | 103_sgb_5 | 27b_sgb_5 | 395_sgb_5,,116
gerlerb_v2,519,32b_zo-_rzte,11__daprv | 46_zo-zahn_rzte | 46_zo-_rzte | 10__appro_2002 | 32b_zo-zahn_rzte | 32b_zo-_rzte | 34_erstrg | 33_milchquotv | 7.11_rheinschpersv | 11a__appro_2002,6.0,6
gerlerb_v2,521,60_gmbhg,1446_bgb | 19_gepbetrwmaprobusmanfv | 15_bschuwg | 70_seearbg | 19_restmaprorestprv | 5b_vermanlg | 1468_bgb | 4_uvpbergbv | 26_lmhfortbpr_fv | 26_vtmbaprovtfprv,,45011
gerlerb_v2,524,36_inso,254_inso | 11a__appro_2002 | 96_inso | 152_bbergg | 36_eurag | 2_b_o | 37_gwb | 18_zo-_rzte | 217_inso | 35_inso,,28
gerlerb_v2,525,312_bgb,312g_bgb | 356_bgb | 356c_bgb | 312b_bgb | 312_bgb | 356d_bgb | 510_bgb | 357a_bgb | 357_bgb | 312d_bgb,5.0,5
gerlerb_v2,527,312d_bgb,312f_bgb | 312d_bgb | 357_bgb | 356_bgb | 312j_bgb | 37_vsbg | 357a_bgb | 6_wbvg | 355_bgb | 482_bgb,2.0,2
gerlerb_v2,528,312g_bgb,312d_bgb | 357a_bgb | 357_bgb | 356c_bgb | 29c_zpo | 312g_bgb | 357d_bgb | 312b_bgb | 356_bgb | 312a_bgb,6.0,6
gerlerb_v2,529,355_bgb,312d_bgb | 357a_bgb | 357_bgb | 312g_bgb | 357d_bgb | 356c_bgb | 312b_bgb | 356_bgb | 312a_bgb | 29c_zpo,,227
gerlerb_v2,530,765_bgb,406_hgb | 8_asylblg | 842_bgb | 66_minstg | 16_luftvg | 15_adkg | 7_beeg | 44_ao_1977 | 90b_irg | 15_hebg_2020,,17476
gerlerb_v2,532,32_bverfgg,67_bverfgg | 165_ao_1977 | 90_bverfgg | 5_bpr_sruhebezg | 66a_bverfgg | 32_bverfgg | 96c_bverfgg | 16_wahlprg | 328_sgb_3 | 72_bverfgg,6.0,6
gerlerb_v2,533,15_versammlg,15_versammlg | 19_gentg | 8_versammlg | 6_chemverbotsv_2017 | 6_versammlg | 29_verlg | 5_versammlg | 36_krwg | 12.07_binschstro_2012 | 43_bokraft_1975,1.0,1
gerlerb_v2,534,18_gwb,54_postg_2024 | 40_postg_2024 | 18_gwb | 58_postg_2024 | 6_apasterg | 61_postg_2024 | 39_postg_2024 | 52_postg_2024 | 3_brinv | 2_bnv,3.0,3
gerlerb_v2,535,19_gwb,54_postg_2024 | 11_tkg_2021 | 29_gwb | 19_asylblg | 58_postg_2024 | 41_postg_2024 | 37_postg_2024 | 37_tkg_2021 | 308_bgb | 12_eregg,,11
gerlerb_v2,537,47_bnoto,100_svg_2025 | 3_persanpassg | 2_persst_rkeg | 4_bverfgg | 7_zdvg | 21_betrvg | 54_svg_2025 | 23_bgleig_2015 | 14_mitbestg | 9_skpersstruktanpg,,42
gerlerb_v2,538,155_fgo,127_fgo | 11_strrehag | 363_ao_1977 | 54a_arbgg | 15_rohmilchg_tv | 39_fgo | 14_spfv | 4_versruhg | 155_famfg | 7_tierimpfstv_2006,,36295
gerlerb_v2,539,251_zpo,106_sachenrberg | 404a_zpo | 139_zpo | 251a_zpo | 278_zpo | 54a_arbgg | 251_zpo | 1035_zpo | 278a_zpo | 64_zpo,7.0,7
gerlerb_v2,540,135_fgo,464_stpo | 372_stpo | 304_stpo | 473_stpo | 199_brao | 85_owig_1968 | 93_famfg | 464a_stpo | (zu_bdg | 16_wbo,,591
gerlerb_v2,541,2_vzog,9_bosog | 2_vzog | 51_owig_1968 | 94_markeng | 127_patg | 1_bosog | 9_vwzg_2005 | 1944_bgb | 2_auslzuschlv_2010 | 19_pa_g_1986,2.0,2
gerlerb_v2,543,418_zpo,195_zpo | 175_zpo | 5_vwzg_2005 | 180_zpo | 33_vwvfg | 486_hgb | 31a_stvzo_2012 | 173_zpo | 70_auslwbg | 368_bgb,,46001
gerlerb_v2,544,137_vwgo,133_vwgo | 335_stpo | 549_zpo | 116_fgo | 719_zpo | 135_vwgo | 305a_stpo | 434_stpo | 342_stpo | 160a_sgg,,39
gerlerb_v2,545,1666a_bgb,38a_sgb_11 | 1617_bgb | 1829_bgb | 1617a_bgb | 23b_gvg | 45_pstg | 1832_bgb | 92_sgb_8 | 1825_bgb | 159_famfg,,30731
gerlerb_v2,546,1666_bgb,1684_bgb | 1629_bgb | 1632_bgb | 1667_bgb | 1630_bgb | 1640_bgb | 3_bkgg_1996 | 1751_bgb | 6_adwirkg | 1631e_bgb,,53
gerlerb_v2,550,550_bgb,18_hag | 50_offshorebergv | 535_bgb | 41_enwg_2005 | 10_betrsichv_2015 | 132_gwb | 12_stromnev | 4_gebrmg | 8_versfinkflausbv | 19_partg,,2592
gerlerb_v2,552,578_bgb,16_tzbfg | 29_karbv | 56_sgb_10 | 57_vwvfg | 28_eemd-zvanl_i | 36_eemd-zvanl_ii | 64c_bnoto | 153_sgb_14 | 15_patanwaprv | 16_bbergg,,45599
gerlerb_v2,553,85_zpo,10_schuldranpg | 195_zpo | 28_patanwo | 30_brao | 2060_bgb | 109_wphg | 76_zpo | 387_zpo | 31_eurag | 651x_bgb,,24441
gerlerb_v2,556,115_fgo,115_fgo | 36_fgo | 219_beg | 127_brrg | 133_vwgo | 161_sgg | 132_vwgo | 139_vwgo | 82_drig | 340_stpo,1.0,1
gerlerb_v2,557,115_fgo,115_fgo | 36_fgo | 161_sgg | 132_vwgo | 219_beg | 134_vwgo | 107_wipro | 145_brao | 127_patanwo | 543_zpo,1.0,1
gerlerb_v2,558,118_fgo,116_fgo | 118_fgo | 115_fgo | 120_fgo | 264_stpo | 130_vwgo | 20_tamg | 161_sgg | 82_drig | 126_fgo,2.0,2
gerlerb_v2,559,9_estg,14_hoai_2013 | 140_patg | 8c_uwg_2004 | 2c_uklag | 1877_bgb | 14_uwg_2004 | 10_koverstv | 1878_bgb | 2_strabeg | 796_zpo,,579
gerlerb_v2,560,12_estg,12_schbaug | 2_eigzulg | 73d_estdv_1955 | 3c_estg | 82c_sgb_3 | 44_invstg_2018 | 15_bjagdg | 21_invstg_2018 | 155_sgb_3 | 9b_estg,,6906
gerlerb_v2,563,903_bgb,15_sachenrberg | 23_schuldranpg | 2165_bgb | 3_meanlg | 64_sachenrberg | 26_schuldranpg | 901_bgb | 38_schuldranpg | 11_meanlg | 79_sachenrberg,,63638
gerlerb_v2,566,23_bverfgg,95_bverfgg | 90_bverfgg | 91_bverfgg | 94_bverfgg | 93c_bverfgg | 34_bverfgg | 42_bverfggo_2015 | 34a_bverfgg | 30_awsv | 14_schvg,,15
gerlerb_v2,567,34_bverfgg,90_bverfgg | 34_bverfgg | 91_bverfgg | 95_bverfgg | 94_bverfgg | 93c_bverfgg | 28_digav | 24_dipav | 10_bgebg | 10_gvkostg,2.0,2
gerlerb_v2,568,92_bverfgg,89_arbgg | 72a_arbgg | 116_fgo | 117_famfg | 145_sgg | 133_vwgo | 575_zpo | 41_sg | 160a_sgg | 146_vwgo,,17
gerlerb_v2,570,21_wbo,21_wbo | 23_wbo | 6_bprdgrunifano | 7_bmvgwidvertrano_2017 | 2_soldernano_2015 | 61_bdsg_2018 | 15_beamtvzustano_2016 | 3_parlstg_1974 | 38_intfamrvg | 116_bho,1.0,1
gerlerb_v2,574,54_vwgo,18_bverfgg | 48_bdg | 119_fgo | 138_vwgo | 54_vwgo | 51_fgo | 41_zpo | 547_zpo | 579_zpo | 83_markeng,5.0,5
gerlerb_v2,575,8_markeng,38_markenv_2004 | 6_markenv_2004 | 29_weinv_1995 | 9_markeng | 26_markeng | 8_markenv_2004 | 9_markenv_2004 | 30_markenv_2004 | 41_markenv_2004 | 24_apobetro_1987,,194
gerlerb_v2,576,8_markeng,38_seerverto_1986 | 23_weing_1994 | 4_zdvwahlv_2 | 10_vwzg_2005 | 4_seerverto_1986 | 72_betrvg | 186_zpo | 4_partg | 17_ttdsg | 14_messbg,,16983
gerlerb_v2,585,516_zpo,106_akg | 17_rvermg | 28_rtrabwg | 30_nsverbg | 13_lag_ndg_8 | 15_vsbg | 1041_zpo | 41_zpo | 340_zpo | 582_zpo,,246
gerlerb_v2,587,153_vwgo,134_fgo | 153_vwgo | 117_patanwo | 12_h_fevfo | 48_famfg | 93a_vwgo | 114a_sgg | 78a_enwg_2005 | 119_stberg | 132_brao,2.0,2
gerlerb_v2,588,580_zpo,13_lag_ndg_8 | 227_zpo | 26a_stvg | 23_sag | 54_sgb_7 | 16_partg | 92_zpo | 33_kspg | 101_zvg | 17_schiedsg,,84
gerlerb_v2,589,826_bgb,334_stgb | 74_owig_1968 | 57_jgg | 62b_aufenthg_2004 | 105_fgo | 332_stgb | 338_stpo | 117_vwgo | 142_stgb | 126_stpo,,77157
gerlerb_v2,590,48_vwvfg,14_ur_v | 8_thug | 337_famfg | 319_famfg | 39_owig_1968 | 79_bdg | 24_fluug | 17_brao | 24_patanwo | 5_thug,,325
gerlerb_v2,593,23_bverfgg,96_bverfgg | 44_bverfgg | 5_nisg | 20_emvg_2016 | 96d_bverfgg | 32_bverfgg | 38_bverfgg | 124a_vwgo | 97b_bverfgg | 28_ptag,,240
gerlerb_v2,595,64_starug,64_starug | 66_starug | 62_starug | 3_aktfov | 59_starug | 5_intg_rvg | 131_aktg | 4_interbrvg | 136_aktg | 12_bgb,1.0,1
gerlerb_v2,596,66_starug,71_starug | 64_famfg | 35_euwo_1988 | 42_bwo_1985 | 11_patkostg | 37_bwo_1985 | 925_bgb | 116_fgo | 63_famfg | 6_wbo,,54
gerlerb_v2,597,8_markeng,228_stgb | 40_ao_1977 | 138_bgb | 819_bgb | 100_markeng | 106e_markeng | 103_markeng | 817_bgb | 826_bgb | 2_gebrmg,,121
gerlerb_v2,598,32_markenv_2004,32_markenv_2004 | 52b_geschmmg_2004 | 22_designv | 3_ervdpmav_2013 | 25_patg | 96_markeng | 28_gebrmg | 2_eapatv | 58_geschmmg_2004 | 64a_markeng,1.0,1
gerlerb_v2,599,43_markeng,26_markeng | 42_markeng | 51_markeng | 24_markeng | 21_markeng | 49_markeng | 17_markeng | 42_markenv_2004 | 22_markeng | 153_markeng,,15
gerlerb_v2,600,66_markeng,64_markeng | 304_famfg | 64_famfg | 355_famfg | 116_fgo | 6_zp_bkhaagg | 59_aug_2011 | 35_euwo_1988 | 11_vollstrvtrtunag | 83_gnotkg,,24
gerlerb_v2,601,71_markeng,71_markeng | 80_patg | 81_markeng | 147_flurbg | 137_fgo | 68_markeng | 21_wvg | 74_markeng | 4_patkostg | 81_famfg,1.0,1
gerlerb_v2,602,71_markeng,89a_gwb | 105_enwg_2005 | 22_geschgehg | 44i_intfamrvg | 54_geschmmg_2004 | 144_patg | 12_uwg_2004 | 26_gebrmg | 142_markeng | 92_zpo,,2263
gerlerb_v2,603,82_markeng,89_gbo | 406a_stpo | 4_patanwo | 19_bosog | 79_markeng | 35a_stpo | 135_gvg | 62_aug_2011 | 11_rpflg_1969 | 956_zpo,,2586
gerlerb_v2,604,148_zpo,3_eginso | 4_eginso | 3_d_kvag | 11_strrehag | 257c_stpo | 7_finsv | 140_famfg | 155_famfg | 278a_zpo | 138c_stpo,,639
gerlerb_v2,605,252_zpo,6_d_kvag | 252_zpo | 59_jgg | 22_bdg | 14_streg | 237_ao_1977 | 36_avag_2001 | 32_intg_rvg | 396_ao_1977 | 55_jgg,2.0,2
gerlerb_v2,606,134_bgb,574a_bgb | 4_woeigg | 306_bgb | 4a_wovermrg | 312a_bgb | 1366_bgb | 6_wbvg | 6_erbbauv | 19_schuldranpg | 16_wpapg,,6299
gerlerb_v2,607,138_bgb,138_bgb | 142_inso | 59_vwvfg | 58_sgb_10 | 105a_bgb | 893_bgb | 221_sgb_9_2018 | 71a_aktg | 11_flugbelwertv | 20_tamg,1.0,1
gerlerb_v2,608,535_bgb,535_bgb | 536c_bgb | 567a_bgb | 554_hgb | 566_bgb | 566e_bgb | 545_bgb | 553_hgb | 575_bgb | 566a_bgb,1.0,1
gerlerb_v2,611,115_fgo,115_fgo | 161_sgg | 36_fgo | 134_vwgo | 133_vwgo | 132_vwgo | 219_beg | 116_fgo | 107_wipro | 145_brao,1.0,1
gerlerb_v2,612,115_fgo,133_vwgo | 115_fgo | 36_fgo | 116_fgo | 549_zpo | 719_zpo | 335_stpo | 139_vwgo | 160a_sgg | 342_stpo,2.0,2
gerlerb_v2,615,4_patg,24_patg | 6_patg | 10_patg | 23_patg | 53_patg | 1_biomathintv | 34_patg | 4_intpat_bkg | 7_patg | 40_patg,,228
gerlerb_v2,617,21b_betrvg,33_ebrg | 21_betrvg | 13_sptrug | 32_ebrg | 64_bnoto | 37_ebrg | 37_betrvg | 25_sebg | 92_aufenthg_2004 | 25_scebg,,39920
gerlerb_v2,618,87_betrvg,8_wpivergv | 11_wpivergv | 99_betrvg | 7_wpivergv | 15_entgtranspg | 102_betrvg | 3_kschg | 96_betrvg | 17_kschg | 14_entgtranspg,,367
gerlerb_v2,619,154_stpo,69_istghg | 2_ruastrghg | 2_yugstrghg | 154_stpo | 4_jgg | 206a_stpo | 259a_inso | 5_seerverto_1986 | 205_stpo | 207_stpo,4.0,4
gerlerb_v2,620,406_stpo,406_stpo | 81_owig_1968 | 231a_stpo | 239a_stgb | 329_stpo | 330_stpo | 356a_stpo | 105_vvg_2008 | 101_vvg_2008 | 453_stpo,1.0,1
gerlerb_v2,621,406_stpo,406_stpo | 257c_stpo | 406c_stpo | 239a_stgb | 369_stpo | 105_vvg_2008 | 7_kfzpflvv | 7_postschliv | 231a_stpo | 329_stpo,1.0,1
gerlerb_v2,622,261_stpo,383_stpo | 430_stpo | 244_stpo | 81_owig_1968 | 228_stpo | 270_stpo | 329_stpo | 369_stpo | 245_stpo | 225a_stpo,,22
gerlerb_v2,623,63_sg,3_bmvg-arbschganwv | 3_bshg_72dv_2001 | 19_chemg | 1_verklg | 33_sag | 30_gentg | 32_mntdbwvvdv | 14_schvg | 57c_stvzo_2012 | 23p_ezulv_1976,,197
gerlerb_v2,624,63_sg,25_sbg_2016 | 42_bbesg | 48_notaktvv | 5_sazv | 13_svg_63v | 8.13_moselschpv_1997 | 15_svg_63v | 11_svg_63v | 6_svg_63v | 60_sbg_2016,,19522
gerlerb_v2,625,31_sg,31_sg | 1__blg_2 | 21_gaststg | 1_wofg | 17_bgleig_2015 | 8_bbesg | 204_sgb_6 | 29_abgg | 14_sgleig_2024 | 9a_sgb_8,1.0,1
gerlerb_v2,626,78_sg,78_sg | 8_sag | 18_pa_g_1986 | 11_atdg | 31_zfdg_2021 | 86_aufenthg_2004 | 65_zfdg_2021 | 11_zdpersav | 12_red-g | 32_bgsg_1994,1.0,1
gerlerb_v2,627,1631b_bgb,107_sgb_12 | 5_kerzg | 159_famfg | 10_stvollzg | 5_kastrg | 18_stvollzg | 369_hgb | 1_thug | 329_famfg | 80_stvollzg,,320
gerlerb_v2,628,164_famfg,1602_bgb | 44c_intfamrvg | 164_famfg | 14a_asylvfg_1992 | 67e_stgb | 21_intfamrvg | 11_bgb | 1631b_bgb | 168g_famfg | 46_intfamrvg,3.0,3
gerlerb_v2,630,167_famfg,41_ata-ota-aprv | 22_javollzo | 272c_kagb | 172_strlschg | 97_ata-ota-aprv | 71_jgg | 2_thug | 269_kagb | 15_weinf_gewv | 11_juschg,,138
gerlerb_v2,631,167_famfg,22_javollzo | 151_famfg | 21_sgb_8 | 5_jgg | 71_jgg | 2_thug | 11_garbbano | 41_ata-ota-aprv | 167_famfg | 18d_azrg,9.0,9
gerlerb_v2,634,319_famfg,299_famfg | 13_thug | 8_erws_ag | 298_famfg | 12_erws_ag | 175_famfg | 296_famfg | 326_famfg | 319_famfg | 297_famfg,9.0,9
gerlerb_v2,635,321_famfg,1_thug | 246a_stpo | 47_offshorebergv | 14_thug | 12_erws_ag | 463_stpo | 310_famfg | 272e_kagb | 11_bimschv_41 | 11_geflpestschv,,168
gerlerb_v2,636,325_famfg,90u_irg | 8_dechpolvtrug | 22_gvgeg | 206_tkg_2021 | 95_postg_2024 | 26_ddg | 85b_irg | 87g_irg | 4_dechpolvtrug | 72_owig_1968,,12
gerlerb_v2,637,329_famfg,10_stvollzg | 329_famfg | 12_thug | 18_stvollzg | 1_thug | 15_aappo | 24_ata-ota-g | 9_thug | 152_kagb | 11_garbbano,2.0,2
gerlerb_v2,638,23_bverfgg,60_bverfgg | 97a_bverfgg | 37_rvg | 82_bverfgg | 156_markeng | 58_bverfgg | 35c_bverfgg | 47_bbaug | 109_stberg | 46a_bverfgg,,181
gerlerb_v2,639,90_bverfgg,91_bverfgg | 90_bverfgg | 95_bverfgg | 94_bverfgg | 93c_bverfgg | 34_bverfgg | 34a_bverfgg | 32_bverfgg | 93b_bverfgg | 97b_bverfgg,2.0,2
gerlerb_v2,641,93d_bverfgg,93b_bverfgg | 93d_bverfgg | 34_bverfgg | 95_bverfgg | 93c_bverfgg | 94_bverfgg | 93_bverfgg | 42_bverfggo_2015 | 93a_bverfgg | 51_gvg,2.0,2
gerlerb_v2,642,9_markeng,9_markeng | 51_markeng | 43_markeng | 120_markeng | 22_markeng | 42_markeng | 50_markeng | 14_markeng | 157_markeng | 39_markenv_2004,1.0,1
gerlerb_v2,643,43_markeng,26_markeng | 25_markeng | 42_markeng | 43_markeng | 30_markeng | 116_markeng | 55_markeng | 17_markeng | 53_markeng | 29_markenv_2004,4.0,4
gerlerb_v2,646,280_bgb,13_eeg_2014 | 280_bgb | 282_bgb | 10_gasgvv | 10_stromgvv | 37_hgb | 118_hgb | 61_hgb | 23_avbwasserv | 31_vdug,2.0,2
gerlerb_v2,649,114_zpo,23_sag | 122_zpo | 11_vollstrvtrtunag | 115_gbo | 13_lag_ndg_8 | 6_bwahlg | 1035_zpo | 144_patg | 26_gebrmg | 105_enwg_2005,,37
gerlerb_v2,651,33_gwb,162_kagb | 54_sgb_7 | 21_weing_1994 | 79_strlschg | 33_kspg | 28a_energiestv | 38b_energiestv | 15_schaumwzwstv_2010 | 16_bierstv_2010 | 16_tabstv_2010,,51454
gerlerb_v2,652,33_gwb,3_freqv | 3_bokraft_1975 | 36_kredwg | 16_sag | 58_tkg_2021 | 27_vwvfg | 514_hgb | 10_avbwasserv | 9_sg | 43_sag,,5081
gerlerb_v2,653,33_gwb,10_buchprg | 54_sgb_7 | 33_enwg_2005 | 16_sag | 32_hinschg | 162_kagb | 20_bwo_1985 | 51_stpo | 79_strlschg | 36_kredwg,,22200
gerlerb_v2,655,88_bbg_2009,133e_brrg | 142_bbg_2009 | 59_beamtstg | 7_post-azv_2003 | 107b_beamtvg | 60_beamtstg | 143_bbg_2009 | 11_bpolbg | 7_abgg | 12_azv,,809
gerlerb_v2,659,52_bbesg,59_bbesg | 18_bimag | 2_dbbatzv | 18_gad | 16_usg_2020 | 1_bdg | 353_rvo | 15_usg_2020 | 16_burlv | 52_bbesg,10.0,10
gerlerb_v2,660,1836_bgb,1836_bgb | 1863_bgb | 1868_bgb | 1864_bgb | 1_betrinasg | 1821_bgb | 1874_bgb | 1835_bgb | 1816_bgb | 1815_bgb,1.0,1
gerlerb_v2,661,286_famfg,1_betrinasg | 1816_bgb | 1819_bgb | 1863_bgb | 1_btregv | 170a_zpo | 7_vbvg_2023 | 12_btog | 21_btog | 13_vbvg_2023,,228
gerlerb_v2,668,1_invstg_2018,48_invstg_2018 | 23_invstg_2018 | 45_slv_2021 | 17_invstg_2018 | 54_invstg_2018 | 2_invstg_2018 | 45_pstv | 1_schvg | 60_auslschuldabkag | 1a_luftvg,,19
gerlerb_v2,669,4_invstg_2018,4_invstg_2018 | 38_fgo | 20_ao_1977 | 42e_estg | 19_rennwlottgabest | 34_rennwlottgabest | 40_rennwlottgabest | 28_rennwlottgabest | 13_rennwlottgabest | 34_gewstg,1.0,1
gerlerb_v2,670,5_invstg_2018,5_invstg_2018 | 37_invstg_2018 | 199_ao_1977 | 194_ao_1977 | 7_invstg_2018 | 3_invstg_2018 | 41_invstg_2018 | 23_invstg_2018 | 13_invstg_2018 | 17_invstg_2018,1.0,1
gerlerb_v2,671,5_invstg_2018,5_invstg_2018 | 13_invstg_2018 | 194_ao_1977 | 7_invstg_2018 | 199_ao_1977 | 37_invstg_2018 | 14_invstg_2018 | 51_invstg_2018 | 33_invstg_2018 | 38_aoeg_1977,1.0,1
gerlerb_v2,672,5_invstg_2018,5_invstg_2018 | 4_invstg_2018 | 37_invstg_2018 | 194_ao_1977 | 7_invstg_2018 | 3_invstg_2018 | 41_invstg_2018 | 23_invstg_2018 | 13_invstg_2018 | 17_invstg_2018,1.0,1
gerlerb_v2,673,15_invstg_2018,15_invstg_2018 | 29_invstg_2018 | 2_invstg_2018 | 16_invstg_2018 | 48_invstg_2018 | 25_gewstdv_1955 | 82_strsaareg | 12a_gewstdv_1955 | 29_pflvg | 45_invstg_2018,1.0,1
gerlerb_v2,676,112_stpo,120_stpo | 72_jgg | 126_stpo | 117_stpo | 123_stpo | 84_sgb_6 | 114_stpo | 1_niederlfrhewgdg_2 | 122_stpo | 116b_stpo,,111
gerlerb_v2,678,163_stpo,29_puag | 9_schleusv | 115_ffg_2025 | 67_strlschv_2018 | 4_vsvgv | 36_puag | 18_puag | 8_ifg | 137_strlschg | 64_strlschv_2018,,4094
gerlerb_v2,680,130_patg,54_sgb_7 | 30_sag | 23_sag | 1_patkostzv_2004 | 22_sag | 6_patanwo | 14_sag | 137_patg | 8_lksg | 1_invzulg2005dv,,186
gerlerb_v2,682,116_zpo,54_sgb_7 | 30_sag | 23_sag | 162_kagb | 197a_sgg | 22_sag | 54_sektvo_2016 | 45_postg_2024 | 60_vgv_2016 | 33_kspg,,3268
gerlerb_v2,683,63_sg,15c_beschv_2013 | 6_uvpportv | 12_uzwbwg | 11_krwaffkontrgdv_2 | 14_luftsig | 2_post-azv_2003 | 6_chembioziddv | 19_zsg | 48_notaktvv | 17_zsg,,54653
gerlerb_v2,684,63_sg,60_sbg_2016 | 48_notaktvv | 5_sazv | 27b_sg | 13_svg_63v | 30_bf_v | 1_sanoffzvergv | 11_svg_63v | 8.13_moselschpv_1997 | 6_svg_63v,,22227
gerlerb_v2,685,63_sg,3_bmvg-arbschganwv | 4_bmvg-arbschganwv | 12_psychthappro | 16_psychthappro | 2_hundverbreinfvo | 51_awv_2013 | 8.13_moselschpv_1997 | 7_beamtvg_43abs3v | 34_sag | 11_krwaffkontrgdv_2,,17322
gerlerb_v2,687,54_sg,54_sg | 126_svg_2025 | 25_svg_2025 | 88_sg | 12_resg | 8_abgg | 5_resg | 4_soldurlv | 1_sg | 21_drig,1.0,1
gerlerb_v2,689,126_zpo,244_zpo | 91_zpo | 28_patanwo | 105_enwg_2005 | 352_stgb | 26_gebrmg | 144_patg | 142_markeng | 54_geschmmg_2004 | 22_geschgehg,,26
gerlerb_v2,690,387_bgb,566d_bgb | 145_zpo | 302_zpo | 322_zpo | 162_kagb | 13b_rdg | 353_rvo | 141_sgg | 45_gkg_2004 | 189_inso,,30
gerlerb_v2,691,388_bgb,352_bgb | 388_bgb | 43_rvg | 1366_bgb | 1125_bgb | 543_bgb | 344_bgb | 164_vvg_2008 | 10_bapo | 10_bt_o,2.0,2
gerlerb_v2,692,43_sg,83_svg_2025 | 8_skpersstruktanpg | 1_altgg | 25_sg | 26_fev_2010 | 39_sg | 1_persanpassg | 116_svg_2025 | 2_skpersstruktanpg | 49_sg,,153
gerlerb_v2,693,3_markeng,12a_markenv_2004 | 6_bsi-itsikv | 37_markeng | 11_markeng | 50_markeng | 121_markeng | 49_markeng | 9_markeng | 38_markenv_2004 | 8_markenv_2004,,1075
gerlerb_v2,694,8_markeng,17_markeng | 50_markeng | 8_markenv_2004 | 9_markeng | 11_markeng | 48_markeng | 26_markeng | 38_markenv_2004 | 43_markeng | 9_markenv_2004,,121
gerlerb_v2,695,32_markeng,33_markeng | 7_markenv_2004 | 36_markeng | 37_markeng | 121_markeng | 2_markenv_2004 | 32_markeng | 6a_markenv_2004 | 8_markenv_2004 | 124_markeng,7.0,7
gerlerb_v2,696,12_umwstg_1995,307_umwg_1995 | 313_umwg_1995 | 318_umwg_1995 | 72a_umwg_1995 | 308_umwg_1995 | 53_umwg_1995 | 68_umwg_1995 | 66_umwg_1995 | 316_umwg_1995 | 54_umwg_1995,,2135
gerlerb_v2,697,10a_gewstg,1_montanmitbestg | 8_mgvg | 10_mgvg | 23_fkaustg | 2_mgvg | 2_verstromg_1 | 8_umwg_1995 | 54_sgb_7 | 15b_estg | 27_umwg_1995,,2202
gerlerb_v2,698,10d_estg,313_umwg_1995 | 316_umwg_1995 | 318_umwg_1995 | 307_umwg_1995 | 72a_umwg_1995 | 308_umwg_1995 | 53_umwg_1995 | 68_umwg_1995 | 66_umwg_1995 | 54_umwg_1995,,104
gerlerb_v2,700,249_stpo,726_zpo | 191a_gvg | 418_zpo | 31_ustdv_1980 | 371_zpo | 409_hgb | 21_schvg | 2_bbu_aktfv | 415_zpo | 89d_gwb,,247
gerlerb_v2,701,249_stpo,580_zpo | 8_karbv | 313a_zpo | 248_aktg | 71_bdg | 366_famfg | 11_fovg | 106_sachenrberg | 1031_zpo | 15_fovg,,234
gerlerb_v2,702,261_stpo,229_stpo | 415_stpo | 411_stpo | 233_stpo | 453_zpo | 418_stpo | 231a_stpo | 78_markeng | 225a_stpo | 404_stpo,,26
gerlerb_v2,703,99_fgo,99_fgo | 111_vwgo | 538_zpo | 304_zpo | 301_zpo | 779_bgb | 174_ao_1977 | 89b_gwb | 130_sgg | 406_stpo,1.0,1
gerlerb_v2,706,125_ao_1977,174_ao_1977 | 574a_bgb | 73d_schregdv | 97_gbvfg | 48_vvg_2008 | 23_verlg | 175b_ao_1977 | 1366_bgb | 22_vstg_1974 | 30_grstg_1973,,274
gerlerb_v2,707,129_ao_1977,174_ao_1977 | 153_ao_1977 | 24d_berversv_2017 | 197_ao_1977 | 19d_kapausstv_2016 | 175b_ao_1977 | 138_sgg | 14_fahrlg_2018 | 32_erbstg_1974 | 5_begschlgverfv,,11747
gerlerb_v2,710,14_erbstg_1974,16_erbstg_1974 | 22_behv | 342_ao_1977 | 3_prkg | 3_vvg-infov | 32_atg | 48_sgb_5 | 32_notsang | 577a_bgb | 232a_stgb,,11
gerlerb_v2,712,550_bgb,575_bgb | 535_bgb | 109_inso | 553_bgb | 573b_bgb | 18_wobindg | 5_konsverluxv | 3_konsverluxv | 574b_bgb | 553_hgb,,17
gerlerb_v2,713,150_zvg,900_bgb | 20_zwvwv | 1_zvg | 1197_bgb | 147_zvg | 54_gkg_2004 | 322_ao_1977 | 100_bbergg | 113_bbaug | 17_gaststg,,611
gerlerb_v2,714,152_zvg,12_zwvwv | 2_wovermrg | 13_zwvwv | 150b_zvg | 1052_bgb | 2_bregentschbest | 14_zwvwv | 21_zwvwv | 150a_zvg | 18_zwvwv,,151
